Key;English;French;German;Polish;Spanish;Italian;Swedish;Czech;Hungarian;Dutch;Portuguese;Russian;Finnish;
EVTNAME50000;The New Reactionary Regime;;;;;;;;;;;;;
EVTDESC50000;The recent successful military action by reactionary cadres has caused the total overthrow of our nation’s government. Revolutionary guards organized by radicalized noblemen and clerical dissenters seized the major arteries of government in $CAPITAL$, causing most of the remaining legitimate government to flee or resign. The capital remains in a somber mood after the closure of frantic violence in the streets. Citing causes of tradition, legitimacy, the ancestral faith, and the divinely ordained order, they have rolled back political and social privileges dramatically. The parliament has been suspended, and rapidly a number of edicts restoring the old nobility and church to positions have been promulgated. This will be sure to cause domestic unrest, as well as has destabilized our position abroad as local governments attempt to regularize relations with the new regime. It remains to be seen how this will affect the development of our country long term. ;;;;;;;;;;;;;
EVT50000OPTA;Reaction is the order of the day, it seems.;;;;;;;;;;;;;
EVTNAME50001;The New Theocratist Regime;;;;;;;;;;;;;
EVTDESC50001;The recent successful seizure of power by the theocratist paramilitary faction in $CAPITAL$ has affected a radical transformation of our state. After the brutal capture of the city, the theocratists forced a mass resignation of most officials, and performed a couple of particularly brutal religious killings of a number of non-compliant social activists and former governmental elites. They have rapidly set up a parallel bureaucracy as an outgrowth of their paramilitary faction’s political secretariat, and have quickly and violently enforced Theocratic control over much of the rest of the country though local gauleiter and collaborating clergy. Ultimately state power now rests in theory within the national theocratist synod, the collection of life-term clerics and internally elected party functionaries that head the political and military direction of the theocratist party. ;;;;;;;;;;;;;
EVT50001OPTA;I’ll see you at worship, then, fonctionnaire…;;;;;;;;;;;;;
EVTNAME50002;The New Free-Yoker Regime;;;;;;;;;;;;;
EVTDESC50002;The recent seizure of $CAPITAL$ by radical bands of 'Free-Yokers' has dramatically transformed the political constitution of our country. In their iconoclastic crusade against all symbols of privilege, aristocracy, and clericalism, they have routed the last government supporters that continued to fight and hung those which they could capture. Proclaiming the rights of the citizen-farmer and the “unfettered national spirit”, they have established a radical directorate committee to direct the “preservation of the national corps”, which has assumed most governmental powers for the time being. The central government in the meantime has passed a number of radical edicts, guaranteeing the privileges of the yeoman farmer as well as the rural laborer and the urban menu peuple, establishing labor regulation boards, grain distribution laws, encouraging anti-competitive and protective economic policies, and abolishing aristocratic privilege.;;;;;;;;;;;;;
EVT50002OPTA;Hurrah for the popular will, I say!;;;;;;;;;;;;;
EVTNAME50003;The New Absolutist Regime;;;;;;;;;;;;;
EVTDESC50003;The recent capture of our seat of government by the so-called $COUNTRY_ADJ$ Absolutist Army Faction has ushered in an age of new and shockingly different governments. Proclaiming the ‘age of the state’ begun, in the central square of $CAPITAL$, now rechristened ‘State Square’, the reconstruction of society began with the total abolition of identities beyond ‘citizen’, and it is clear that paramount leadership seems to lie in the bureaucratic secretariat or the military-political commissariate. Most state offices have either been awarded by appointment by the party leadership, or have been abolished and reshaped. Much private land has been seized as “wastage” for alternative usage, and a number of “inefficiencies, abuses, and crimes” have been abolished. It seems that in the foreseeable future our country will be under the strict and punctual leadership of a swarm of party functionaries, teachers, shop-floor managers and agricultural overseers.;;;;;;;;;;;;;
EVT50003OPTA;Why, good chap, I believe that’s quorum!;;;;;;;;;;;;;
EVTNAME50004;The Age of the State;;;;;;;;;;;;;
EVTDESC50004;Recently, a certain group of new political theorists in $COUNTRY$, stimulated, they say, by a reflection upon the perennial disorders of war, industrial recession, famine, inefficiency, have diagnosed the source of society's ills as not one of inequality or political radicalism, but one of 'anarchy'. Growing out of social liberationist speculation, they have arrived at the conclusion that despite the correct impulses of liberationism, the current state cannot correctly support its intentions. Claiming the current state is ill suited to deal with modern material civilization - the various industrial innovations that have reshaped the economic and attendant social order of the day - they propose a radical reorganization of the state along the lines of the most efficient industrial and corporate enterprises. Endorsing all reforms to rid the state of inefficiency, by means centralized planning, a needed expression of state bureaucracy, rationalization of legislation, elimination of autonomy, etc, the 'statist' ideology demands that the state itself be rationalized to save the gains of social libertarianism from the new ills of inefficiency and the vagaries of the market.;;;;;;;;;;;;;
EVT50004OPTA;Fascinating;;;;;;;;;;;;;
EVTNAME50005;The Doctrine of Absolutism;;;;;;;;;;;;;
EVTDESC50005;Ever since the increased agitation of statist reforms and political organization, a new, more virulent and extreme form of statism has emerged from a circle of intellectuals in $COUNTRY$ out of frustration with the statist impulse to compromise with and even protect Liberationist reforms. Turning their back on statism's roots as a means for the preservation of social Liberationism, they have come to suggest that the state itself is an 'absolute' good, an entity that serves no greater good than itself. They cry that the efficiency and capacity of the state must be enforced and pursued 'absolutely', with total indifference to petty squabbling and selfish demands of its constituents. This, they claim, will ultimately, and exclusively, bring true prosperity to those members of the state, unlike the illusions of other ideologies which bring only selfish gain to certain members of the state. Ultimately the absolutist impulse is a radical reformulation and indeed clarification of the purpose and even very being of the state: the state should be seen as an enterprise that succeeds or fails in the preservation and expansion of its own power, capacity, and efficiency, and nothing else.;;;;;;;;;;;;;
EVT50005OPTA;How peculiar;;;;;;;;;;;;;
EVTNAME50006;The First Theocratist Synod;;;;;;;;;;;;;
EVTDESC50006;The principles of conservatism and reaction have long languished in the doldrums of opposition and desperate compromise. Now, however, we are seeing the revival of the forces of reaction. The 'theocratist' speculators of $COUNTRY$ make radical claims: everywhere, fat and useless bureaucracies deliver grains to idle vagrants and wastrels who have been uprooted from their ancestral homes, great slum tenements have risen up in our once bright cities, the humble farmer is ruined by the slump in the prices of commodities, and mankind wallows, spiritually blighted by this atheistic age of worldly delights. And so a voice hearkens for the halcyon days of yore, when each man knew his station and worked the land of a fatherly lord. A day when each man did not indulge in strange, synthetic compounds, or interpret scriptures in his own degenerate way, but listened to the strictures of the educated priest. But how to achieve this, in such an age of markets and factories? The theocratist ideology claims that the authoritarian and centralizing implements of the modern state pioneered by statism must be employed in fact explicitly for the sake of moral edification and social order.;;;;;;;;;;;;;
EVT50006OPTA;Interesting;;;;;;;;;;;;;
EVTNAME50007;A Country Mobilized;;;;;;;;;;;;;
EVTDESC50007;Conscripts are being drafted left and right and the poor are being trained and prepared to fight. Military camps are full of fresh recruits, troops are carrying out exercises in our borders and every aspect of society and every signal the government gives seems to indicate a war is in progress, yet there's no war. This large disruption in the country's daily life is angering our population and making our neighbours increasingly wary.;;;;;;;;;;;;;
EVT50007OPTA;These are just harmless exercises.;;;;;;;;;;;;;
EVTNAME50008;A Theocratic Government;;;;;;;;;;;;;
EVTDESC50008;Recent reforms in our state have dramatically elevated the significance and constitutional role of a number of religious authorities and bodies. This preponderant influence of the clergy and faith institutions in decision making, legislation, and judgment means our state most properly ought to be described as a 'theocracy' above anything else. Gradually, through the influence of the courts and religious police, much of the nominally “secular” government has become beholden to religious authorities, and has melded into one structure. Religious discourse dominates the public sphere, and there is at this point very few who would not publicly profess the state faith. ;;;;;;;;;;;;;
EVT50008OPTA;All praise to the transcendent!;;;;;;;;;;;;;
EVTNAME50009;The Rise of a Prince;;;;;;;;;;;;;
EVTDESC50009;Recent reforms in our country have graduated centralized power around a single authoritarian personage of an aristocratic dynasty, suggesting that at this point it is probably appropriate to call our country a “princely despotate”, as per the common parlance. This creeping shift has occurred as the executive has gradually gained power by the slow removal of special ecclesiastical dominion, as well as centralized the bureaucracy in the hands of loyalist bourgeois officeholders. The effective decline of aristocratic power in active governance has weakened the parliament with the rise of the power of the prince. Local magnates and squires in the countryside are bewailing a decline in “natural liberties” and “the old constitution and our beloved commonwealth”, and clerics are warning of a “new secularism”, but it seems most subjects have quiescently accepted the augmented power of our monarch, who increasingly formalizes their power by the day, as the royal court grows more sure of itself.;;;;;;;;;;;;;
EVT50009OPTA;Well, at least it will cut down on squabbling...;;;;;;;;;;;;;
EVTNAME50010;The New Constitution;;;;;;;;;;;;;
EVTDESC50010;Our state has recently undergone a number of critical political changes related to political decentralization, corporate legislation, and aristocratic privilege, such that we might at this point call our country an “aristocratic commonwealth”. Power lies now first and foremost amongst a body of great noble proprietors collaborating in a parliamentary body. The gradual devolution of both the regional executive and judicial powers to local aristocratic magnates has enabled the graduate capture of the country by these great barons and marcher lords. While this generally bodes poorly for the serf and whatever remnants of an executive remain, most burghers and yeomen have silently accepted the changes, integrating themselves into the increasingly aristocratic structures through town charters and elective corporations. It is not long, surely, before the executive is nigh more than a figurehead, and the church is all but private property of the local lord, some are saying. ;;;;;;;;;;;;;
EVT50010OPTA;Two, or six hundred, heads, are better than one?;;;;;;;;;;;;;
EVTNAME50011;The Abolition of Serfdom;;;;;;;;;;;;;
EVTDESC50011;The practice of serfdom - land-labour bondage of all types, has been abolished in all manners in our nation. All banalities, corvee, tributes, and levies have been strictly banned. This is likely to enrage many great aristocrats and their servants, who hate to see this ancient rite disappear. They bewail the end of the bond between lord and villein, an ancient bond going far back into yore. However, these dues have long worn upon our people, and the rural folk resent greatly these impositions on their lives. Many considered these restrictions on movement, land usage, and labor sales a great drag on our economy as well. The so-called 'serf problem', which has created many dilapidated estates and rural slums, will hopefully be gradually cleared up by this effort to suppress these unjust dues, regularize our economy and land usage, and make these families a functioning part of our markets.;;;;;;;;;;;;;
EVT50011OPTA;Well, that will make these folk jolly!;;;;;;;;;;;;;
EVTNAME50012;The Abolition of Thralldom;;;;;;;;;;;;;
EVTDESC50012;The barbaric practice of thralldom - the rearing, culling, vending, driving, transhumance, pasturing, breeding, and above all consuming the flesh of hominid cattle, or ‘thralls’ has finally been abolished in our country. This will greatly enrage all traditionalists of various types - great landowners, wretched yeomen, and consumers with a certain taste for man flesh. Nonetheless, its quite clear that this clumsy and strange practise was a great drag on our economy and our moral decency as a state. Now these able bodies folk will surely be free to join the economy, and we will no longer have the stain of near-cannibalism on our consciousness.;;;;;;;;;;;;;
EVT50012OPTA;Social progress, they call it!;;;;;;;;;;;;;
EVTNAME50013;$FROMCOUNTRY_ADJ$ Winds;;;;;;;;;;;;;
EVTDESC50013;$MONARCHTITLE$, the $FROMCOUNTRY_ADJ$ ambassador has presented us with news from the $UNION_ADJ$ Congress. $FROMCOUNTRY$ has accepted the $UNION_ADJ$ crown, and proclaimed themselves the one true $UNION_ADJ$ nation. These winds of change will be hard to resist.;;;;;;;;;;;;;
EVT50013OPTA;Long live the $UNION_ADJ$ people!;;;;;;;;;;;;;
EVT50013OPTB;We will not have our ancestral rights infringed!;;;;;;;;;;;;;
EVTNAME50014;The $FROMCOUNTRY_ADJ$ Congress;;;;;;;;;;;;;
EVTDESC50014;EVTDESC11100;A rising tide of nationalism within greater $CULTURE_GROUP_UNION$ has toppled the government in $FROMCOUNTRY$. A congress of nationalistic revolutionaries has been convened, with representatives from all of $CULTURE_GROUP_UNION$, which has decreed that the time is right for the nation to unite under one banner. The congress has offered the crown of this united $CULTURE_GROUP_UNION$ to us. We could accept the offer, but doing so would cause international alarm, and require us to compensate the revolutionaries politically.;;;;;;;;;;;;;
EVT50014OPTA;Hurrah!;;;;;;;;;;;;;
EVT50014OPTB;I will not accept a crown from the gutter.;;;;;;;;;;;;;
EVTNAME50015;A Scandal of the Past;;;;;;;;;;;;;
EVTDESC50015;It has been about a decade since we stacked the upper house with loyal partisans, and though the memory this scandal still remains among the minds of few, the general public has moved on and seemingly forgotten about it.;;;;;;;;;;;;;
EVT50015OPTA;Whew!;;;;;;;;;;;;;
EVTNAME50016;$FROMCOUNTRY$ Has Requested a Grant!;;;;;;;;;;;;;
EVTDESC50016;The $FROMCOUNTRY_ADJ$ nation has requested a sum of money from any nations willing to fund them.;;;;;;;;;;;;;
EVT50016OPTA;Deny Request;;;;;;;;;;;;;
EVT50016OPTB;We Can Afford 50,000¤;;;;;;;;;;;;;
EVT50016OPTC;We Can Afford 100,000¤;;;;;;;;;;;;;
EVT50016OPTD;We Can Afford 250,000¤;;;;;;;;;;;;;
EVT50016OPTE;We Can Afford 500,000¤;;;;;;;;;;;;;
EVTNAME50017;$FROMCOUNTRY$ Defaults in Defiance of our Military!;;;;;;;;;;;;;
EVTDESC50017;I pledge you, I pledge myself to a new deal for the $FROMCOUNTRY_ADJ$ people. Let us here assembled constitute ourselves prophets of a new order of competence and courage. This is more than a political campaign, it is a call to arms...\n\nA spokesperson of the $COUNTRY_ADJ$ government was quoted saying as the matter of the $FROMCOUNTRY_ADJ$ debt exploded in the press. They went bankrupt again, defying previous treaties and now there's talk of military intervention to make sure we will get paid.;;;;;;;;;;;;;
EVT50017OPTA;We are ready to move from the conference to the battlefield table.;;;;;;;;;;;;;
EVT50017OPTB;Issue an official declaration forgiving their debt.;;;;;;;;;;;;;
EVTNAME50018;$FROMCOUNTRY$ Defaults!;;;;;;;;;;;;;
EVTDESC50018;Any lack of confidence in the economic future of $FROMCOUNTRY$ is foolish, the $FROMCOUNTRY_ADJ$ ruler was quoted as saying, "I do not believe that the power and the duty of the $FROMCOUNTRY_ADJ$ Government ought to be extended to the relief of individual suffering.... The lesson should be constantly enforced that though the people support the Government, the Government should not support the people."\n\nAs the $FROMCOUNTRY_ADJ$ defaults on their debts, the civil servants and the economy are suffering greatly from austerity measures. They owed us some money when they defaulted but since the amount is small, we wouldn't normally take any action. We can choose to act, but not forgiving such a small debt will get some worried and angry reactions from the Great Powers.;;;;;;;;;;;;;
EVT50018OPTA;$FROMCOUNTRY$ better pay their debts from now on.;;;;;;;;;;;;;
EVT50018OPTB;We will have our money back.;;;;;;;;;;;;;
EVT50018OPTC;Issue an official declaration forgiving their debt.;;;;;;;;;;;;;
EVTNAME50019;$FROMCOUNTRY$ Goes Bankrupt!;;;;;;;;;;;;;
EVTDESC50019;Wave after wave of selling again moved down prices on the Stock Exchange today and billions of Dhamaks were clipped from values. Traders surged about brokerage offices watching their holdings wiped out.... It was one of the worst breaks in history.... For a time, in the morning, the market was showing signs of rallying power.... Then new waves of selling out of poorly margined accounts started another reaction...\n\n$FROMCOUNTRY$ has gone bankrupt and defaulted on all their debts. We must use our military might if we want to safeguard our investors.;;;;;;;;;;;;;
EVT50019OPTA;The $FROMCOUNTRY_ADJ$ better pay their debts.;;;;;;;;;;;;;
EVT50019OPTB;Issue an official declaration forgiving their debt.;;;;;;;;;;;;;
EVTNAME50020;$PROVINCENAME$ Old Naval Base;;;;;;;;;;;;;
EVTDESC50020;A half abandoned leviathan stuck in the coast. That is how locals in $PROVINCENAME$ describe the decrepit facilities of the old naval base that used to be a local asset strategically important for the $COUNTRY_ADJ$ government. In truth, the naval base has been in decline for a long while and the government defaulting is just the rock bottom. Hit with a severe economic recession in $YEAR$, $COUNTRY_ADJ$ politicians in $CAPITAL$ have no money to spend on repairing and maintaining non-essential staff and facilities.;;;;;;;;;;;;;
EVT50020OPTA;A sad state of affairs;;;;;;;;;;;;;
EVTNAME50021;Overgrown Railways in $STATENAME$;;;;;;;;;;;;;
EVTDESC50021;What once was one of the arteries of $COUNTRY_ADJ$ industry, the railway in $PROVINCENAME$ fell into such disrepair that it's path is barely visible and its tracks are unusable. Economic recession has hit $STATENAME$ harshly for the last years and without money from $CAPITAL$ being invested, most of the railways in $STATENAME$ are in such a state that they will need to be rebuilt to become train-worthy again.;;;;;;;;;;;;;
EVT50021OPTA;A sad state of affairs;;;;;;;;;;;;;
EVTNAME50022;Forts Close in $STATENAME$;;;;;;;;;;;;;
EVTDESC50022;If one in $YEAR$ were to look at the state of the $COUNTRY_ADJ$ line of defences in $PROVINCENAME$, what they would see is a multitude of abandoned bases and unmanned fortifications occupied only by squatters. A fortification is something tricky to maintain - not only it needs regular assessment of the integrity of walls and gates, but also a constant supply of new armaments, supplies and tools for repair. If one of these ingredients are missing, the structures become useless and the military corps are powerless to stop decay from setting in. After several years of hardship, what is seen in $STATENAME$ is this picture, a consequence of the disastrous bankruptcy that is crushing $COUNTRY$.;;;;;;;;;;;;;
EVT50022OPTA;A sad state of affairs;;;;;;;;;;;;;
EVTNAME50023;Ancestral Swamp Farming;;;;;;;;;;;;;
EVTDESC50023;Our civilisation is a truly ancient one - for millennia our people have worked on the vast paddies and swamplands that constitute the great Poudwouvas river valley. Thousands of years of careful earthworks, dredging, canal construction, and bank reinforcement have turned our great, vast river and its mangroves into carefully cultivated fertile paddies for the harvest of riverseed and Pruub flower. Huge mud and root embankments of dense, drooping mangroves line the cuts and gullies to protect from excessive flooding, and provide channels for the barges and gondolas to gently pass through. The houses of our people lie on elegant stilts, or their mud dwellings rest safely atop vast stones moved centuries ago in forgotten engineering feats. When his majesty the Vopudwou, the celestial emperor, the very lynchpin of the world, looks upon his vast domain in the morning, when the rays of the sun kiss the paddies, he can be sure that his civilisation will be bountiful and enduring for the unending future.;;;;;;;;;;;;;
EVT50023OPTA;The great Vopudshawrish is truly eternal!;;;;;;;;;;;;;
EVTNAME50024;A Peculiar Request;;;;;;;;;;;;;
EVTDESC50024;The foreign secretary maintains, out of necessity, congress with the leading figures of industrial and imperial circles: elegant soirees hosted for the $COUNTRY_ADJ$ Settlement Society, lavish dinners with industrialists, and hundreds of subtle conversations in private dwellings. Now, however, we are informed of a most peculiar request. An adventurous sort of man, an ex-lieutenant, a self-styled explorer who’s spent time in the far east among the locals, who came into a private fortune by either smuggling, trading, or inheritance (the matter remains murky), has seemingly drummed up a lot of enthusiasm about leading a small band of reservists, thugs, and other martial men to take over some godforsaken chiefdom or other in the wild beyond, with which he seems to be somehow sordidly personally entangled, due to his travels. Most pertinently, he’s passed a request to the foreign secretary actually asking for ships and means to achieve this, promising to incorporate these lands into our state.;;;;;;;;;;;;;
EVT50024OPTA;Who is this fool? Get him out of here!;;;;;;;;;;;;;
EVT50024OPTB;We can provide him with funding;;;;;;;;;;;;;
EVT50024OPTC;We can provide him funding and guns;;;;;;;;;;;;;
EVT50024OPTD;We can provide him with the boats, the funding and the guns!;;;;;;;;;;;;;
EVTNAME50025;The Filibuster Succeeds!;;;;;;;;;;;;;
EVTDESC50025;About fourteen months ago, our foreign office and exchequer, for better or for worse, provided a soldier of fortune with means to make himself master of a small undeveloped region beyond our shores. His unkempt soldiers shuffled into their vessels in an unspectacular way, and with little fanfare left our wharfs for distant shores, to scant notice outside of certain circles. Staggeringly, however, we have just received a formal communique from this man who informs us that he and his men have mastered this distant land, and established a small colonial government. He wishes to hand over a government of ‘protectorate’ to the colonial office, in exchange only for a number of handsome concessions on commercial prospects and trading regions, and large parcels of land for himself and his soldiers, as well as a small lifelong stipend from the state. It’s better to have such an ambitious man overseas, anyhow, says the minister of the interior.;;;;;;;;;;;;;
EVT50025OPTA;Hoorah!;;;;;;;;;;;;;
EVTNAME50026;The Filibuster Fails!;;;;;;;;;;;;;
EVTDESC50026;It has now been over fourteen months since we last heard from this adventurer. Rumor has it that he and his men were eaten alive by beast-men in Shobgizob, or vanquished in battle in some cursed desert in Bafozh, or simply destroyed by a great ocean storm before they had even stepped foot on foreign lands. Regardless, it is safe to assume that this adventurer and his men are long dead, our money wasted, and our officials made to look foolish for ever trusting this soldier of fortune.;;;;;;;;;;;;;
EVT50026OPTA;Never again will I trust another fool with an expensive dream!;;;;;;;;;;;;;
EVTNAME50027;The Treacherous Adventurer;;;;;;;;;;;;;
EVTDESC50027;About fourteen months ago, someone, surely sacked now, in the government made the dubious call to provide a roguish and dashing fellow with the substantial means to master a small overseas region for our own colonial aggrandizement. Now, however, we are receiving reports that while this chap did manage to make himself master of this region, he has been decidedly silent in communicating with our government, and is actually styling himself as a local king after intermarrying with local nobility! Him and his thugs have made themselves the effective elites of the region, and have even had the gall to begin encouraging settlements from our mainland! While he has managed to extend the norms of our government across the region, all in all it is a huge embarrassment for the foreign office to have this little tyrant renege on his promises to hand over governance and to continue to live as a prince on our dime!;;;;;;;;;;;;;
EVT50027OPTA;This blackguard and his rogue state must be brought to justice!;;;;;;;;;;;;;
EVTNAME50028;Demand a Colonial Concession!;;;;;;;;;;;;;
EVTDESC50028;The colonial frontier is always a flexible thing - indeed, all frontiers and borderlands are. Porous and shifting, these regions admit the passage of settlers, traders, laborers, ranchers, trappers, and the border itself encourages the mercenary trade, the suttler’s trade, and the development of mixed frontier communities. However, sometimes these territories can ignite into great conflagrations of tension. This is what happened recently at one of our colonial borders - it’s not exactly clear what has happened, but it appears some movement of settlers has provoked a raid of a sort that ended in massacre. Local gazetteers are crying out for blood, and settler violence has already flared up in an alarming way. The local colonial governor is actually recommending sending soldiers to take over and pacify the bordering region to prevent excesses, establish a new secure frontier, and address all regional security concerns.;;;;;;;;;;;;;
EVT50028OPTA;Their lands will fall under our banner!;;;;;;;;;;;;;
EVT50028OPTB;This is simply not possible at this moment;;;;;;;;;;;;;
EVTNAME50029;Forcefully Establish a Protectorate!;;;;;;;;;;;;;
EVTDESC50029;The colonial frontier is always a flexible thing - indeed, all frontiers and borderlands are. Porous and shifting, these regions admit the passage of settlers, traders, laborers, ranchers, trappers, and the border itself encourages the mercenary trade, the suttler’s trade, and the development of mixed frontier communities. However, sometimes these territories can ignite into great conflagrations of tension. This is what happened recently at one of our colonial borders - it’s not exactly clear what has happened, but it appears some movement of settlers has provoked a raid of a sort that ended in massacre. Local gazetteers are crying out for blood, and settler violence has already flared up in an alarming way. The local colonial governor is actually recommending sending soldiers to take over and pacify the bordering region to prevent excesses, establish a new secure frontier, and address all regional security concerns.;;;;;;;;;;;;;
EVT50029OPTA;This will make a fine addition to the empire;;;;;;;;;;;;;
EVT50029OPTB;This is simply not possible at this moment;;;;;;;;;;;;;
EVTNAME50030;The Raid on the Mountain;;;;;;;;;;;;;
EVTDESC50030;The progressive sophistication of the state, theories of negotiation with the primitive mind, and increasing access to inhospitable regions due to modern technology has created a great amount of tension over the barren Sithit desert. This largely inhospitable empty region is mainly dominated by Sithit wastelanders and their thralls, Vewugi mullahs, and strange desert fauna. Nonetheless, the potential security issues with another power controlling it has brought this issue to the forefront of political debate on our frontier. Happily, however, it seems the situation has resolved itself! The Gashdzii marcher lords of the western reaches have staged what is already being called ‘Gibbalobba’s Raid on the Mountain’: a wild band of Gashdzii soldiers of fortune made their way deep into the center of the desert to the great lone mountain, stormed the primitive Sithit fortress city, and declared themselves Lords. However, facing native resistance, they are seeking state reinforcements to guarantee their power…;;;;;;;;;;;;;
EVT50030OPTA;How convenient. Send an emissary and a detachment of soldiers. ;;;;;;;;;;;;;
EVTNAME50031;Occupation of the Dheduhd;;;;;;;;;;;;;
EVTDESC50031;The Dheduhd region to our north has long been the purview of slavers, political exiles, and religious extremists. While nominally within our 'borders', populated by tribesmen and itinerant bedouins, this region has long been pointless to control besides by mild tributary means and soft religious authority. However, recent innovations in population management and transportation technology has led to the encroachments upon desert regions around the world, and our interior ministry is concerned about security issues in this region should it fall into the hands of foreign powers. They advise the establishment of a frontier garrison to enforce an effective occupation of this region.;;;;;;;;;;;;;
EVT50031OPTA;Arrange these matters promptly, minister.;;;;;;;;;;;;;
EVTNAME50032;Diplomatic Mission under Siege!;;;;;;;;;;;;;
EVTDESC50032;News reaches us from $FROMCOUNTRY$ that the local ruling elites have thrown our ambassador out of the country, and that their troops are laying siege to our embassy with apparent intent to enforce that decision. This affair is developing into an enormous loss of international face, one which can only be avoided through a formal declaration of war against $FROMCOUNTRY$. Sire, how should we respond?;;;;;;;;;;;;;
EVT50032OPTA;To war!;;;;;;;;;;;;;
EVT50032OPTB;Call our Allies and let's make this right!;;;;;;;;;;;;;
EVT50032OPTC;We don't have the resources to waste on this.;;;;;;;;;;;;;
EVTNAME50033;The Arid Shores of Ishahfazh;;;;;;;;;;;;;
EVTDESC50033;The long stretch of coast below the temperate forests of the northern valley has for centuries been borderline impossible to inhabit, let alone govern, by all but the most hardy bedouins and their itinerant councils. Hemmed in by mountains, and a calm, shallow sea, these are some of the driest places on the planet. However, as transportation technology improves, military force advances, and government bureaucracy expands, the management of populations and regions like this becomes more and more feasible. Our predominant influence in the posts on the edge of the desert and dominance of the adjacent sea gives us a decided advantage already in projecting influence. Our interior ministry suggests establishing a number of coastal fortifications and naval outposts in the bays our sailors already frequent, and extending the frontier garrisons into the few oases of the interior. ;;;;;;;;;;;;;
EVT50033OPTA;I like the sound of this, minister.;;;;;;;;;;;;;
EVTNAME50034;$FROMCOUNTRY$ denies the divinity of the Pudwou!;;;;;;;;;;;;;
EVTDESC50034;We are receiving reports from $FROMCOUNTRY$, really no more than a wretched tributary of our empire, that they have suddenly closed the temples to the Vopudwou and have officially removed it from state doctrine that his imperial majesty is the very God of the world! This is heretical doctrine and a horrendous insult to the honor of the master of life and death and the earth and heavens! More galling, even, is that they have elevated some Pruuntish paganism to their new state cult! This act is a blatant challenge to both his majesty's honor and to the legitimacy of our regime. Truly, nothing, nothing in millenia, has brought so much shame to the people of Pruuntia and done such great disrespect to the empire. The people across the land are crying out for their emperor, and the overwhelming consensus is that these traitors must be terribly punished.;;;;;;;;;;;;;
EVT50034OPTA;Death to the snake-worshippers!;;;;;;;;;;;;;
EVT50034OPTB;It would be delusional to pretend we still hold sway there.;;;;;;;;;;;;;
EVTNAME50035;Oil Discovered!;;;;;;;;;;;;; #OIL EVENTS GO TO 50037
EVTDESC50035;Thick, slick, flammable, and above all - valuable. Since the discovery of liquid fuels for locomotives and automotive engines, and the technology to break down hydrocarbons has become more understood, the oil slicks, tar pits, and underground deposits around the world have been of increasing interest for both large firms and prospectors. In fact, a number of our provinces have suddenly become new hot spots for this activity! Whether stumbled across by a hapless mining firm trying to break new land in carbon rich soils, or by a local eccentric plumbing the land, one can see the pumps going up and the barrels slowly beginning to trickle back to our metropolitan hubs for refinement and processing.;;;;;;;;;;;;;
EVT50035OPTA;Excellent!;;;;;;;;;;;;;
EVTNAME50038;Rubber Discovered!;;;;;;;;;;;;; #RUBBER EVENTS GO TO 50039
EVTDESC50038;Gums and natural elastics have always been a useful and curious commodity. However, since the discovery of how to process natural latex and extract it from the rubber tree, there has been a great proliferation of industrial ventures towards the cultivation of this useful substance. A number of provinces in our territory have recently undergone a number of changes in production related to these development: explorers and hired mercenaries have generally invaded and graduated co-opted local populations through violence, coercion, and opportunity, to the erection of large rubber tree plantations, the effective development of which we are now seeing. Huge monoculture forests now sprawl over rolling hills, and the little whitewashed cabins of the overseers hold papers and men direct the latex down the forested paths back to our cities to processed into a thousands forms, as tyres, sealants, clothing, chemical implements, and more.;;;;;;;;;;;;;
EVT50038OPTA;Excellent!;;;;;;;;;;;;;
EVTNAME50040;A Question of Sovereignty;;;;;;;;;;;;;
EVTDESC50040;For a long time we have had paramount influence in a certain primitive nation. Our consuls maintain separate jurisdictions, the legation quarter has its own civilian and military authorities, and our large companies have exclusive monopolies over major commodities and trading districts. Our currency has rapidly taken on the role of a parallel object of exchange, and for all intents and purposes $FROMCOUNTRY$ is a subordinate part of our imperial system. However, with recent changes in the global political arena, there seems to be an annexationist fever amongst rival powers. Swathes of territory are being picked off left and right, and our merchants and missionaries are increasingly worried about $FROMCOUNTRY$ falling into foreign hands. The foreign ministry is currently drafting a proposal to proclaim protectorate over these lands and remove civilian and military authority totally into our hands.;;;;;;;;;;;;;
EVT50040OPTA;It is time for them to accept their new masters.;;;;;;;;;;;;;
EVT50040OPTB;At this moment we cannot, but perhaps in the future.;;;;;;;;;;;;;
EVTNAME50041;The $FROMCOUNTRY_ADJ$ ultimatum;;;;;;;;;;;;;
EVTDESC50041;Our country has recently fallen under the tutelage of a great power. Their functionaries, missionaries, and merchants swarm over our land. Very few citizens have gone unexposed to the tendrils of their power, and much of the civilian government has fallen under their influence. Recently, however, things have taken an alarming turn. Their consul has made a number of proposals about placing us under protectorate, and ‘reorganization’ of our army, financial structure, and proposing new judicial districts for our own courts. This would effectively annihilate any remaining scraps of independence we may have. This is a crucial time for our nation and we must be very careful if we are ready to resist this great power to save our homeland from foreign domination.;;;;;;;;;;;;;
EVT50041OPTA;With great sadness I will lay my crown upon the dirt;;;;;;;;;;;;;
EVT50041OPTB;The streets of $CAPITAL$ will run red with $FROMCOUNTRY_ADJ$ blood!;;;;;;;;;;;;;
EVTNAME50042;$FROMCOUNTRY$ refuses to become a protectorate!;;;;;;;;;;;;;
EVTDESC50042;The foreign minister reports, to great frustration, and shock that $FROMCOUNTRY$ has expelled our consulate and laid siege to our legation district! It appears they are attempting to resist our generous offer of protectorate and are now attempting to drive all our influence from the country. Local expatriate gazettes are reporting shock and horror, as missionaries are massacred, traders are hung up on gallows, and gentle folk are being stabbed in the streets by fanatical madmen! The situation has become decidedly out of our control, and the military is in a position to step in to put these regrettable upstarts in their place, and establish control of this valuable region with which for so long we have had happy and peaceful interests.;;;;;;;;;;;;;
EVT50042OPTA;Then we shall force them into submission with musket and ball!;;;;;;;;;;;;;
EVT50042OPTB;Well... let's not do anything too drastic;;;;;;;;;;;;;
EVTNAME50044;Defeated by Poumnia;;;;;;;;;;;;;
EVTDESC50044;Our recent defeat by the armies of Poumnia has left a tragic state of affairs in our country. Their savage soldiers have destroyed and sacked our capital, and they have killed not only most of our ministers, but any of the nationalistic elite in a particularly brutal series of beheadings. Any signs of Shamushi worship have been violently stamped out in their long and horrific punitive occupation, and a new collaborationist, decidedly pro-imperial elite has been installed as the new regent class. This marks an age of increased Poumnian influence in our lands, and one can feel it will be many years before the stirrings of Pruuntish identity can begin to organize themselves again after this shattering event. This war will live in infamy in the annals of Pruuntish history.;;;;;;;;;;;;;
EVT50044OPTA;We will lick our wounds...;;;;;;;;;;;;;
EVTNAME50045;Claim the Island of Ghurv?;;;;;;;;;;;;;
EVTDESC50045;This is another age of exploration: new steamships issue forward from our ports that allow our sailors to travel further, faster, and safer. Vast oceans cover the majority of our vast planet, and huge prohibitive storms have historically encouraged traders and explorers to cling to the coasts. Now, however, as ever-more liners cross distant seas, we are making a number of unexpected discoveries. Small islands reported by wrecked merchant men in the distant far east, which have appeared and disappeared from our maps for the past couple hundred years are becoming definitively known. In recent months, a small vessel of ours came across a small unclaimed set of islands, and the captain of which, after a small ceremony exchanging honors and meals with the locals, decided to claim the island in our name! It is up to us if we would like to accept these new lands into our patrimony - a new coaling station or trading outpost is attractive, but we would of course have to staff an administration.;;;;;;;;;;;;;
EVT50045OPTA;Plant the $COUNTRY_ADJ$ flag!;;;;;;;;;;;;;
EVT50045OPTB;Bah, why would we want a patch of lifeless sand in the sea?;;;;;;;;;;;;;
EVTNAME50046;Claim the Island of Taafraavsk?;;;;;;;;;;;;;
EVTNAME50047;Claim the Island of Mress?;;;;;;;;;;;;;
EVTNAME50048;Claim the Island of Njinye?;;;;;;;;;;;;;
EVTNAME50049;Claim the Island of Hrnid?;;;;;;;;;;;;;
EVTNAME50050;Claim the Island of Hun?;;;;;;;;;;;;;
EVTNAME50051;Claim the Sipdish Isles?;;;;;;;;;;;;;
EVTNAME50052;$FROMCOUNTRY$ has Razed the Great Drupe!;;;;;;;;;;;;;
EVTDESC50052;Rumors that the wretched $FROMCOUNTRY_ADJ$ have razed our holy site, the Great Drupe, have just now been proven to be true! Tens of thousands of faithful $COUNTRY_ADJ$ Vewugists line the streets of $CAPITAL$ to mourn this terrible occasion. They cry out in sorrow, confusion, and most of all, in rage! Such acts of villainy cannot be tolerated, they cry out! They demand $FROMCOUNTRY_ADJ$ blood to pay for this barbaric act!;;;;;;;;;;;;;
EVT50052OPTA;Ten thousand $FROMCOUNTRY_ADJ$ heads on pikes will line the ruins of the holy Drupe!;;;;;;;;;;;;;
EVT50052OPTB;It is a shame, truly, but what do they want me to do about it?;;;;;;;;;;;;;
EVTNAME50053;$FROMCOUNTRY$ has Razed the Great Drupe!;;;;;;;;;;;;;
EVTDESC50053;Reports have just trickled in that $FROMCOUNTRY$ has razed our Holy Drupe, a site of utmost importance in the Vewugi faith. Thousands of years of history and spiritual guidance have gone up in smoke due to this cursed war. Pious Vewugis across the nation cry out in anguish at this heinous loss. Many call for an end to the conflict that caused this, while others call for the heads of all leading officials. Whatever the future may hold for the millions of Vewugis around the world, we can be certain that never again will the light of the Great Vewug shine as brightly as it did even a few days ago.;;;;;;;;;;;;;
EVT50053OPTA;May the great Vewug guide us through this!;;;;;;;;;;;;;
EVTNAME50054;The Guiding hand of $FROMCOUNTRY$;;;;;;;;;;;;;
EVTDESC50054;It is no secret that the Yamoujoy and Maumoujoy peoples are one and the same. We speak the same language, worship the same gods, and live in the same manner! Even in our folktales, we are born as one family! When the Soil gave birth to the Sky's children, did not the Yamoujoy and Maumoujoy rise from the mud together? It has only been by the will of petty kings and dividing foreign Vewugis that we have become separate people, but now, $FROMCOUNTRY$ offers the people of $COUNTRY$ to form a union with them to finally unite our divided people. We are really in no position to refuse this offer with their domineering position over us, but their offer is kind and our people cheer loudly in the streets at the idea of a union.;;;;;;;;;;;;;
EVT50054OPTA;Brothers we shall be!;;;;;;;;;;;;;
EVT50054OPTB;You're no brother of mine, $FROMCOUNTRY_ADJ$ swine!;;;;;;;;;;;;;
EVTNAME50055;$PROVINCENAME$ Cored!;;;;;;;;;;;;; #$PROVINCENAME$ recognized as an integral part of $COUNTRY$!
EVTDESC50055;It has been long since $PROVINCENAME$ was added to our mighty domain. Many of our people now reside here and call $PROVINCENAME$ home. Both domestically and internationally $PROVINCENAME$ is referred to as an integral part of $COUNTRY$, without scrutiny or debate.;;;;;;;;;;;;;
EVT50055OPTA;Excellent;;;;;;;;;;;;;
EVTNAME50056;The Poumnian Demand!;;;;;;;;;;;;;
EVTDESC50056;The time that many $COUNTRY_ADJ$s have feared would come has now finally come. The Poumnians, who for long have meddled in our affairs, seized our treasures, and yoked our people to their plows, have now officially demanded we become their protectorate. If we refuse, it will surely result in a swift invasion, the deaths of thousands, and the complete destruction of Aaykeum.;;;;;;;;;;;;;
EVT50056OPTA;We will submit;;;;;;;;;;;;;
EVT50056OPTB;Let them come!;;;;;;;;;;;;;
EVTNAME50057;International Sanctions;;;;;;;;;;;;;x
EVTDESC50057;Our outrageous warmongering has finally provoked a response from large powers around the world. A combine of international powers have declared a total trade embargo against us. Vessels trading in our ports may be seized or even sank with relative impunity, scaring most traders away from our lands, and our neighbors have closed their borders to us.;;;;;;;;;;;;;x
EVT50057OPTA;This is worrying;;;;;;;;;;;;;x
EVTNAME50058;International Sanctions Lifted;;;;;;;;;;;;;x
EVTDESC50058;Time has passed, and finally the international campaign of sanctions against us has ended. Merchants now trade freely with us, and cargo trains are once again rolling across our borders.;;;;;;;;;;;;;x
EVT50058OPTA;May this dark period be forgotten;;;;;;;;;;;;;x
EVTNAME65006;Regency;;;;;;;;;;;;;x
EVTDESC65006;With the untimely death of our monarch, and the minority of our heir, a new regent has come to power to guide the little autocrat through their minority. We will see how this affects our country's fate.;;;;;;;;;;;;;x
EVT65006OPTA;These are strange times;;;;;;;;;;;;;x
EVTNAME65007;Highly Influential Spouse;;;;;;;;;;;;;x
EVTDESC65007;Our current monarch is known to be desperately besotted with their spouse. Whether though political adroitness, sexual mystique, or some are even saying, occult influences, it is unquestionable that the royal consort is exercising great influence over our country and is the "power behind the throne".;;;;;;;;;;;;;x
EVT65007OPTA;We must watch this one with caution;;;;;;;;;;;;;x
EVTNAME65008;New Favored Advisor;;;;;;;;;;;;;x
EVTDESC65008;A certain courtier has gained a vast amount of control over our monarch's favours and seems to have their ear on matters of state. This 'Royal Favourite' is arousing great resentment, as they seem to be the new paramount leader of our state.;;;;;;;;;;;;;x
EVT65008OPTA;We must watch this one with caution;;;;;;;;;;;;;x
EVTNAME65009;Internal Fued in Faction;;;;;;;;;;;;;x
EVTDESC65009;Our ruling party, which maintains pratical dominance over the state through a system of parasitism and managed elections, has recently undergone an internal party struggle. Their opaque dealings are hard to follow, but it seems a new paramount leader has arisen, monopolising a number of key appointments both inside the party and the formal state bureaucracy.;;;;;;;;;;;;;x
EVT65009OPTA;What will their new agenda be?;;;;;;;;;;;;;x
EVTNAME65010;Leader Killed in Private Feud!;;;;;;;;;;;;;x
EVTDESC65010;Shockingly, our leader has been killed in what seems to the result of a private feud! It might have been a crime of passion, or a revenge killing for some old wrong, but the perpetrators seem to have nothing to do with any of the major rival political factions which were at once suspected.;;;;;;;;;;;;;x
EVT65010OPTA;These are strange times;;;;;;;;;;;;;x
EVTNAME65011;New Party Leadership!;;;;;;;;;;;;;x
EVTDESC65011;The ruling party of our state is practically synonymous with the state itself, ruling through a delicate system of party-internal appointments, managed nominations, etc. This means that any internal party change is pratically a change within our state. The previous chairperson of the party exited their role yesterday, and today the general party congress has elected a new leader, who is quickly emerging as the new paramount leader of our society.;;;;;;;;;;;;;x
EVT65011OPTA;What will their new agenda be?;;;;;;;;;;;;;x
EVTNAME65012;Military Ousts Current Leader!;;;;;;;;;;;;;x
EVTDESC65012;In a shocking turn of events in $CAPITAL$ today, the military marched on the executive centres of power and forced our leaders to resign. There are no signs of them, and who knows what is to become of them. In the meantime, the military has put forward an 'acting' leader, who seems to be, for the time being, in 'charge', but many question if it is really the top brass of the army calling the shots.;;;;;;;;;;;;;x
EVT65012OPTA;These are strange times;;;;;;;;;;;;;x
EVTNAME65013;New Dominant Faction!;;;;;;;;;;;;;x
EVTDESC65013;Our ruling party, which maintains pratical dominance over the state through a system of parasitism and managed elections, has recently undergone an internal party struggle. Their opaque dealings are hard to follow, but it seems a new paramount leader has arisen, monopolising a number of key appointments both inside the party and the formal state bureaucracy.;;;;;;;;;;;;;x
EVT65013OPTA;What will their new agenda be?;;;;;;;;;;;;;x
EVTNAME65014;Military Ousts Current Leader!;;;;;;;;;;;;;x
EVTDESC65014;In a shocking turn of events in $CAPITAL$ today, the military marched on the executive centres of power and forced our leaders to resign. There are no signs of them, and who knows what is to become of them. In the meantime, the military has put forward an 'acting' leader, who seems to be, for the time being, in 'charge', but many question if it is really the top brass of the army calling the shots.;;;;;;;;;;;;;x
EVT65014OPTA;These are strange times;;;;;;;;;;;;;x
EVTNAME50059;Free-Yoker Agitation;;;;;;;;;;;;;x
EVTDESC50059;It began quietly but now it has become a major problem. Over the previous decades, our society has seen the steady formation of a broad, underground, free-yoker movement. From secret societies in the cities, taking the usual cryptic names that international liberationism does, like ‘Dancers’ and ‘Boar-Merchants’, to clandestine rural meetings on moonlit fields by stolid rustics, there has become established a dangerous network of free-yoker agitators. And now, in recent months, the problem seems to be coming to a head. It’s not clear exactly why it began, but early protests quashed by the gendarme have now broken out into large-scale civilian resistance. Everywhere they drag their feet: the fields go unharvested, the yarn unspun, the stones uncut - everywhere they scorn authority: they assault policemen, they loot manors, they riot in the square and they even raid prisons - and worse still, everywhere they call for change: they are organising region councils, they are calling for the estates to assemble, and they are calling for the old order to be abolished.;;;;;;;;;;;;;x
EVT50059OPTA;Damn these rabble-rousers!;;;;;;;;;;;;;x
EVTNAME50060;Free-Yoker Agitation Ends;;;;;;;;;;;;;x
EVTDESC50060;Finally, the period of Free-Yoker agitation seems to have ended in our country, and we seem to be passing back into an era of relative political disinterest, and domestic harmony. It’s not clear what exactly has brought this about either - perhaps it has been rising economic tides, new interests overseas, successful concessions, or the successful repression and deportation of the worst troublemakers by our security forces. In any case, our society has weathered this period of unrest and we can expect, hopefully, greater calm and unity in the future.;;;;;;;;;;;;;x
EVT50060OPTA;Thank Goodness!;;;;;;;;;;;;;x
EVTNAME50061;Yokers take control of province!;;;;;;;;;;;;;x
EVTDESC50061;It seems that the broader free-yoker agitation has become particularly extreme in one of our provinces. A group of fanatical free-yoker agitators seem to have established dominance over the local government, and are even maintaining a local ‘citizen guard’ to keep control of the province. The area is, essentially, in open rebellion and refuses to cooperate with our government. This province is a hair's-breadth away from descending into civil conflict with the state. They are seemingly doing everything to propagate their delusional ideology: organising regional land associations, regional grain doles, breaking up great manorial estates, and even emancipating serfs. This has done nothing but stir up the populace to even greater extremism. We must quickly decide how to deal with these troublemakers in local government.;;;;;;;;;;;;;x
EVT50061OPTA;Hang the ringleaders, but allow the peasantry to keep their gains.;;;;;;;;;;;;;x
EVT50061OPTB;Hang these scum and restore order by any means necessary!;;;;;;;;;;;;;x
EVT50062NAME;Banditry in Paknâg!;;;;;;;;;;;;;x
EVT50062DESC;Paknâg is a land that has long been plagued by a tradition of social banditry. Since the disentanglement of the empire and the attendant periods of violence as borders were readjusted, Paknâg’s central position has left it a regular victim to the transit of pillaging armies. The perennial devestion, and the cruelty of the castellan lords who barely kept order in the region usually, allowed for the development of a tradition of social bandits living on the margins of society. These freebooters and warriors in previous times often lent their weapons to the defense of farming communities or worked as mercenaries abroad, but now, as the confederal Paknâg state is better able to keep order, they have merely become a menace to the east-west trade out of the south. There has been, sadly, a recent flare up on banditry in Paknâg.;;;;;;;;;;;;;x
EVT50062OPTA;What a terrible problem...;;;;;;;;;;;;;x
EVTNAME50063;Clerical Conflict in the Provinces;;;;;;;;;;;;;x
EVTDESC50063;One of the fiercest demands of the Free-Yoker movement goes back to their anti-magisterial beginnings. The end of clerical courts, law, the right to heterodox beliefs, and local congregationalism. With the background of the ongoing free-yoker agitation, this has made the usual seasonal provincial religious ceremonies a point of extreme tension. In one province in particular, a number of free yokers, uncollaborative clergy, and radical preachers have demanded that local communities be allowed to engage in divergent rites from the usual practice. The local governmental officials are refusing to allow this to happen on the grounds that it violates statutes that prescribe correct observances, but a number of our advisors suggest we must tread carefully here and consider concessions.;;;;;;;;;;;;;x
EVT50063OPTA;Grant some requests, but forbid the most extreme.;;;;;;;;;;;;;x
EVT50063OPTB;We cannot allow any sectarian lunacy in $COUNTRY$!;;;;;;;;;;;;;x
EVTNAME50064;Tensions ease in the provinces;;;;;;;;;;;;;x
EVTDESC50064;Despite the chaos afflicting our country in the form of free-yoker agitation, it seems that one in one province there has been easing of tensions. It seems the local government has made an effort to drum up fear around the chaos in other provinces, and it seems people have come to believe there are roving bands of irreligious bigots who are frothing at the mouth, eager to pillage their fields. Particularly, the government has deemed it wise to attempt to support a few further proposals to try to divert social unrest to other fears and concerns. Local reactionaries are attempting to organise a provincial militia to defend against the chaos in other provinces, and the government has attempted to organise efforts towards relief in the fluctuating grain market, to quash rural discontent. ;;;;;;;;;;;;;x
EVT50064OPTA;Encourage the militia's efforts - that will keep them busy!;;;;;;;;;;;;;x
EVT50064OPTB;Encourage the relief efforts - we must avert violence.;;;;;;;;;;;;;x
EVTNAME50065;Shock and Horror in the Provinces!;;;;;;;;;;;;;x
EVTDESC50065;Recently, as a consequence of the free yoker agitation afflicting our land, tensions have boiled over in an extreme way in the provinces. It’s not exactly clear how things developed, but an encounter between soldiers of the state, a number of reactionary elites and their servants, and armed townsfolk developed into a bloodbath. The melee, more than a battle, seems to have involved a brutal and chaotic fight that left a number of soldiers, prominent landowners, and several villagers dead. Both sides, it seems, both claim victory and claim to be the victims of a heinous massacre that left them routed. The whole province then seems to have exploded into low grade violence: several manors were pillaged, a village or two was set upon by brutal soldiers, and the governor has fled to the capital. As the situation stands now, the province is on a knife’s edge.;;;;;;;;;;;;;x
EVT50065OPTA;Good heavens!;;;;;;;;;;;;;x
EVT50066;The Treaty Port of Niiz Moji;;;;;;;;;;;;;x
EVTDESC50066;Niiz Moji, or ‘Gold Port’ is the oldest continuously established Gashdzii possession on the great mainland of Kovazh. Acquired in 1089 by a concession of Qooxib Emperor Ohadh-Bohen Qamo III, a perpetual charter to trade free of duties was granted to the Jiishanâgi South Seas Trading League. The Merchants had long kept an informal residence in cities on the great delta, but now they began building a fortress to protect against the violence of Poumnian rival trader-governors, who often employed the imperial garrisons of Mra-Ouswun in the interest of private profit. However, Niiz Moji’s proximity to the Imperial capital and its place on the river allows for supreme access to the trade of Qooxib and its interior, allowing it to eclipse the older Poumnian traders. Nowadays, Niiz Moji is a byword for lucrative profit, and has grown into a teeming metropolis boasting of over 200,000 residents, with elegant gardens on the river deltas, proud walls, and sober townhouses.;;;;;;;;;;;;;x
EVT50066OPTA;'Tis a handsome place, indeed.;;;;;;;;;;;;;x
EVT50067OPTA;Hurrah for House Shoummid!;;;;;;;;;;;;;x
EVT50068OPTA;Why, just splendid views!;;;;;;;;;;;;;x
EVT50069OPTA;I just love to watch the sun set here, dear chap.;;;;;;;;;;;;;x
EVT50067;The Factory of Mra-Ouswun;;;;;;;;;;;;;x
EVTDESC50067;Mra-Ouswun, or ‘Fort Mra’ is the oldest Ishahfazhi possession on the Kovan mainland. It meaningfully consists of the trading factory and settlement of Mra, begun in 1045 on the orders of the Viceroy-General Ashou Sha-Shoummid, an adventurous scion of House Shoummid, who was that time the ‘Viceroy of the Pudwou in the Southern Continent’. A fine title for a man who was not much more than a merchant in the Qooxibi capital, but he nominally held the power to dispense justice to Poumnian subjects in all of Mainlanz Kovazh. Employing private levies to aid against a Soxupappi revolt, he impressed and gained the favour of Odadh-Bohen Qamo II, who granted him extraterritoriality and allowed him to build a fort, as a nominal ‘vassal’ of the Qooxib. This factory station gradually became a great trading town, was granted independence of the Qooxib, and is still a fief of House Shoummid.;;;;;;;;;;;;;x
EVT50068;The Factory of Niiz Jadhov;;;;;;;;;;;;;x
EVTDESC50068;Old Niiz Jadhov, ‘Kingsport’, is a commanding Vokonazhi factory in the land of the Ourrhond, the great monarchy of central Kovash. This aristocratic confederacy, fraught by regular internal conflict, nonetheless yields great trade goods, with carved furniture made from the lumber of the rich woodlands that dot the plains, ivories from the great beasts of Kovazh, and precious objects made by the locals. Niiz Jadhov was established in 1167 by a number of intrepid Vokonazhi traders who took advantage of a civil conflict between local tribesmen in the local region and its lord, Hana Birhim. Delicately balancing various loyalties between the distracted locals, the fort was satisfactorily risen, and became a great holdfast for Vokonazhi trading in the area. Eventually a smaller inland fort was raised, which attracted the local manufacturing community. Niiz Jadhov boasts of the headquarters of the Imperial Kovan Trading Company, nominally granted by the Emperor in Pashdzii.;;;;;;;;;;;;;x
EVT50069;The City of Niiz Kan;;;;;;;;;;;;;x
EVTDESC50069;Niiz Kan is the premier Gashdzii trading port in the west of Kovazh. Established by Ishnapt Tea Company charter in 1160, its key figure is intrepid Bida Kazak, a trader originally based in the island of Rouxaem. Kazak settled a fertile stretch of coast with a hope to plant his own tea crops - he married a local Chobaji heiress and added to his fortune a number of large estates nearby. Shockingly, he and his wife both were buried after the fashion of the Vewugist. A community began to grow around this settlement, attracting goods brought down the coastal road. Until 1221, however, the main Gashdzii trading settlement in the area, Anzhapt, was on the southern delta, but in 1221 the new Emperor declared the expulsion of all foreigners from the delta, and riotous violence drove many Gashdzii north, eventually to hybrid Niiz Kan. The city survived the failure of the Ishapt Tea Company in 1241, and was given a responsible government by the Parliament in Nozho.;;;;;;;;;;;;;x
EVT50070;Decline of Former Treaty Port;;;;;;;;;;;;;x
EVTDESC50070;Our recent acquisition of a city once owned by overseas powers with exclusive trade charters has caused a regrettable, but not unexpected decline in the trading power of that city. Our proximity to this land, and the revocation of exclusivity charters has effectively removed whatever value was generated by these special privileges. The region has now shifted its production and exports to only local goods.;;;;;;;;;;;;;x
EVTOPTA50070;Well, it was to be expected...;;;;;;;;;;;;;x
EVT50071;Booming Treaty Port;;;;;;;;;;;;;x
EVTDESC50071;Since we have acquired a certain treaty port on foreign shores, it has now become a booming trading metropolis! It houses vast amounts of merchants, longshoremen, keelmen, factors, agents, secretaries, and other attendants of the shipping trade who work to pull value and goods out of the continental interior. Its proud warehouses owned companies around the world gleam bright in the sun, its great docks boast of ships from all around the world, and, above all, it generates lucrative revenue.;;;;;;;;;;;;;x
EVTOPTA50070;Excellent!;;;;;;;;;;;;;x
EVT50072;The Kovazh Carrying Trade;;;;;;;;;;;;;x
EVTDESC50072;The lands of east Kofazh are dominated by the two great Momurist empires: Imperial Qooxib and aristocratic Ourrhond. These two lands are some of the most populous states in the world, and the great rivers they lie upon, most primarily the Caigur in Ourrhond and Vetchk in Qooxib, are home to huge markets of diverse goods. While not yielding the prime silks and teas of the monsoon ridden west, the torrid lands of the east yield strange fruits, fine pelts, mountains of spindleweed, well-spun cloths, sturdy and elegant furniture and pottery, and many ornate luxuries. These lovely goods are much coveted by the people of Ishahfazh, and our ports in the south east are great trading hubs for this wonderfully profitably carrying trade. Recently, in fact, it seems this trade is booming!;;;;;;;;;;;;;x
EVTOPTA50072;Oh - Haul, boys, haul!;;;;;;;;;;;;;x
EVT50073;The Good Old Ishnapt Tea Trade;;;;;;;;;;;;;x
EVTDESC50073;The Great Ishnapt Ocean, the largest on our planet, brings temperate rainstorms to the coasts of the southern continent, Kovazh. Drenched in warm mist, the rolling plains grow the finest tea known to the world. For centuries Ishahfazi merchants have been crossing the Zhibom, the calm shallow sea ringed by the great continents, to the lands of the Chobajhi and the Ftemioq for tea. Our outposts on the western coasts, recently, have been thriving: the tea trade seems to be booming, and our agents and factors can’t find enough tea in the mainland to meet the consumer demand for this fine tea at home and abroad!;;;;;;;;;;;;;x
EVT50073OPTA;The song goes: Sirrah, we brough' ten tonnes of tea to Nozho from Nhanavu...;;;;;;;;;;;;;x
EVTNAME50074;Debates about Yokerism!;;;;;;;;;;;;;x
EVTDESC50074;Amidst the political chaos afflicting our country, we have enough trouble keeping the rowdy masses in line, without the recent developments in the public sphere. A number of dissident and radical intellectuals seemed to have embraced free yoker agitation, and have publicly called, whether in national newspapers, seditious pamphlets, or learned tomes, for the reform of the state and society. These ideas seem to be leaking into the broader public consciousness whether through bastardized doggerel and pulp literature playing with the concerns of the intellectuals, or chatter between the literati, intermediaries, and the masses in public settings. This seems to have inflamed desire for political reform in our society, and everywhere revolutionaries and yokers can seemingly produce the hazy rudiments of political theory and its language.;;;;;;;;;;;;;x
EVT50074OPTA;Curtial these publications and arrest these godforsaken authors.;;;;;;;;;;;;;x
EVT50074OPTB;What harm can mere words do...?;;;;;;;;;;;;;x
EVTNAME50075;Land of Gold No More;;;;;;;;;;;;;x
EVTDESC50075;For centuries, the land of Mojifa, the ‘Gold Country’, has mined gold for its daily bread. The great mine of Dhâfkmahk ‘Mahk’s Kettle’ (it is believed ‘Mahk’ was a indigenous pagan word for the devil from long ago) yielded for nearly six centuries a steady flow of gold. It was this gold that garnished the royal jewels of the emperor in Pashdzii, the thrones of the great castellans of Vokonazh, and gave the goldsmiths of Mojifa a superb reputation. Indeed, the coins minted in the Dhâfkmahk area gave their name to the Gashdzii language’s standard word for coin through their prolific usage: Dhâmahk. But in recent years, things have looked grim. The small lodes have grown smaller, and new shafts opened up seem to be dry of gold. Indeed, there has been a recent saying in the area: ‘the kettle no longer sings’. And now the worst has happened: House Dhâfk has closed their shops, told all the workers to seek other work, and are seeking a buyer for this empty land.;;;;;;;;;;;;;x
EVT50075OPTA;O, Buzzamnan, Divine Lady of Fortune, thou turnst thy wheel blindly!;;;;;;;;;;;;;x
EVTNAME50076;A Scheme to End Foreign Impositions;;;;;;;;;;;;;x
EVTDESC50076;Throughout our history our great wealth has attracted many foreigners to trade in our lands, and throughout history we have been convinced or, recently, been forced to give the most powerful among them concessions to build fortresses, control ports, and dispense justice in their districts within our patrimony. This has for centuries never been much of a concern to our elite: we grant our diverse subjects many privileges, and concessions to foreign merchants has just been an accommodation to what was, in the eyes of our state, another sort of subject. However, in recent years our people have rankled at the imposition of these trading posts. As we learn more about the global economy and the states of the foreign powers, it now seems a humiliation to have granted concessions. A number of patriotic radicals have thus come to our government with a proposal: provide them with arms and smuggle them into a treaty port, and they will incite a riot and take it over for us!;;;;;;;;;;;;;x
EVT50076OPTA;Excellent, equip them with what they need!;;;;;;;;;;;;;x
EVT50076OPTB;Are you joking? And risk futher imperialist action?;;;;;;;;;;;;;x
EVTNAME50077;Chaos in Kovazh!;;;;;;;;;;;;;x
EVTDESC50077;In our concession territory in the $FROMCOUNTRY$ it seems the unbelievable has happened. What began as seemingly a protest against the treatment of local coolies, developed into a firefight at the state house, and, after some street fighting, rioting, and violence for several hours it seems a collection of agents from $FROMCOUNTRY$ have conspired to control the town and in fact are proclaiming themselves representatives of the $FROMCOUNTRY_ADJ$ government! Our informers and spies in $FROMCOUNTRY$ say that this is indeed very likely the case. The foreign office is livid - we are, they say, basically at war with $FROMCOUNTRY$ and must employ military force to recover our concession, as well as teach them a lesson for their audacity!;;;;;;;;;;;;;x
EVT50077OPTA;This will not go unpunished!;;;;;;;;;;;;;x
EVT50077OPTB;This sounds very expensive to deal with...;;;;;;;;;;;;;x
EVTNAME50078;Dangerous Plots in $FROMCOUNTRY$;;;;;;;;;;;;;x
EVTDESC50078;§RNOTE: This enables demand concession CBs against the large, settled empires of Kovazh, the Qooxib Empire, Ourrhond, the Pusenetos of the Great Khan, the Nhuiqourran Empire, and the Fazhri Chrur, for ALL civilized countries that have the techs Nationalism and Particularism, Machine Guns, and Medicine.§! There has been much consternation in the foreign office recently. Our spies in $FROMCOUNTRY$ have whispered the outline of a plot offered to the $FROMCOUNTRY_ADJ$ government to sneak into one of our treaty concessions and take it over in the name of the state! While we feel reasonably sure that the $FROMCOUNTRY_ADJ$ government declined, this speaks to a much more hostile attitude than is usually felt from the large settled empires of Kovazh. There is talk that the usual policy of ‘informal empire’ in Kovazh must be set aside and we must be willing to wage territorial war in these lands to establish military rule and tightly controlled protectorates. These murmurs seemed to have leaked to our rivals in Ishahfazh, and now there seems to be a building scramble to seize land in Kovazh lest it resist or some other Imperial power gets their hands on it!;;;;;;;;;;;;;x
EVT50078OPTA;By Jingo, we've got devils on all sides of us!;;;;;;;;;;;;;x
EVTNAME50079;Ishahfazhi designs on $COUNTRY$;;;;;;;;;;;;;x
EVTDESC50079;§RNOTE: This enables demand concession CBs against the large, settled empires of Kovazh, the Qooxib Empire, Ourrhond, the Pusenetos of the Great Khan, the Nhuiqourran Empire, and the Fazhri Chrur, for ALL civilized countries that have the techs Nationalism and Particularism, Machine Guns, and Medicine.§! Since our scheme to take over a concession treaty port, things seemed to have taken an alarming turn. Rather than acquiesce to our annexation, the foreigners have declared that they will preserve this leased land as an integral part of their empire, which seems to be far different to the treaty we originally agreed upon. Furthermore, we hear alarming rumors that military and industrial circles across Ishahfazh, observing the conflict, feel that there is both an increasing capacity to wage territorial war in Kovazh, and also a protective need to establish direct control over the continent, rather than the previous policy of indirect rule and spheres of influence. We seem to be entering an existential struggle for the integrity of our state.;;;;;;;;;;;;;x
EVT50079OPTA;The armies of the foreigners will crash upon our shores like waves upon rocks.;;;;;;;;;;;;;x
EVTNAME50080;Military Industrial Interest in Kovazh;;;;;;;;;;;;;x
EVTDESC50080;§RNOTE: This enables demand concession CBs against the large, settled empires of Kovazh, the Qooxib Empire, Ourrhond, the Pusenetos of the Great Khan, the Nhuiqourran Empire, and the Fazhri Chrur, for ALL civilized countries that have the techs Nationalism and Particularism, Machine Guns, and Medicine.§! As our state and society has advanced technologically, one hears increasing talk in military-industrial circles of establishing direct control over the large empires of the Kovan mainland. Typically our war office has avoided even discussing the idea of direct attacks on these powers, citing logistical issues of supplying a large scale land campaign against a powerful overseas foe, but we have now seemingly eclipsed these powers in military capacity. Societies like the $COUNTRY_ADJ$ Kovan Colonisation League, which have recently held a number of symposiums on topics like ‘Spindleweed Growth Opportunities on the Vetchk River’ and have invited a number of lieutenants and other officials to patronise their societies seem to exerting an influence on the thinking of our military establishment.;;;;;;;;;;;;;x
EVT50080OPTA;Something to consider, certainly.;;;;;;;;;;;;;x
EVTNAME50081;Shock and Horror in Kovazh!;;;;;;;;;;;;;x
EVTDESC50081;§RNOTE: This enables demand concession CBs against the large, settled empires of Kovazh, the Qooxib Empire, Ourrhond, the Pusenetos of the Great Khan, the Nhuiqourran Empire, and the Fazhri Chrur, for ALL civilized countries that have the techs Nationalism and Particularism,Machine Guns, and Medicine.§! A couple months ago we decided to cede a leased port back to the Kovan empire that we had it from after an underhanded subterfuge that saw us lose it. Now, however, a few of those merchants we had living there, and indeed much of the former $COUNTRY_ADJ$ expatriate community in the port have communicated to us both the regular tyranny they suffer under this despotic primitive government: floggings, imprisonment, ghastly tortures, and worse, but also of the weakness and poverty of  $FROMCOUNTRY$. Many are saying we have got to wage a proper land military campaign against these barbarians, which has plunged much of Ishahfazh into an annexationist fervor, upon hearing these reports and our rumoured intentions.;;;;;;;;;;;;;x
EVT50081OPTA;Good heavens, we've got to do something! Get the war minister!;;;;;;;;;;;;;x
EVTNAME50082;Success!;;;;;;;;;;;;;x
EVTDESC50082;Very recently we shuffled a number of agents into a previous treaty concession of ours, as part of a bid to recover control of the territory. Shockingly, things seemingly have gone off without a hitch. They staged a riot over the treatment of locals, and managed to drive the foreigners out of the state house. A few days ago they proclaimed themselves representatives of our government, and now we’ve established regular control over these territories again. The community of $FROMCOUNTRY_ADJ$ waits with bated breath about our governance, but many locals seem glad to be returned to our patrimony. ‘Tis a great day for $COUNTRY$.;;;;;;;;;;;;;x
EVT50082OPTA;Hurrah!;;;;;;;;;;;;;x
EVTNAME50083;The Holy Drupe in Sesi;;;;;;;;;;;;;x
EVTDESC50083;The ‘Drupe’ or the Drupe of the Vewug is a gargantuan, rambling temple and palace complex located in Sesi, in the Sublime Veyethu. It is the focal point of the Vewugi religion, being the alleged residence of the Vewug, the powerful spirit worshiped by the Vewugi faithful. It attracts holymen from all parts of the dominion of the Vewug, who spend many years living in the complex, and taking notes on the actions and omens of the Vewug. To stand in vigil and watch for apparitions and signs of the Vewug is typically the purview of initiated holy man, but with the advent of our liberationist government, there are cries from the people to open the Drupe to pilgrims. Intellectuals and anti-magisterialists cry out for the privilege of visiting the great master of the worldly plane, but the traditionalist clergy are dragging their feet and protesting this as an indignity upon their orders and the house of the Vewug. §RNOTE: If Sesi is occupied, foreign powers may burn the Drupe!§!;;;;;;;;;;;;;x
EVT50083OPTA;Let the Drupe be open to the faithful!;;;;;;;;;;;;;x
EVT50083OPTB;The holy men are right. We must curtail the unitiated.;;;;;;;;;;;;;x
EVTNAME50084;Our Developing Economy;;;;;;;;;;;;;x
EVTDESC50084;We are beginning to see notable changes in our economy and consequently our society. The introduction of machines for industrial production has begun to change the way the rest of society organises itself. We are seeing new sets of emerging values among the people of all classes, such as greater consumption levels, emphasis placed on thrift and saving, and new attitudes to goods and marketing. We have also seen the institutionalization of markets: a proliferation of small scale retailers, larger buying and selling firms, and informational periodicals about products. Finally, our government has adapted by showing greater interest in consumer markets. This is, one could believe, the beginning of a dramatic transformation of society. ;;;;;;;;;;;;;x
EVT50084OPTA;I see;;;;;;;;;;;;;x
EVTNAME50085;Our Rapidly Industrialising Economy;;;;;;;;;;;;;x
EVTDESC50085;Society is changing rapidly: in all parts of the world one sees the penetration of mechanised production, mobile capital, and soaring outputs. Every year our country lays down thousands of miles of railway - the tonnage of coal mined is rising exponentially - and every day millions of new bales of cloth are spun. And indeed, for all these things, there is someone to buy it! People clamour for new textiles, coal to warm their hopes, and handsome foreign Nuzhdap carried by steamship. New banking organisations are scrambling to provide capital for new firms which incorporate, under newly permitted limited liability banners, by the day. Society is transforming rapidly, and we are seeing our economy industrialise.;;;;;;;;;;;;;x
EVT50085OPTA;Curious;;;;;;;;;;;;;x
EVTNAME50086;Our Industrialised Economy;;;;;;;;;;;;;x
EVTDESC50086;Our society has undergone a staggering transformation. From a largely agrarian society grounded in pre-modern social and governmental norms, now we are truly seeing the beginning of the modern ‘economic’ hominid. The regular order of the day is mechanised production, and people have even begun to get used to the business cycle and the strange swings of production and demand. People understand how to access local markets, they buy goods, and they aspire to the dream of modern mechanized luxury. The government concerns itself greatly with maintaining the norms of the market and organising industrial production, and ‘efficient management’ is the order of the day. The dictates of the manager, the market, and the economic regulator are casual inputs that shape the institutions and values of our society.;;;;;;;;;;;;;x
EVT50086OPTA;Well, tally-ho boys, well done all around.;;;;;;;;;;;;;x
EVTNAME50087;The $CRISISAREA$ Question;;;;;;;;;;;;;x
EVTDESC50087;The $CRISISAREA$ people languish in chains, it is said. They suffer the greatest tyranny under foreign yoke, and everywhere one finds signs of their subjection. Their country has been dismembered by occupation, and surely it should stir all lovers of justice to support their cause! Recently, in fact, it seems occupied $CRISISAREA$ lands have undergone some severe turmoil. Violence and atrocities between locals and governmental elites seems to have ended in a series of well publicized and particularly grisly massacres. The press across the civilized world is crying out for a resolution to this chaos, and a number of powers are attempting to organise a conference to resolve the $CRISISAREA$ question for the time being.;;;;;;;;;;;;;x
EVT50087OPTA;The mighty $COUNTRY_ADJ$ people will have their voice heard on this matter!;;;;;;;;;;;;;x
EVT50087OPTB;More upstart savages clamoring for recognition? Count us out.;;;;;;;;;;;;;x
EVTNAME50088;The Right to the Familiar;;;;;;;;;;;;;x
EVTDESC50088;The Tehuhrite or ‘Sedentarian’ tradition is generally believed to have begun as an ideological prop from neolithic regimes in the vales of northern Ishahfazh, designed to discourage migration and to consequently promote stable tax registrars. The ‘virtues of the solid man’ were first proclaimed by the Philosopher-King Osjunnet of Gohn-Peth, and his various writings on the topic became the germ of a large corpus of Sedentarian philosophy, primarily focused on the virtues of stability, changelessness, and abstract notions of cosmic harmony and splendor. The Right to the Familiar is a traditional Tehuhrite legal tradition that allows those whose way of life has been disrupted by others, politicians or government officials to appeal to the autonomous legal-religious scholarly community for a verdict on the right to maintain traditional ways of life. With the holy man or scholar’s condemnation of the disruptions, there is usually great pressure to right these wrongs.;;;;;;;;;;;;;x
EVT50088OPTA;May the Land and Sky bless our lands.;;;;;;;;;;;;;x
EVTNAME50089;Islands of Colonial Gofakidzia;;;;;;;;;;;;;x
EVTDESC50089;It’s been a little while now since we settled the Islands south of Gofakidzia, in the ferocious reaches of the Ishnapt Ocean. Nonetheless, some hardy settlers from our metropole have gone all the way to these stormy islands to settle, and have established a few little fishing communities. A vessel that had been traveling through the Ishnapt has recently pulled into $CAPITAL$ and told us a little bit of the goings on there. They tell us of the ferocious storms that come down from the north, and that the settlers and native Mjhm’an (the ‘Bibs’ as our Gashdzii call them) build their fanzas and cottages on the lee sides of the mountains that tower out of these islands. They tell us of the strange, pygmy fatty molluscs that the settlers fish for in the northern waters, and the chewy roots grown there. In sensible Gashdzii fashion, the settlers have taken to calling the Islands ‘Dozmâzhfâ’ and ‘Guzmâzhfâ’, north and south’s land. The Admiralty proposes updating our maps.;;;;;;;;;;;;;x
EVT50089OPTA;Update the charts, sirrah!;;;;;;;;;;;;;x
EVT50089OPTB;The cost of new charts for a silly little bit of pride?;;;;;;;;;;;;;x
EVTDESC50100;It’s been a little while now since we settled the Islands south of Gofakidzia, in the ferocious reaches of the Ishnapt Ocean. Nonetheless, some hardy settlers from our metropole have gone all the way to these stormy islands to settle, and have established a few little fishing communities. A vessel that had been traveling through the Ishnapt has recently pulled into $CAPITAL$ and told us a little bit of the goings on there. They tell us of the ferocious storms that come down from the north, and that the settlers and native Mjhm’an build their fanzas and cottages on the lee sides of the mountains that tower out of these islands. They tell us of the strange, pygmy fatty molluscs that the settlers fish for in the northern waters, and the chewy roots grown there. The local settlers have been calling these places ‘Druboukiru’ (Thundering island’) and ‘Fundrouukiru’ (the ‘Cabbagefruit Islands’, from its abundant growth). The Admiralty proposes updating our maps. ;;;;;;;;;;;;;x
EVT50100OPTA;This should look nicer than native gibberish.;;;;;;;;;;;;;x
EVT50100OPTB;Who's going to look at this place, anyway?;;;;;;;;;;;;;x
EVTNAME50101;The Kovan Incident of $YEAR$;;;;;;;;;;;;;x
EVTDESC50101;The arid Kovan coast is home to a number of petty principalities ruled by braggadocious Rechktists princes. Our merchants typically cross by these coasts when trading with the wealthier powers of the south, and little heed is paid to the Kovan lands, barring a small trade in wool and Ishahfazhi weaponry. Regrettably, however, the Rechtist princes still oppress sailors who wash up on their shores with slavery and worse, and trade them south to the great powers. Things took a poor turn in our relations recently: a redemptorist religious association that was quartered in a Kovan city was forcibly suppressed and the clerics themselves sold into slavery! One man managed to make it back to $CAPITAL$, to tell his tale of horror, and has now got the foreign ministry and the press up in arms! The government thinks it prudent to finally put an end to the slave raiding from these dangerous shores, and the public seems behind them.;;;;;;;;;;;;;x
EVT50101OPTA;Good heavens, we've got to get these savages under order!;;;;;;;;;;;;;x
EVT50101OPTB;All that for some damned hubbub in the wastes...?;;;;;;;;;;;;;x
EVTNAME50102;The Rechktist Menace!;;;;;;;;;;;;;x
EVTDESC50102;We have a number of diminutive possessions on the Kovan Coast, a few ancient old cities garrisoned with shabby soldiers and a few forts to keep the restive tribesmen from causing problems. The principle trouble is that the worshipers of the ‘Bright Eyed God’, the Rechktists, the schismatic Momurists, consider temporal power of the Rechtian faithful religiously important. Willing to go to great lengths to achieve their Gottstaat, we regularly have to engage in small expeditions to suppress extremist anti-imperialists in the bush and hills, and even in desert holdfasts. Recently, we’ve been dealing with a particularly well equipped, sly rebel: Isio x'Emechk, and, to our great alarm, we’ve found that a local independent Kovan lord has been supporting and protecting him! After a recent battle, he fled to the court of this impudent lord, and the colonial governorate and the foreign office are asking that we prosecute the war into these neighbouring lands.;;;;;;;;;;;;;x
EVT50102OPTA;For heaven's sake, we've got to catch him!;;;;;;;;;;;;;x
EVT50102OPTB;And I am sure the foreign minister isn't going to sign the cheque.;;;;;;;;;;;;;x
EVTNAME50103;Expedition to Bafozh;;;;;;;;;;;;;x
EVTDESC50103;The great eastern continent, Bafozh, named so by the Gashdzii term for east - ‘Bafa’ - a pre-Kadkohic vengeful sun god. It is the largest of all six major landmasses and also boasts most of the most impressive natural formations. Marked by its primitive stage of development, empty landscapes, vast mountain ranges, deep valleys, and endless forests, it represents at once opportunity and freedom as well as the great unknown. The current interest in Bafozh, whether topographical, military, anthropological, or scientific merits continuous interest in outfitting exploratory missions to the uncharted interior of the continent. The foreign office and the military high command suggest that we find some likely young captain, a cartographer or two, and some soldiers to send into these lands.;;;;;;;;;;;;;x
EVT50103OPTA;Yes, approved. Next item, minister.;;;;;;;;;;;;;x
EVT50103OPTB;No, minister, we cannot indulge your interest in adventure stories.;;;;;;;;;;;;;x
EVTNAME50104;The Lands of Hamog;;;;;;;;;;;;;x
EVTDESC50104;Our recent expedition into the heart of Bafozh has returned to $CAPITAL$ and they report the most strange and shocking tales! In the heart of the southern forests, labouring through strange taiga and dense boreal forests, our captain explains that he kept running across strange folk who his guides explained were Juewaeg faithful bringing captives for rites near lake Geshe, sometimes for thousands of miles. He eventually decided to follow a group of these faithful to Geshe. On the banks of lake Geshe he witnessed the most fantastical rites. The Lords of Hamog, the masters of these lands, grow rich by the tribute and captives brought by the faithful across the southern forests, and oversee the bloodletting of the many hundreds of captives into the waters of the pristine forest lake, to the ecstatic joy of the thronging masses of Juewaeg of all races and cultures who cluster there. But shockingly, the explorer was asked to offer his own sacrifice, to see the rites! He relates that…;;;;;;;;;;;;;x
EVT50104OPTA;… he presented a coolie of his own expedition to the Lord of Hamog!;;;;;;;;;;;;;x
EVT50104OPTB;… he bought a slave and gave it for the sacrifice.;;;;;;;;;;;;;x
EVT50104OPTC;… he refused these rites and fled from the rage of the Hamogine king!;;;;;;;;;;;;;x
EVTNAME50105;An Expedition to Bafozh?;;;;;;;;;;;;;x
EVTDESC50105;The great eastern continent, Bafozh, named so by the Gashdzii term for east - ‘Bafa’ - a pre-Kadkohic vengeful sun god. It is the largest of all six major landmasses and also boasts most of the most impressive natural formations. Marked by its primitive stage of development, empty landscapes, vast mountain ranges, deep valleys, and endless forests, it represents at once opportunity and freedom as well as the great unknown. In recent years, a number of those in the natural and social sciences have expressed interest in sending an expedition to the dense reaches of this largely unexplored continent. At a recent colloquium and soiree in a fine academic establishment in $CAPITAL$, the Bafozh exploration society proposed, in the presence of the minister for the sciences, a military-explorative mission into the heart of Bafozh. Since we ostensibly have colonial interests in this region, state geographers would be certainly interested in charting these lands.;;;;;;;;;;;;;x
EVT50105OPTA;What a splended idea! Outfit an expendition at once!;;;;;;;;;;;;;x
EVT50105OPTB;What could be out there but barbarous anthrophages and bad weather?;;;;;;;;;;;;;x
EVTNAME50106;The Bobit Civilisation;;;;;;;;;;;;;x
EVTDESC50106;Our recent expedition into the heart of Bafozh has returned to $CAPITAL$ and they report the most wonderful discovery! In the Mountains of Boshbish (which has been bastardized to ‘Bobit’ in the mouth of our captain and his soldiers), amongst the Behshi pastoralists, our explorer discovered the most strange ancient ruins. It appears that many centuries or even millenia ago there was some sort of developed and settled civilisation that raised a number of forts and strange petroglyphs. Shockingly, the size of these buildings implies that these people must have been profoundly tall and large, perhaps extreme specimens of the large Bafozhi folk known to us today. In any case, archeologists, linguists, and classicists are extremely excited to study this newly identified ancient civilisation.;;;;;;;;;;;;;x
EVT50106OPTA;Truly fascinating.;;;;;;;;;;;;;x
EVTNAME50107;Bafozhi Expedition Lost;;;;;;;;;;;;;x
EVTDESC50107;Several years ago we sent an explorer and some men into the interior of Bafozh to chart these lands and spread the influence of our great state. He has not made any contact with us for a long time and seems, for all intents and purposes, to be lost. Whether he was eaten by savages, starved to death in the vast interior, or died in some natural disaster, the money spent on provisions and ships seems to have been a waste.;;;;;;;;;;;;;x
EVT50107OPTA;Poor chap, tsk tsk. Can we find out who approved this?;;;;;;;;;;;;;x
EVTNAME50108;Pruub Plantation?;;;;;;;;;;;;;x
EVTDESC50108;Pruub, the sweet, soporific, euphoric oils of the Magoupt plant is indigenous to the Poumnian lands and the Poudwouvas river delta. It has, for millennia, practically been solely grown in this region: only there are the soils appropriate, the swampy rivers carry the appropriate mix of fresh water and heavy sediments, and the clime remains ideal. Now, however, with new pumping technologies, our industrial agronomists believe some swampland in our territories could be suitable to Pruub cultivation. A certain agricultural firm has come to our government with a scheme to plant Pruub, and wants a government monopoly and subsidies for this purpose.;;;;;;;;;;;;;x
EVT500108OPTA;Grant these fellows their monopoly, and get planting!;;;;;;;;;;;;;x
EVT500108OPTB;What an industrious bunch!;;;;;;;;;;;;;x
EVT500108OPTC;No, what we produce in $PROVINCENAME$ is too valuable.;;;;;;;;;;;;;x
EVTNAME50109;Locusts on the Horizon;;;;;;;;;;;;;x
EVTDESC50109;'I left my son out in the sun, with the ruminants... and I saw a black cloud gathering far distant on the horizon... before I knew it, it was too late. All that remained of the fields, the cattle, and my son, was bones and chaff.' Such were the scenes of devastation where the locusts were first spawning. A local region is now facing a deadly threat of a plague of ravenous, omnivorous, monstrously large locusts! Their evil red eyes glare out of their shiny carapaces, glistening in the humid, thick air, their eager mandibles ready to devour anything in their path. The wet, warm weather drives them into a spawning frenzy, and their terrible number grows hourly in exponential orders. Their ominous drone resonates across the fields, and the people, with little left for them to do, cower and pray that these creatures only eat their fields, and not the very flesh off their bones. ;;;;;;;;;;;;;x
EVT50109OPTA;There's no telling where those damned things will strike!;;;;;;;;;;;;;x
EVTNAME50110;Locusts Strike $PROVINCENAME$!;;;;;;;;;;;;;x
EVTDESC50110;The locusts have come to $PROVINCENAME$! They have visted theses lands with their terrible appetites and left terrible devestation in their wake! Everywhere fields have been entirely destroyed, cattle and livestock devoured in the very pastures, houses and homes themselves have been gnawed upon, seed reserves have been torn to bits: little remains of the once prosperous agricultural region. People are leaving these lands in great numbers, as it seems it will be a long time until these regions recover their former prosperity, and those that stay eke out a miserable, desperate existence, trying to hastily cultivate their plots, but is expected that many will suffer famine and malnutrition. People are petitioning the government for relief of their burdens and suffering, more than whatever reserves local authorites can provide. Should the national government step in?;;;;;;;;;;;;;x
EVT500110OPTA;We must try to relieve this region.;;;;;;;;;;;;;x
EVT500110OPTB;We cannot afford to provide these people with any more aid.;;;;;;;;;;;;;x
EVTNAME50111;Locust Plague Comes to an End;;;;;;;;;;;;;x
EVTDESC50111;The terrible locust plague that has struck one of our regions has seemingly ended. Having devastated most viable parts of this area, it seems that the swarm has burnt itself out. With no food remaining, and their brief lives coming to an end, they now die in their millions. Their hideous corpses litter the fields, and carrion birds pick at their fattened bodies. Even desperate farmers come to harvest the bodies to eat in desperation. The region itself remains devastated, and the abatement of this plague, while a relief, comes to a land that has lost everything already.;;;;;;;;;;;;;x
EVT50111OPTA;And may they never return!;;;;;;;;;;;;;x
EVTNAME50112;The Terrible Machine!;;;;;;;;;;;;;x
EVTDESC50112;All the time in $PROVINCENAME$, now, you have hear the thunder of metal on metal and the bellowing of the locomotive, as newly laid railway track carries these new machines into the heart of our country. But the people are in uproar! They say these tracks had been built through the lands of ancient farms, and that this machine disturbs the traditional bounds of villages, cattle-driving paths, scaries the birds, and frightens the whole town as it thunders through. They've appealed to their local 'Roots-Man', the Tehuhrite Holyman who lives in the roots of an ancient tree on the bounds of a large provincial town. He has consdiered their pleas, and has ruled that the railway causes too much disturbance! Given the Tehuhrite faith of our country, we are under great pressure to oblige with his religious-judicial perpective. ;;;;;;;;;;;;;x
EVT50112OPTA;If the holy man says so...;;;;;;;;;;;;;x
EVT50112OPTB;What nonsense! That was a massive investment!;;;;;;;;;;;;;x
EVTNAME50113;The Blighted Coast!;;;;;;;;;;;;;x
EVTDESC50113;In $PROVINCENAME$ we have a large naval instillation. This harbour and drydock protects military ships, supplies them, and host a number of support vessels, as well as employs locals to build massive new vessels for our grand fleet. However, it causes great distress for the local fishermen. They say the huge vessels going out to sea disturb the shoals, the waves capsize their little vessels, and even the tugs tear up their nets. They have appealed to a local 'roots man', a Tehuhrite holyman who has lived much of his life stationary in the roots of a tree, fed and watered by locals. He has pronounced that this community has fished here for centuries, and that their rights of use take priority over those of the navy! We must decide what to do.;;;;;;;;;;;;;x
EVT50113OPTA;His holiness and his verdict must be honoured!;;;;;;;;;;;;;x
EVT50113OPTB;The Admiralty would be furious. Not a chance.;;;;;;;;;;;;;x
EVTNAME50114;Bondsman Free State!;;;;;;;;;;;;;x
EVTDESC50114;Our state has been wracked with a great calamity recently. In the substantial chaos that has afflicted our provinces, the various wretched bonded folk - the slaves, thralls, serfs, prisoners, hereditary servants, have come to control a substantial section of territory. Massacring their masters and setting fire to the great houses, these lands have become a wasteland of anarchy and delusional ideas of equality, brotherhood, and liberty. Even more preposterously, some of their leaders have had the audacity to proclaim a ‘free commonwealth’, and have begun seeking peaceable arrangements with other powers, acting as if they were sovereign! These are dark days for our state indeed, and the question remains to be asked about what ought to be done with this rebellious “state”.;;;;;;;;;;;;;x
EVT50114OPTA;Get these lands to order, right now!;;;;;;;;;;;;;x
EVT50115NAME;Implementing Colonial Laws;;;;;;;;;;;;;x
EVT50115DESC;Our various colonial administrators work tirelessly to make sure our colonial policy is being correctly implemented in suitable overseas departments.;;;;;;;;;;;;;x
EVT500115PTA;Tally-ho, chaps, let's get a move on.;;;;;;;;;;;;;x
EVT50116NAME;x;;;;;;;;;;;;;x ### bondsmen setup no loc needed
EVT50116DESC;x;;;;;;;;;;;;;x
EVT50117NAME;The Encyclopedia $COUNTRY_ADJ$ica;;;;;;;;;;;;;x 
EVT50117DESC;Forward to the Encyclopedia: Herein is contained the sum of the knowledge of our civilisation, gathered in one place, of all the wondrous and strange peoples of the world. Below is an index of important subheadings. \n §BNOTE: This is a dynamic encyclopedia. You will have open access to entries that are relevant to your own state, but entries of people further afield will have to be unlocked. This can be done by a combination of conquering certain regions, unlocking certain technologies, sphering regions, following event chains, etc. If you are civilised and neighbours have studied things, if you have the relevant techs, entries may be activated. Events will inform you if they have updated your encyclopedia. The player will not be informed of passive entry updates through ‘information spread’.;x
EVTNAME50118;Mutineer Community Discovered!;;;;;;;;;;;;;x
EVTDESC50118;It has been a long time since we dispatched an exploratory mission to the wilds of Bafozh, and the men that set out have long been assumed dead. Now, however, a small merchant vessel sailing the distant Ishnapt ocean has submitted a most extraordinary report to the Admiralty! They stopped by a small island to gather fruits and fresh water, and, alongside the usual locals, they found a community of our own citizens - mutineers from the lower ranks of the transport ship and the expedition - living comfortably on a small island! From what they could gather, our captain is still either imprisoned on this island or living amongst the natives in exile. The Admiralty wonders if we could somehow establish some sort of influence over this land by working out some arrangement with the more amenable mutineers, or the native connections of the exile captain…;;;;;;;;;;;;;x
EVT50118OPTA;Establish $COUNTRY_ADJ$ law over these lands!;;;;;;;;;;;;;x
EVT50118OPTB;And why would we trouble ourselves with such a pitiful island...?;;;;;;;;;;;;;x
EVT50119NAME;x;;;;;;;;;;;;;x ### same
EVT50120NAME;x;;;;;;;;;;;;;x ### same
EVT50121NAME;x;;;;;;;;;;;;;x ### same
EVT50122NAME;The Faiths of The World;;;;;;;;;;;;;x 
EVT50122DESC;The faiths of the Miiv are multifarious and of all varieties. Beyond the number collected here, there are multitudes more of small ethnic and regional faiths, cults, and sects, but these are the most significant and practiced by the greatest number of the people. Below is an index of our entries. The reader is of course encouraged by the religious authorities to remember that our faith is the TRUE faith and to confine thought about foreign cults to purely speculative and academic boundaries. \n KEY: White: Tehuhrite. Yellow: Vewugist. Red: Kadkohi. Burgundy: Motkohnic. Teal: Wompowushan. Purple: Shamush. Wine: Rechktist. Navy: Momurist. Green: Paorusu. Umber: J'ur. Verdegris: Parqmun. Brown: Juewaeg. Aqua: Gyahki. Orange: Dkåtkang. Pink: Kusii. Black: Pagan.;;;;;;;;;;;;;x 
EVT50123NAME;No Entry Found!;;;;;;;;;;;;;x 
EVT50123DESC;The editors regrettably inform the reader that the top minds of our country are shamefully ignorant of this topic. They would humbly appeal to the ministers in government to divert more funding to the universities, exploratory expeditions, etc. \n §RNOTE: For whatever reason, your country has not gathered, started with, or acquired information about this topic. You can learn more about the world by conquering, sphering, researching techs, or following event chains.;;;;;;;;;;;;;x 
EVT50124NAME;The Kadkohi Faith;;;;;;;;;;;;;x 
EVT50124DESC;Kadkohi is a term for the traditional faith of the Gashdzii peoples. Allegedly arising from the miraculous presence of idols and their attendant powerful spirits who protected the embattled tribe of the Gasdhdzii as they fled persecution from the Byotrin in ancient prehistory, it is represented by the major cults of Guzzadt, Buzzamnan, Doshzk, and Maft, and their respective vast networks churches, synods, and congregations carried by the spreading empire. Guzzadt is the patron of toil and discipline, Doshzk of death and authority, Buzzamnan of pleasure and fortune, and Maft of fertility and youth. The major beliefs are the propitiation of these deities as patrons here and in the afterlife, and the belief in a spirit that must be freed from the body after death. The faithful engage in a number of rites, such as honouring gods and their idols and burning bodies. The typical Kadkohi symbol is the quadrine gem with the four heavenly colours.;;;;;;;;;;;;;x 
EVT50125NAME;The J'ur Faith;;;;;;;;;;;;;x 
EVT50125DESC;For the J’ur (meaning, ‘house’),  the existence of a J’ur temple seems to be in some ways prior to any specific belief. Across the Zhadnozho Gid coasts of Bafozh, a vast collection of J’ur temples and meeting houses (ranging from colossal sites in the more populous cities to tiny gardens in areas settled by nonbelievers). can be found. These communal, fraternal, holy, burial, conjugal sites, strictly closed to outsiders, often have social compacts, maritime guilds, charitable organisations and and other social functions attached to them, and each maintain extensive archives of religious texts, omens delivered, and other things. Nonetheless, the J’ur seem to maintain a fairly stable pantheon of powerful gods, heroes, and protectors (most popular are the fused gods, Archs and Chechs, the king who was turned into a gold bar and the lobster that swallowed him), though some temples stray into monotheism or deistic mysticism.;;;;;;;;;;;;;x 
EVTNAME50126;A Fiery $COUNTRY_ADJ$ Zealot of the Synod!;;;;;;;;;;;;;x
EVTDESC50126;In recent months, a new leader has emerged in the Theocratist movement. A fiery preacher from the provinces has drummed up what seems to be a radical Theocratist league! He openly denounces the government, and calls for the faithful to shun it. He organises massive marches in major cities to demonstrate the might of the Theocratist movement. Moreover, he seems to be gradually converting the major synods of our faith to his movement, which calls for greater clerical involvement in politics. This sinister and charismatic figure is known as well for giving private ministration to aristocratic reactionaries and elites, courting the rich and powerful of the revolutionary conservative movement. The interior ministry sees this figure as certainly a threat to public order, and perhaps a threat even to the integrity of the state.;;;;;;;;;;;;;x
EVT50126OPTA;Do all in our power to subvert this demagogue from behind the scenes!;;;;;;;;;;;;;x
EVT50126OPTB;Have him beheaded and his converts imprisoned!;;;;;;;;;;;;;x
EVT50126OPTC;Let him be, what's the worst he could do?;;;;;;;;;;;;;x
EVT50127NAME;The Motkohnic Faith;;;;;;;;;;;;;x 
EVT50127DESC;Motkohnism is a religious movement that grew out of the Kadkohi traditional pantheon in the last two hundred years. The ‘faith of the the stars’ was born when the monk (Dosh) Kauzhut, now called Kauzhut ‘Mifachâzhafta’ (the great diviner), and Kauzhut ‘Donavvat’ ‘the describer’ (among many other honorifics), a small element in the anti-magisterial movement and a nominal member of the church of Guzzadt, had a profound vision of the nature of the world while fleeing south during civil strife. He taught that there was no self after death, and that all would join the dance of the Celestialite (va Motkazh), among many other ethical teachings to be followed once one realized this truth. The Motkohnic faithful do no particular things, but often wear the signs of their teacher, and read and discuss his teachings. There is much emphasis on living rightly in the present, giving the absence of life after death. A typical sign of Motkohnism is the star.;;;;;;;;;;;;;x 
EVT50128NAME;The Wompowushan Pratice;;;;;;;;;;;;;x 
EVT50128DESC;Wompowushan is a term for the vast collection of Poumnian, and larger Diwvish, folk beliefs and religious practices. Its central element is a lack of belief in ‘real death’ upon the cessation of life, and the consequent fanatical preservation and interaction with the bodies of ancestors. Another essential aspect of the taxonomy includes the worship of the emperor, the Pudwou, as a form of world soul. Believers may practice alongside this the veneration of local nature spirits, nobles ancestors, or engage in various rites or Shamushic rituals. The Wompowushan faithful often build vast temples for their ‘sleeping’ ancestors, and the ancestors of the poorer folk are entombed in vast necropoli. The Emperor is seen as a deity, whose divinity extends in a limited way through his servants in the lesser-nobility. The Hatched Sign, or in Poumn, ‘Vudtmruu’ is an ancient Poumnian symbol associated with the boundary of a sacrosanct building. ;;;;;;;;;;;;;x 
EVT50129NAME;The Cult of The Vewúg;;;;;;;;;;;;;x 
EVT50129DESC;The Vewugi faith is the term for all those who worship the Great Vewug as their lord and master. The cornerstone of their faith is their common acknowledgement of the miraculous powers and virtues of a truly numinous being (a ‘powerful wizard’) who is allegedly verifiably real and exists in our plane of being. Much of the faith is structured around the observation of his actions and rare speech, and has led to many different schools of interpretation, with many different claims about his actual cosmological and spiritual role. The Vewug is said to live, usually, though he is often invisible or travelling to other realms, in a great Palace in Sesi known as the Drupe. The Vewugist faithful flock to the Drupe, and holymen watch in tireless vigils for his appearance. The typical sign of the Vewug is a face of a man on three interlinked rings, signifying his power, wisdom, and protection.;;;;;;;;;;;;;x 
EVT50130NAME;The Tehuhrite Beliefs;;;;;;;;;;;;;x 
EVT50130DESC;The Tehuhrite or ‘Sedentarian’ tradition is generally believed to have begun as an ideological prop from neolithic regimes in the vales of northern Ishahfazh, designed to discourage migration and to consequently promote stable tax registrars. The ‘virtues of the solid man’ were first proclaimed by the Philosopher-King Osjunnet of Gohn-Peth, and his various writings on the topic became the germ of a large corpus of Sedentarian philosophy, primarily focused on the virtues of stability, changelessness, and abstract notions of cosmic harmony and splendor. Now, indeed, Sedentarianism has become a complicated legal, spiritual, and philosophical system that dominates much of the north of Ishahfazh. Most typical of the practices of the Sedentarian are the consultation of holy ‘roots men’, satiationary monks who live in the roots of trees or partially buried and are fed by their community, for nearly everything. The Sedenatian symbol is the erect penis-bone, as, according to Tehuhrite teaching, the world began when virile sky impregnated fertile earth.;;;;;;;;;;;;;x 
EVT50131NAME;The Rechktist Schismatics;;;;;;;;;;;;;x 
EVT50131DESC;The Rechktist faith is a popular schism from the Momurist tradition practiced mostly by the northern tribes of Kovazh. Believing, contrary to the Momurists, that the so-called ‘silent god’ is in fact reawakening, and that rebirth and purification is an ongoing process that will be arrived at through the agency of men (as opposed to the Momurist belief in a slow cessation of all spirit and will), the Rechktist Zealots attempt to violently convert others to their pure and austere lifestyle, rather than merely shun the impure and trust the holymen to purify the world, their corpse, etc after their own death (as the Momurists do). Organised into violent warrior-priest clans, Rechktist society is unstable and dynamic, as minor theological disputes often spill over into bloodshed and war. The Rechktist symbol is the awakened face.;;;;;;;;;;;;;x 
EVT50132NAME;The Momurist Faith;;;;;;;;;;;;;x 
EVT50132DESC;The Momurist Faith is an institutional religion practiced by the larger empires of southern Kovazh. The once small regional Humabi idolatry of the millennia old ‘silent god’ has spread, through its institutional maintenance by several Humab and Soxupappi dynasties to be one of the most popular faiths in the world. The world is treated as the dying corpse of a colossal entity whose death coincided with the creation of the universe. The subtle rules of his mind and being, now baked into the fabric of the world, determine right action and purity. The righteous dead, it is believed, will, upon the rebirth of the great silent god, find themselves in the upper echelons of a new order, belonging to the godhead in an essential way. The impure will be cast off as detritus. Momurist diviners spend much time determining right actions through study of the natural world, and giant ‘prayerlands’ are set aside for purity and pure adulation of creation. Passivity, Purity, and Inaction are the virtues most prized by the Momurists. Their symbol is the winged jewel, exemplifying pure rebirth.;;;;;;;;;;;;;x 
EVT50134NAME;The Paorusu Witch Cults;;;;;;;;;;;;;x 
EVT50134DESC;The Paorusu ‘witch cults’ of the south west of Kovazh are a large faith believing in a number of persistently reincarnated ‘canonical’ deities. The main practice of worship is the adulation of a number of women, fifteen - in particular, who are considered reincarnated powerful spirits. The faith retains a great degree of scriptures recounting the deeds of these powerful spirits in history and mythic prehistory. The Paorusu clergy maintain a large library of these in Isi, where they also convene synods to confirm the reincarnation of a spirit. Beyond the adulation of the fifteen canon deities, which includes burning offerings brought to their sees, mantras, prayers, and gestures of reverence, the Paorusu faithful also turn to a great many local ‘witch women’ who claim to work magic, like the great deities, as well as believe in universal reincarnation and the transmigration of the soul. The Paorusu symbol is the knotted reed, symbolising eternal recurrence.;;;;;;;;;;;;;x 
EVT50135NAME;The Parqmun Faith;;;;;;;;;;;;;x 
EVT50135DESC;The Parqmun are iconoclasts, both with a fanatical need to burn the captured idols and symbols of other faiths, and a ritualistic habit of burning sculpted idols in the signs of the various devils, fallen angels, and cursing spirits of their cosmology. Recognising no other God than the one God ‘Mun’, the Parqmun are the faithful of Mun, shaper of the world and protector of the faithful from their many enemies. Their strict monotheism allows for a great host of devils and sprites, whom they take to be the cause of both many natural disasters, wickedness in men, and to be the tricksters that ensnare the minds of foreign nations and cause them to set up their false gods. The Parqmun scriptures are held in the great temple in Do Dhruzd, presided over by the collection of ‘pure’ child-priests, whose innocence allows them to behold the one sacred image of Mun held therein. Their symbol is the burning idol. ;;;;;;;;;;;;;x 
EVT50136NAME;The Gyahki Faith;;;;;;;;;;;;;x 
EVT50136DESC;The Gyahki are known as the ‘bauble folk’. Extremely jealous of the various gemstones and jewels that they wear upon their body, usually suspended by chains of precious metal, they believe the soul, through various rituals, and the sanctioning of powerful spirits and gods, can be externalized and preserved, and sometimes conjured into the body of a child. Upon the death of a Gyahkite, a trusted relative will typically bring their soul-jewelry to the great ‘city of souls’, the underground vaults in Rygaas, guarded by their priest-shamans. Their religion is apparently quite an ancient one, with archeologists finding inscribed jewels in the archeological record of the region dated multiple millennia back. The common folk are often not reincarnated unless someone is especially concerned to have them back. They say the soul comes from the ‘cracks of the world’ and ‘the mist of the sea’, and that the quantity of ‘simple’ souls is enormous.;;;;;;;;;;;;;x 
EVT50133NAME;The Shamush Beliefs;;;;;;;;;;;;;x 
EVT50133DESC;Shamush is a Poumnian etic term for the half-pagan scholarly faith of the Pruunitsh people of the Reuhriz (Wroush or Drangupt in Poumnian) peninsula. It emphasizes the existence of bicephalous snake spirits that pervade the fabric of the world, and has been described as a ‘way of seeing’, rather than a faith. It has developed a large collection of highly esoteric writings about its practice and the relations between its many deities/spirits, and its many apocryphal texts, secretive hereditary schools, and strange doctrines attract mystics and occultists from other nations. In Pruuntish society, the Shamushic teacher typically will live in near darkness for many years, in small houses, attended by students, in an effort to learn better to see the spirits of the world. A common symbol of Shamush is the Two-Headed Snake, The Tower (the sign of Rod, the great teacher), and the Open Mouth.;;;;;;;;;;;;;x 
EVT50137NAME;The Juewaeg Cult;;;;;;;;;;;;;x 
EVT50137DESC;The Juewaeg faithful are those who worship the evil sprit/powerful deity that allegedly dwells at lake Geshe in the south forests of Bafozh. The faith would be indistinguishable from any other sort of homicidal paganism except for the shocking political authority it wields. The settled priest-kings of Hamog preside over the cult of the spirit of lake Geshe by means of precious objects they grant out to the faithful, the totems of which can be found carried by the many quasi-nomadic peoples of the southern forests, and the bearing of which promises sacrifice and tribute brought to the lake for the great yearly festival where many hundreds of captives are decapitated in the lake. Juewaeg priest kings have told our anthropologists that the totems depicting a headless avian body do not depict the nature of the lake spirit. Nonetheless, this is the only coherent and stable symbol of the cult of the lake God.;;;;;;;;;;;;;x 
EVT50138NAME;The Dkåtkang;;;;;;;;;;;;;x 
EVT50138DESC;Knagtka Kneg, the great prophet, claimed to have been an incarnation of the Sun, and is still worshiped as such in the east coast of Bafozh. It is estimated that he must have lived around 300 years ago, but his faith has spread far and wide. The Dkatkang have no scriptures, but a definitive collection of prayers and odes, spread by word of mouth and kept in memory, means that the heliolatrous traditions of the primitive peoples of this region take on the characteristic of a definite faith, distinguishing them from the miscellaneous animists living among them. Knagtka Kneg is claimed to have been able to multiply foods, raise figures from the dead, and to predict the future. Anthropologists believe that this faith must have developed from a primitive heliolatrous faith, to which Kneg was born into, and which he reformed with his poetry, ethical teachings, and itinerant preaching. Their principle sign is the sun, to which they often append blue prongs, for unclear reasons.;;;;;;;;;;;;;x 
50138OPT;The Dkåtkang;;;;;;;;;;;;;x 
EVT50139NAME;The Kusii Cults;;;;;;;;;;;;;x 
EVT50139DESC;The Kusii Cults of Shobgizob are a collection of practices designed to propitiate the cruel creator god, who they claim to have made the world. They refuse to speak his name, and instead refer to him by euphemism: the cruel one, the grim one, the one-who-sends-large-birds. They are avowed bloodletters, believing the sacrifice of beasts and men can quench his hunger for the lives he himself has created. Their main scriptures, collections of poems and instructions for both sacrifice, and ritual scaring, were, ironically, transcribed in a syllabary created by Vewugist missionaries who hoped to evangelise them. They cite the abysmal state of life, and the plethora of disasters, to describe life as a terrible dream. The principal motif associated with their art is the bloody ring of skulls, reflecting both the cycle of life, and the misery therein, as well as the memento mori and the need for bloodletting.;;;;;;;;;;;;;x
EVT50140NAME;A Report on the J'ur;;;;;;;;;;;;;x 
EVT50140DESC;Since we recently have acquired some J’ur subjects, a number of our anthropologists and hominometricians have endeavoured to make a notable study of the J’ur faith. They have recently delivered a report to the $COUNTRY_ADJ$ Academy of Sciences detailing their research methods and their findings. Along with interviewing several J’ur practitioners, they also managed to secure access to the archives of a J’ur temple following its closure and seizure by the state after a failure to pay temple taxes. They have managed to aggregate typical J’ur dieties and practices, such as entrail reading, urn-burial, and have catalogued a number of holy letters and symbols that are always found plastered on J’ur clothing, sails, and textiles. A number of those in the ministry for the colonies and the interior have acquired copies of this report, and the academy has published it in their recent issue of the $COUNTRY_ADJ$ encylopedia.;;;;;;;;;;;;;x 
EVT50141NAME;Momurist Texts;;;;;;;;;;;;;x
EVT50141DESC;It is somewhat hard to get one’s hands on the compendious volumes detailing the correct rituals, ablutions, prayers, fasts, motions, and ponderous list of prohibitions kept by the Momurist faithful. Their scribes jealously guard these immense volumes in the massive keeps and towers of the so-called prayerlands. Throughout the centuries small catechism and books of hours to keep have reached the Ishahfazhi libraries, some have been reprinted by our publishers, and indeed some foreign scholars have collected large portions of the rules, but a comprehensive collection has never been assembled. Now, however, since we have established significant influence in Momurist lands, a ‘scholar and adventurer’, one of our overseas secretaries, has contacted the foreign office with a scheme to collaborate with a corrupt monk to smuggle out vast collections of Momurist literature to $CAPITAL$ to be translated and studied. The foreign office sees some use in this for the sake of administration.;;;;;;;;;;;;;x
EVT50142NAME;The Strange Rechktists;;;;;;;;;;;;;x
EVT50142DESC;The savage Rechktist clans now under our dominion defy comprehension. Fickle, changeable, and violent, they seem ungovernable and inimical to our state, and are always quick to arms. All of our laws seem to offend them, and their people live in self-imposed ghettos in our colonial cities, and are always fractious about taxes. Recently, however, an able regional judge with an interest in foreign cultures has founded a $COUNTRY_ADJ$ Society for the Study of Kovazh. In his first paper to the society, he detailed the intricacies of the Rechktist faith, and the causes of their divergence from Momurist Orthodoxy. He explains, particularly, how those who pay taxes to us are expected let their own blood, or pay for another in the clan to do it, as atonement for their participation in our ‘depraved’ political system. He suggests that taxes be made less frequent, and made into staged ‘requisitions’. ;;;;;;;;;;;;;x
EVT50143NAME;Archeology in Hamog;;;;;;;;;;;;;x
EVT50143DESC;Our recent conquest of Hamog, the barbarous theocracy of the southern forests, has provided the means for an archaeological survey of the Hamogine settlements on the banks of lake Geshe. A number of military surveyors took a number of artifacts back immediately, but a dedicated excavation from the College of Antiquarians of $CAPITAL$ has revealed a number of curious things. It appears that there has been continuous hamogine settlement in this place for nearly six millenia, but despite this they never developed a numerographic or a graphological system, though sacrificial tallies were kept by large piles of knucklebones. The bird-totem has seemingly remained consistent throughout this time.;;;;;;;;;;;;;x
EVT50144NAME;Poumnia;;;;;;;;;;;;;x 
EVT50144DESC;Poumnia is a term for the land, people, and various incarnations of the ‘Vopudshawrish’, the ‘holy kingdom’, around the Poudwouvas since time immemorial. Dominated by large feudal estates, huge paddy fields organized along the lines of brutal plantation slavery of the Anuvo race of the mountains, a complicated system of military governance by the royal capital, and various subjugated peripheries, Poumnia is a brutal, essentially plantation society, known for its aristocratic outlook, its proud military, and its passive populace. The principal organs of the Poumnain state are the governor-generalships staffed by the aristocratic elite, and the imperial cult and its priests. The apex of the Poumnian state is the Vopudwou, or Pudwou, the God-Emperor who is set to make the sun rise, the ‘golden carp’ and the linchpin of the world. Through his many hundreds of wives, he is said to ‘share’ his divinity with the lesser noble families. ;;;;;;;;;;;;;x 
EVT50145NAME;No Special Country Page!;;;;;;;;;;;;;x 
EVT50145DESC;The editors regret to inform the reader that our country sadly is hardly relevant enough to merit its own encylopedia entry. \n §BNOTE: Very sorry, but this country has not been yet given its own encyclopedia entry.;;;;;;;;;;;;;x 
EVT50146NAME;The Countries of the World;;;;;;;;;;;;;x 
EVT50146DESC;The Miiv is full of a vast and wondrous place full of all sorts of strange states. This subsection of the encyclopedia attempts to categorise the lands of the world by their forms of government and their attendant societies. This part of the encylopedia is sorted into subsections. The editors would like to apologise if any of these entries are out of date due to new political developements.;;;;;;;;;;;;;x 
EVT50147NAME;The Great Lake of Bafozh!;;;;;;;;;;;;;x 
EVT50147DESC;The recent exploratory expedition we dispatched to Bafozh has been an immense success. In the reaches of the Southern forests, our explorer and his expedition discovered a colossal lake, believed to be the largest in the world by surface area. He and his expedition enjoyed for a week the hospitality of the locals, before eventually heading northeast to the coastline where they met up with a few naval escorts. He reported to the interior ministry not only the uniqueness of the region, but recommended a geological survey be carried out as well, given the tested high amounts of Iron in the water. His local connections are sure to be remembered if we should ever try to establish influence in this region. But here is one more thing. He also reported that he considered the name such a fine lake, and… \n §RNOTE: There is not a lake name for every country.§!;;;;;;;;;;;;;x 
EVT50147OPTA;...named it in honur of our country.;;;;;;;;;;;;;x
EVT50147OPTB;.. named it after himself!;;;;;;;;;;;;;x
EVT50147OPTC;... decided that it would be easiest to use the native tongue.;;;;;;;;;;;;;x
EVT50148NAME;A Bafozhi Coastal Purchase;;;;;;;;;;;;;x 
EVT50148DESC;Our recent expedition to Bafozh has yielded startling results. The captain of the expedition steamed into $CAPITAL$ yesterday with news that the linguist of the expedition, a wealthy intellectual, while sailing by a coastal region in which he had proficiency with the language, negotiated, as a private citizen, a number of treaties with the local chieftains and kings, declaring them protectorate to our nation under his own rule, as well as purchasing tracts of their land! He promised them a great amount of his own wealth, and seemingly is angling to be made governor of an overseas protectorate. The captain has admitted a lapse in duty in allowing this to occur, but the colonial office worries that the treaties must be enforced. They estimate, however, that to actually establish effective administration over this region, it would be a sizable expense.;;;;;;;;;;;;;x 
EVT50148OPTA;We'd lose face if we didn't take control of this region.;;;;;;;;;;;;;x
EVT50148OPTB;Good heavens, who does he think he is? Absolutley not!;;;;;;;;;;;;;x
EVT50149NAME;The Charming Native;;;;;;;;;;;;;x 
EVT50149DESC;Our recent exploratory expedition to Bafozh, while not yielding many results in terms of ethnography or geography, nonetheless has given the reading public something to cherish. A few months after returning to $CAPITAL$, the captain of the expedition published a memoir of his travels, and his remarkable friendship with his Wushauw guide, who led him across the tractless wilds of Bafozh, and taught him of the strange fauna and flora, his animistic view of the world, and how to survive in the great eastern continent. This remarkably romantic and pan-hoministic tale has captivated and charmed the intelligentsia of the metropole, and softened concerns about the expense or worthiness of colonial ambitions in Bafozh. However, those in the colonies remain hostile and suspicious of their brutish neighbours, and caution ‘the beast-men of Bafozh must be given no quarter!’.;;;;;;;;;;;;;x 
EVT50150NAME;Prospecting in the Holy Mountain;;;;;;;;;;;;;x 
EVT50150DESC;The Paguyti of the plains have always worshiped their lightning God in their holy mountain of Twünazh or Paphüytashu. The great thunderer, they say, makes his will known through striking his holy mountain, which in its own right is the head of a great subterreanan god. The foothills of the mountain are full of populous settlements of their people, and in the hot summer season they bring their fat ruminants into the mountain for grazing, where they harvest the valuable wool. Now, however, we face a dilemma. A number of $COUNTRYCULTURE$ prospectors have, they believe, found massive coal deposits beneath the mountain. A few firms have suggested that the government grant them rights to exploit, but our occupation of the Paguyti lands generally is carried out with a policy of tolerance and latitude. To grant a firm rights to mine in the sacred precincts of the mountain would be to provoke great anger from the Paguyti.;;;;;;;;;;;;;x 
EVT50151NAME;The Liberation of our Brothers;;;;;;;;;;;;;x 
EVT50151DESC;It is well known that wicked foreign races will enslave or enthrall our people without a pause to think. While we do have certain redemptorist societies, what above all leads to the freedom of our racial brethren is their flight from slavery or our conquest of regions that oppress them. Our racial laws grant citizenship to nearly all of those who can prove themselves as belonging to our patrimony. Recently, our government has ferreted out a pocket of our brothers enslaved in our lands. Them and their families are being prepared for liberation and for their citizenship of our nation, and the interior ministry has prepared new documentation for them.;;;;;;;;;;;;;x 
EVT50152NAME;General Miscellany;;;;;;;;;;;;;x 
EVT50152DESC;Herein is contained entries related to asorted topics of commerce, botany, and geography.;;;;;;;;;;;;;x 
EVT50153NAME;Politics and Ideology;;;;;;;;;;;;;x 
EVT50153DESC;Herein is contained entries related to political theory, the aims of various political platforms and ideologies, and the various sorts of governments.;;;;;;;;;;;;;x 
EVT50154NAME;Absolutism;;;;;;;;;;;;;x 
EVT50154DESC;Absolutism is the extremist wing of the statist movement. They have come to believe that the state itself is a good, an entity that serves no greater good than itself, and that its members must ultimately be subordinated to it. The state should be seen as an enterprise that succeeds or fails in the preservation and expansion for its own sake of its own power, capacity, and efficiency, and nothing else. The Principle philosophers of absolutist thought are Pazzak III and Bida Gamak.;;;;;;;;;;;;;x 
EVT50155NAME;The Statist Government;;;;;;;;;;;;;x 
EVT50155DESC;An absolutist bureaucracy refers to the broadly totalitarian and autocratic bureaucratic systems of government preferred by Absolutist parties. The paradigmatic features are hierarchical parties parasitic on the state, centralist decision-making protocols, secret police networks, nomenklatura-systemic appointments, and the subordination of the citizenry to the growth of state-run enterprises.;;;;;;;;;;;;;x 
EVT50156NAME;Jiishanâg;;;;;;;;;;;;;x 
EVT50156DESC;Jiishanâg is a large and developed Motkohnic Gashdzii state in southern Ishahfazh. Developed from a confederal arrangement of great landlords, free settlers, and small urban trading cities along the southern coast, with the shattering of the empire it developed a sophisticated parliamentary system and broader state infrastructure to cope with security and self-organization. It was the first state to trade globally and to industrialize, and is known for its tolerance, justice, and developed infrastructure. The origins of the Jiishan state are in the ‘compact of Jaub’, of 699, a mutual defense organisation by the local nobility, who agreed to honour a common Jiisha, or court, which eventually became the judico-parliament of the state. The Jiisha of Jiishanâg holds extensive powers, and most nobles as well as the great towns send representatives, and its vast and august body sits in Nozho for 9 out of 12 months of the year, overseeing most national concerns. ;;;;;;;;;;;;;x 
EVT50157NAME;Wapkam;;;;;;;;;;;;;x 
EVT50157DESC;Wapkam is a Poumnian colony on the coast of the Juuruntine territories. Once a chartered company for the extraction of precious metals, rare woods, and beetle-shellac, it gradually attracted a steady trickle of Poumnian freebooters, settlers, traders, etc. seeking freedom from the authoritarian grips of Poumnian governance. While once a mere outpost of the Poumnian state on the strait of Midod and projecting influence into the Zhadnozo, nearly two and a half centuries of colonial settlement has produced a robust state with its own identity and governmental traditions. While still under the nominal suzerainty of the Vopudwou, Wapkam has developed a remarkable tradition of corporate self-governance through the negotiations of the great factors and estate owners, their clients and dependants. The principal organs of the state are the Congress of Estates in Aincha, the President-Director, and the factors of the smaller estates who carry out Wapkami and Estate policy. ;;;;;;;;;;;;;x 
EVT50158NAME;Towourud;;;;;;;;;;;;;x 
EVT50158DESC;More properly the Toshawriz (Poumnian: Doshawrish) of Towourud, the old Towuzhan kingdom has long been a stable presence of southern Ishahfazh. Sometimes tributary of Holy Poumnia, the lords, or king and court, of Towourud have just as often struck their own course, aided by distance, language, and geography. At present the kingdom of Towourud straddles a dangerous line between the dangerous Veyethuns to the north and expensionist Poumnia to the east. Thrakuunt Zaum-Thomon III currently rules, the 7th king of the Zaum-Thomon line, which took power over 146 years ago by ousting the Tributary dynasty of the Zaum-Faemon in a bloody civil war. The kingdom is largely ruled by means of district military governors loyal to the king. ;;;;;;;;;;;;;x 
EVT50159NAME;Poumnia and her Tributaries;;;;;;;;;;;;;x 
EVT50159DESC;The Poumnian Empire, the holy ‘Vopudshawrish’, ruled by the Vopudwou, the divine emperor, has long projected influence into its periphery and the wider world. This section of the encyclopedia includes a number of states which are nominal tributaries of Poumnia, and Poumnia itself.;;;;;;;;;;;;;x 
EVT50160NAME;The Cultures of the Miiv;;;;;;;;;;;;;x 
EVT50160DESC;There are a great many cultures across the Miiv, from savage beast men of Bafozh, to those of the greatest refinement in Ishahfazh. This section of the encyclopedia surveys the peoples of the world, and their variegated customs. ;;;;;;;;;;;;;x 
EVT50161NAME;The Poumnians Themselves;;;;;;;;;;;;;x 
EVT50161DESC;The Poumnian culture is largely found along the great Poudwouvas river delta and the surrounding lands and hills. Poumnian society is rigid and hierarchical, autocratic, familial, patriarchal, fearful of witches and ancestor-preserving. The Poumnians, as per the rituals and customary beliefs of their land, believe their ancestors continue to ‘live’ in a second form of life after 'death', embalmed and clothed, and communion with the ancestors is a very important aspect of society. Labor in any form is seen as degrading and is only practiced by the lower classes of society. To work hard is not seen as the attributes of a virtuous individual, but that of a slave, and any sign of labor signifies servitude in some form. Poumnians are largely vegetarian. They consume mainly a combination of river grains, fruits, and insects. To consume the flesh of another living creature is looked down on as barbarous and unhygienic.;;;;;;;;;;;;;x 
EVT50162NAME;The Roshupto;;;;;;;;;;;;;x 
EVT50162DESC;The Roshupt are a jungle-dwelling folk who speak a Diwvish tongue lying on the border jungles between Poumnia proper and Touworurd. While largely free, they hold no position of prestige in Poumnian society. They are tolerated only because their clan-headsmen profess worship of the emperor. Their strange dialect makes their society relatively insular, but like the Poumnians, they preserve the bodies of the ancestors, though in large jungle cairns, and not the clan home. For many centuries they were mere tributaries of the Pudwou, though in recent years the Poumnian government has set up a number of fortified cities deep in the Roshutan jungle. Unlike the Poumnians, they are hunters as well as farmers, and stalk the largely avian and reptilian fauna of the jungle. The Roshutan also worship a number of forest spirits which are tolerated within the broad notion of Wompouwushan and emperor worship.;;;;;;;;;;;;;x 
EVT50163NAME;The Rashuum of Wapkam;;;;;;;;;;;;;x 
EVT50163DESC;Rashuum refers to the people who live in the Poumnian colony of Wapkam. The Rashuum speak a dialect of Poumnian, mixed in with a good degree of naval slang and Aysum borrowings. The basis of the culture is steadfastly Poumnian: autocratic, hierarchical, familial, patriarchal, fearful of witches and ancestor-preserving. More than this, the frontier has consolidated social-solidarity as well as reinforced class lines. More conscious of the virtues of solidarity in the face of many rivals and restive natives, the ‘honour culture’ of aristocratic Poumnia spread down to the lowest warrior-serf of Wapkam. The producing plantation or coastal fortress is as sacrosanct as the clan or lordship, and while social roles are strictly enforced, one feels the factor of a Wapkami plantation has much more affection and paternal care for his laborers than the Poumanian lord. ;;;;;;;;;;;;;x
EVT50164NAME;The Towuzhan Folk;;;;;;;;;;;;;x 
EVT50164DESC;The Towuzhan people are those of the Toshawriz, or Kingdom, of Towourud. Largely distinguished from the Roshutan people to the east of them by their more sophisticated culture and distinct dialect, Towuzhan society is centered around the large jungle fortresses that house their cities, and beyond these, in the sweltering heat, under the hot and yellow sun, they grow fruit from jungle trees and harvest starchy roots from the sandy soil. Touworud is noted for its relatively placid, tolerant and open attitudes, both unlike the stratified and formal Poumnians or the vigorous, excitable Pruunts of the south. A tradition of birding and poetry are the preserves of the Towuzhan nobility, and the ‘little people’ of the jungle huts maintain a low-culture of popular songs and pastoral languor. The Towuzhan, like the Roshutan, engage less with their dead ancestors than the Poumnians.;;;;;;;;;;;;;x  
EVT50165NAME;The Anuvo Underclass;;;;;;;;;;;;;x 
EVT50165DESC;The Anuvo are the Byotrin - the giant, glabrous hominids of old Ishahfazh - underclass of Poumnia, long enslaved by the Poumnians (who gave them their name in Poumnian tongue: ‘hill folk’.) Anuvo society and clan structure were effectively destroyed by the Poumnian conquerors, who fought viciously in the slave wars of 500-700 I.R. to defeat and subjugate these tribes and destroy any clan connections or identity among their new slaves. Only a few weak tribes still exist today in the most remote valleys or highest peaks, where Poumnian warriors saw little point or glory in subduing. When an Anuvo dies, instead of their body being cared for, they are cast into the stone foundations of their ruling noble family. This is done to ensure that even in the second stage of life, the Anuvo will continue to serve their master for all eternity. The Anuvo largely speak a rough dialect of Poumnian, with an ancient substrate of the old Anuvan tongue to be found somewhere within.;;;;;;;;;;;;;x 
EVT50166NAME;Poumnia and Her Peoples;;;;;;;;;;;;;x 
EVT50166DESC;The Poumnian group of cultures encompasses a number of groups of people who all speak a Diwvish language and are vaguely related to the Poumnian Vopudshawrish (divine kingdom). From the Poumnians themselves, their Anuvo underclass, to the colonial Rashuum, these people share a number of traits, culturally and socially.;;;;;;;;;;;;;x 
EVT50167NAME;The Occupation of Pâshdzii;;;;;;;;;;;;;x 
EVT50167DESC;Pashdzii, the ancient imperial capital of the Kiidnazh has for centuries been again little but a city state containing the residence of the Emperor, who rules our land in name only. This place bears a storied place in Gashdzii history, the dawning place of Gashdzii identity, the great plateau on which our ancestors took refuge from the Byotrin savages, developed our religious rites, and slowly built an empire. The great temples to all the high gods, the imperial palace complex, the towering workshops, the noble estates, and the immense markets are all still here, and Pashdzii still dominates the east-west trade. Now, however, our state has come to occupy the city. In times past Pashdzii has been occupied by a provincial power, too, but usually homage was paid to the emperor and forces quickly decamped. Our seeming lack of intention to exit has sent ripples of discontent through the old Gashdzii world. To continue to occupy the imperial city would vastly enhance our prestige, but would be breaking the centuries old tradition of honouring the autonomy of the impotent emperor. It would be, in effect, finally ending the pretences of the ancient Imperial dynasty.;;;;;;;;;;;;;x 
EVT50168NAME;The Liberation of Pâshdzii?;;;;;;;;;;;;;x 
EVT50168DESC;Pashdzii, the ancient Imperial capital of our people, the vast metropolis at the heart of the Gashdzii plains, still houses the emperor, who rules all the old Gashdzii lands at least in name. But now, the contumacious soldiers of $FROMCOUNTRY$ have seemingly made a plan to ‘garrison’, for an indefinite amount of time the capital! In what seems to be a sham ceremony, undoubtedly under duress, the emperor has appointed the government of $FROMCOUNTRY$ to be the ‘imperial constable’ and protector of the capital and the lands of the Kiidnazh. Agents from the imperial palace are said to have reached out to the regional powers of the provinces to attempt to make contact with those who might stage an imperial restoration and save the Emperor from his captivity. ;;;;;;;;;;;;;x 
EVT50169NAME;The Occupation of Pâshdzii;;;;;;;;;;;;;x 
EVT50169DESC;Pashdzii is the largest city in Ishahfazh, the ancient imperial capital of the Kiidnazh, the empire of the Gashdzii, which dominated most of southern Ishahfazh for nearly 1000 years, and for many more centuries lay in the hands of her successor states. And Pashdzii is a truly incredible city, with its many millions of residents, its towering workshops, the headquarters of the Kadkohic synods, the imperial palace complex, and its colossal marketplaces, palaces, theaters, libraries - it lies at the forefront of all culture, science, and trade. And now this jewel of Ishahfazhi civilisation has fallen into our hands, though we are not Gashdzii. It appears that the Imperial dynasty had fled - it is not clear where to. The palace complex was locked and our soldiers have made it into a temporary home after breaking down the doors, looting many treasures in the process. There is seeming large-scale resistance to our rule, and soldiers are having some difficulty establishing control, but the military governor assures the department of the interior that order will be restored. We must fear, however, a Gashdzii reaction: they are not likely to quietly watch the despoiling of Pashdzii.;;;;;;;;;;;;;x 
EVT50170NAME;The Liberation of Pâshdzii?;;;;;;;;;;;;;x 
EVT50170DESC;Pashdzii, the ancient Imperial capital of our people, the vast metropolis at the heart of the Gashdzii plains, has been occupied, and seemingly annexed, by the foreign power of $FROMCOUNTRY$! It is not clear where the Imperial family has fled to: some are suggesting Vokonazh, others Vâfaut. In any case, imperial agents have put out a desperate flee to drive the despoiling savages from our great city. And despoiling there is: the treasures of our great civilisation, the imperial archives, the treasures of the synods and the very idols of the high gods are said to be being carried off by thuggish soldiers! And this is to say nothing of the suffering experienced by the people of the capital at the hands of foreign occupation: murder, rapine, torture, etc, are said to be common. Popular movements are already being organised across the old Kiidnazh and even the settled regions beyond the old borders for the liberation of the capital.;;;;;;;;;;;;;x 
EVT50171NAME;The Issue of Veyethu;;;;;;;;;;;;;x 
EVT50171DESC;Given the recent ascension of the Free-Yoker bands to government in our country, we have a difficult decision to make. Many of the free-yoker revolutionaries see themselves as soldier-citizens of the Sublime Veyethu, the state that carried the revolutionary mantle after the shattering of the old Athisard monarchy. There is a large bloc of our new revolutionary committee who propose incorporating the interim revolutionary state into the larger Veyethun state and ‘completing’ the revolution in our lands. However, there are dissenting voices, playing on regionalism and linguistic prejudice amongst the siethevans, who suggest it may be wiser to strike out on our own.;;;;;;;;;;;;;x 
EVT50172NAME;$FROMCOUNTRY$ Requests Annexation;;;;;;;;;;;;;x 
EVT50172DESC;It appears the people of $FROMCOUNTRY$ have overthrown their wicked aristocratic overlords and established a new Liberationist state. Furthermore, given the status of fromer $FROMCOUNTRY$ as a mere rump state formed after our revolution of 1297, after a few weeks of debating, they have formally petitioned for us to annex them and incorporate them into the true revolutionary inheritor of the old Athisard state! We have made contact with their revolutionary committee and are preparing the infrastructure for the general incorporation of their government into ours, by deputizing a number of their leaders as office holders in our state and passing a number of union acts. The Veyethun state grows ever stronger!;;;;;;;;;;;;;x 
EVTNAME50173;The End of the Vopudshawrish?;;;;;;;;;;;;;x 
EVTDESC50173;Recent revolutionary changes in the government of Poumnia have ushered in a profound change in our constitution. The dramatic overthrow of Vopudwou, the celestial emperor who we have long worshiped as a god has shaken the very foundation of the world. But now it seems we are at a loss for what to do - his majesty, it seems, is not God, but man. His kingdom fell and the rivers continued to run, and the sun continued to rise. The great carps continue to swim in the river, and the crops continue to grow. In certain regions, many of the imperial temples have been converted to messianic cults of a transcendent, unconquered and reborn world-spirit-emperor, and the Imperial clergy have been eager in encouraging this, bundling it with the spirit of reaction and militant conservatism. Some, however, announce the death-knells of superstition and tyranny, and welcome a more enlightened age.;;;;;;;;;;;;;x 
EVTNAME50174;The Anuvo Question;;;;;;;;;;;;;x 
EVTDESC50174;For centuries we people of the Pudwouvas valley have lain under the intolerable yoke of the noble elite of upper and lower poumnia. Most insulting and troublesome of all the iniquities we suffered was the lordly dependence on Anuvo - that race of stupid, towering, pale, hairless giants brought down by our slavers from the mountains - for much of their labour. We short and stout Poumnians have never been able to compete in the slightest with these beasts, who drive labor prices to zero. Now, since the Liberationist government has been established in the lands of the south, the entire country has erupted in anti-lordly violence, with manors sacked and sections of the Anuvo population massacred or captured by an amorphous class of Poumnian serfs and wretched freemen. It seems apparent the government should establish a dedicated policy to deal with the hated Anuvo populations on our lands. ;;;;;;;;;;;;;x
EVTNAME50175;Refugees Arrive in Drit;;;;;;;;;;;;;x 
EVTDESC50175;The recent revolution in Poumnia, and the consequent violence against the Anuvo people, has led in a number of districts the government to deport en-masse all registered Anuvo people. Seeing that the lands of the Ghechi Confederacy are the ancient homeland of the Byotrin people, to which the Anuvo belong, they have chosen the old province of Drit outside their borders to deport the Anuvo to. The Anuvon have been told it was going to be an 'Anuvonwrish' or an Anuvan state, but we of course cannot allow that. Nonetheless, we are obliged to deal with this vast ammount of refugees that the Poumnians have saddled us with.;;;;;;;;;;;;;x 
EVT50176NAME;The 'Gap Toothing Problem';;;;;;;;;;;;;x 
EVT50176DESC;Poumnia, beneath the jurisdiction of the Pudwou, is a large collection of fiefdoms of the noble houses, oftentimes formally 'military districts' that seemlessly blend into a noble patrimony, peppered by a number of districts governed directly by the Pudwou through the imperial clergy. The noble houses, especially the large ones, hold land up and down the great river, and tend to, as is their right, levy internal customs duties at every border. Their many small territories, like 'gapped teeth' along the river, are perennial interruptions of commerce and the barges. Ultimately, this money flows to the treasury, but modern economists argue that it vastly depresses the economy, and it is source of great resentment among the lesser nobility and the people. The courtiers of the privy council in $CAPITAL$ are discussing the matter today. By abolishing the internal customs, we may stand to gain much! §RNOTE: Both of these options are PERMENANT, pending a revolution, which removes gap toothing.;;;;;;;;;;;;;x 
EVT50177NAME;The Bafozhi Swine!;;;;;;;;;;;;;x 
EVT50177DESC;Our recent expedition to Bafozh has yielded results, which while notably disappointing to those in military and political circles, seemed to have thrilled the scientific world. The captain and one of his adjutant scientists have brought home what seems to be a small swine, not even fit to ride upon. The doctor babbled a lot of things to the colonial minister about the search for the ‘elusive Bafozhi swine’, tales of stalking this solitary creature for miles over scrubland, and the ‘astounding’ implications for both the theory of speciation and the theory of a land-connection in geological time between Ishahfazh and Bafozh, and, based on undeniable similarities he says, the relation between our own proud charging swine and wool-swine, and this strange, pygmy beast that has been dragged back to $CAPITAL$. ;;;;;;;;;;;;;x 
EVT50178NAME;The Gashdzii Peoples;;;;;;;;;;;;;x 
EVT50178DESC;The Gashdzii are one of the foremost cultures in Ishahfazh. Spreading from a small community in the center of the continent, in the plateaued savannahs, their vast empire and its successor states have dominated the east and center of the continent of Ishahfazh for the past millennium. Their ruthless and brutal expansion across the continent was characterised by relentless activity, urgency, and wanton cruelty, shaping these strong and enterprising peoples. The Gashdzii are known for their bold and daring characters, their charm, and commonsensical and practical minds. They speak three mutually intelligible dialects, North (or Vokonazhi), West (plateau or high), and South (plains). The colonial Jazhakdi speak a jumbled mix, and have a different cultural identity to all three Ishahfazhi regional identities.;;;;;;;;;;;;;x 
EVT50179NAME;The Gasdhzii Colonies;;;;;;;;;;;;;x 
EVT50179DESC;The first Gashdzii colony in Bafozh was established in 789 I.R., by the charter of Emperor Boshashovii the first. From this point onward, a number of Gashdzii states, substates, or principalities have maintained stations, fortresses, or even settler colonies in the east to attempt to open up trade with Ishahfazh. Gradually, three main settled areas took shape: the Hohreathy north, boasting of the Kushnâg state and diminutive Dozhnâg, both largely independent for most of their existence (both having charters as nominal parts of the Empire, from the Pashdzii government), attracting economic settlers seeking freedom and opportunity, the Settlements in Charassland, including Poponazh, the abortive imperial project organised by Jiishanâgi castellans, and Bozzanazh, the young filibuster state, and finally the Theanâg area, including the island, which remains a part of the Jiishanâgi state, as well as the nearby continental shores populated by free settlers.;;;;;;;;;;;;;x 
EVT50180NAME;Kushnâg;;;;;;;;;;;;;x 
EVT50180DESC;Kushnâg is the destination for all Gashdzii hopefulness, all those desperate or persecuted of the old empire. Declared an imperial province in 918 after the first settlers arrived in 916, it gradually developed and cultivated an identity of sober farmers. Often referred to as the birthplace of Jazhakdi culture, it boasts of a minor national literature. Major events in its colonial history include the first Hrussan war (1063-7), the ratification of the federal charter (1092), and the Dozhnâg war in 1154. The government is principally a federation of free cities and provincial districts. Many resolutions must be unanimous, leading to a high degree of decentralisation, with powers delegated to municipal corporations and provincial sheriffs/grand jury. The nominal head of state is the Imperial Lieutenant, who is still to this day dispatched from Pashdzii, and maintains a shabby townhouse residence in Niiz Kush. ;;;;;;;;;;;;;x 
EVT50181NAME;Poponazh;;;;;;;;;;;;;x 
EVT50181DESC;Poponazh is the largest Jazhakdi state by population, though a majority of these are the subjugated Cherassians. Poponazh was organised originally as a Jiishanâgi trading settlement in 953 by a number of wealthy castellans, merchants, and parliamentarians, and a number of impressive governors, such as Modazh Vazzunak (relative of the famous navigator), slowly subjugated the Cherassian and Gokami princes and tribes. The gradual extension of slave protection laws, increased popular participation in the judicial system, based on Motkohnic values, precipitated a break between the Poponazhi elites and the Parliament in Nozho in 1198. A powerful governor, Paudomenes Fiikazh, organised the colonial soldiery into his private army, and proclaimed independence, resisting lackluster Jiishanâgi bombardments of Shau Maug, constructing a dominical state based on his large slave plantations. A number of revolts in the cities, demanding return to a nâgine system, have challenged the Fiikazh dynasty.;;;;;;;;;;;;;x 
EVT50182NAME;Bozzanazh;;;;;;;;;;;;;x 
EVT50182DESC;Bozzanazh is the youngest of all the colonial states, settled as late as 1241, the state was organised by Bozza Shazavzhk, a Vokonazhi aristocrat, planter, investor, soldier of fortune, and disgraced naval officer. Bozza privately financed a small military expedition to seize the Gokami fortress on the Island of Dhamit, formerly Vohwan, after Gokami pirates, whom had been entangled with, began infringing upon his privateering and smuggling across the Zhibomgid. He converted the fortress into a private residence, refused to surrender the fortress to the crown of Vokonazh, and rapidly began attempting to organise his newfound lands into a productive agricultural plantation. Small campaigns against the coastal Gokami cleared new lands for the production of tuberous roots. At this point, Bozzonazh is recognised by all major powers except for Vokonazh, and the Island of Dhamit is a shockingly modern city in the east. The government is, essentially, the private property of Bozza, now a decrepit old man.;;;;;;;;;;;;;x 
EVT50183NAME;The Jazhakdi;;;;;;;;;;;;;x 
EVT50183DESC;The Jazhakdi are the colonial Gasdhzii. Ja-zhakd, meaning settler-person, was the Gashdzii term for those who dwelled in the large fortified settlements established in the long, slow march of Gasdhzii culture across Ishahfazh and still ongoing displacement of the peoples, beginning with the great savannah and pushing into the east and west. Those dwelling in the new world, with the first Gashdzii factory established in 789, in what is now Nyut in Wapkam on the straits of Midod, adopted such an identity as fortified settlers, and the name gradually transferred itself to Gasdhzii living in Bafozh. Unlike their metropolitan brothers, the Jazhakdi are known for their scorn of aristocracy, their egalitarian values, and fierce piety. The Jazhakdi speak a mix of the dialects, with a number of quite antiquated terms.;;;;;;;;;;;;;x 
EVTNAME50184;Foreign Railways;;;;;;;;;;;;;x
EVTDESC50184;It started slowly at first. A few explorers, surveyors, adventurers, who learned our language and talked to our people. Then, soldiers, labourers, and financiers, and then there was a large, foreign owned and controlled railway in our land! This line has shaped the regional economy, first attracting wage-labourers, those with beasts to rent, and stimulated logging and mining. Now, it carries passengers, freight, and other goods to ports and merchant ships. But this track has also been accused of destroying traditional life: villagers were uprooted, their children flock to the cities, learn the language of the overseas factors, the price to use the rail is extortionate, and allows the foreigners to flood our country and strip it of its wealth. A number of militant anti-foreign societies have formed, and some, it is known, are clearly planning to wreck a line of track, with the aid of those in local governance. We could stop this, or tacitly accede.;;;;;;;;;;;;;x
EVTNAME50185;Savages Attack Railway!;;;;;;;;;;;;;x
EVTDESC50185;A number of savage states have granted our great firms, as well as our government, concessions to build passenger and freight rail in their lands, and indeed some primitive states are so poorly administered that we have only needed to maintain a few guard posts in the tractless wastes and dispensed entirely with the trinket ‘purchases’ of land. These railways have hauled freight and labour out of the interior of the foreign lands into the hands of our merchants, captains, and planters. They are, for all intents and purposes, part of our imperial and fiscal network. Recently, however, the impudent beasts in $FROMCOUNTRY$ have attacked and wrecked a station on the $COUNTRY_ADJ$-$FROMCOUNTRY$ Railway Charter’s main line! Natives, wielding rifles and swords, slaughtered a small guard post in the night, and used some horrid creatures of burden to pull up the sleepers, and scatter the ballast, leading to a spectacular derailment! The government and the investors are crying out for order and justice!;;;;;;;;;;;;;x
EVT50186NAME;The Study of Paorusu;;;;;;;;;;;;;x
EVT50186DESC;The witch cults of the Southern lands of Kovazh, have been, for a long time, in our societies’ collective knowledge. Travellers and traders to the ‘tea coast’ have long had native friends and contacts who venerate one of the particular deities. But myths abound, and there has not yet been a comprehensive study on this faith, its origins, and its cosmology. One of our citizens, a private trader working in the provinces, has, upon making his fortune, returned home to $CAPITAL$ and has written a large, multivolume assessment of the Parosus faith, connecting the venerated witch-women avatars to what he terms a large, ancient pan-kovan pantheon, of which he also suggests the silent god of the Momurists was once a member. He suggests that the witch-cult developed after literate priestesses were able to write in the hieroglyphics of ancient Kova, in the many years after the first Kovan collapse, during which the temples were centres of life and culture.;;;;;;;;;;;;;x
EVTNAME50187;A Day in $PROVINCENAME$;;;;;;;;;;;;;x
EVTDESC50187;The modern world has arrived to $PROVINCENAME$, with, regrettably, all its attendant evils in tow. When the first factories went up, their new brick smokestacks proud in the sun, the town began flourishing, attracting migrants from the countryside, commerce to provide for the burgeoning industrial population, and making the fortunes of many capitalists and merchants. Now, however, a swarthy gloom sits over the town and its since-wretched new denizens: billows of black smoke settle upon the dismal giant slums and tenements that have risen to house an ever-growing workforce of the most wretched of society. A large, dissent, urban reform league has formed to protest conditions, and the legislature is debating how to address the unrest.;;;;;;;;;;;;;x
EVT50187OPTA;Would they prefer to live out their days in a cell instead?;;;;;;;;;;;;;x
EVT50187OPTB;The Statist element's thoughts on urban planning are intriguing...;;;;;;;;;;;;;x
EVT50187OPTC;The Liberationist critique of urbanism is quite stirring...;;;;;;;;;;;;;x
EVTNAME50188;Threat of a Statist Takeover;;;;;;;;;;;;;x
EVTDESC50188;The Statist element in our society, regrettably, often functions as a society within a society. Denouncing traditional government and commerce as typically ineffectual, statist industrial cooperatives, usually with aid from their wealthy financiers and organisers, are notorious for evading customs, taxes, and developing closed, integrated networks. In a certain province, things have gotten particularly out of hand. A large network of producers and consumers have declared a tax-boycott against the provincial authorities, and have begun establishing their own ‘volunteer’ municipal and provincial comptrollers to build and maintain “private infrastructure”. The regional authorities began negotiations when efforts to stop what is effectively smuggling by force faltered. The major cooperatives say they will comply again if both a number of ‘onerous dues’ are abolished, certain commercial and legal codes rationalised, and ‘corruption and sinecurism’ is reduced in local government.;;;;;;;;;;;;;x
EVT50188OPTA;Just wait until their utopian enterprise fails... then we'll prosecute!;;;;;;;;;;;;;x
EVT50188OPTB;Stall, make hollow promises, and enact piecemeal reform.;;;;;;;;;;;;;x
EVT50188OPTC;Send in the army! Kill them all!;;;;;;;;;;;;;x
EVTNAME50189;Resistance to Commoning;;;;;;;;;;;;;x 
EVTDESC50189;A core tenet of the liberationist critique of traditional society is the rejection of lordly prerogatives over land, and the praise of the village system as the ideal way by which society should be organised. Following the news of the sacking of the capital and the establishment of the free-yoker regime, the provinces have erupted in a conflagration of anti-lordly sentiment. Manors have been set alight, pillaged, and the nobles therein tortured and killed. Registers of feudal documents have been found and destroyed, and it seems that a new settlement has emerged in the countryside of peasants and villagers seizing a great degree of acreage from the nobility. However, since the government arrived in the provinces, to enforce the commonisation of the lands, there has been great resistance to this on the behalf of the new landowners: the once-yoked peasantry. There is currently a debate in the legislature about establishing or identifying titles to land ownership between radical liberationists, and those who are content with the status quo. ;;;;;;;;;;;;;x 
EVTNAME50190;Smallholders and the Economy;;;;;;;;;;;;;x 
EVTDESC50190;Our society, since the establishment of an anti-lordly settlement of land ownership, is a society of peasant smallholders. Rural society is not organised along the lines of large estates owned by an aristocrat-cum-capitalist and managed by a factor, but along the lines of moderately sized, sufficient family farms. Unlike neighbouring societies, where enclosed commons and managed estates have enabled the rapid commercialisation and industrialisation at scale of the agricultural sector, driving large sections of the population to look for urban work, to a notable extent, this has stemmed the flight to the city in our state. Peasants have fewer children, with a mind to pass the farm on to their eldest son - industry grows slower, with less demand for urban commodities - countryside life remains less automated, without the capital to purchase machines and work with economies of scale, making agricultural work in general more labour intensive. While some fear this disadvantages us, it also seems to provide a more stable social configuration.;;;;;;;;;;;;;x 
EVTNAME50191;Smallholders and the Economy;;;;;;;;;;;;;x 
EVTDESC50191;As industrial changes continue to proliferate throughout our society, we once again are reminded that our relatively unique land tenure pattern somewhat insulates against us from some of the major demographic changes affecting other societies, by reducing the possibility of the consolidation of large agricultural estates and firms. ;;;;;;;;;;;;;x 
EVTNAME50192;The end of smallholding;;;;;;;;;;;;;x
EVTDESC50192;The recent government reforms effective the collectivisation of agriculture has signified the successful, and largely incident free transition from a society of smallholders and small farms to a modern, collectivised economy. The new law is sure to anger a few holdouts, but the gradual reforms have carried most of the population with them in opinion.  ;;;;;;;;;;;;;x
EVT50193NAME;Explorers Return!;;;;;;;;;;;;;x
EVT50193DESC;Our recent expedition to Bafozh has returned. They report few incidents, beyond the usual hardships and joys of trekking through the rugged landscape of Bafozhi - fires, insects, floods, freezing cold, sweltering heat, sublime vistas, breathtaking landscapes, unspoilt nature. They made a number of comprehensive survey maps of a number of regions of Bafozh, detailing major rivers, salient topography, soil types, and information on native polities and peoples in this region. Commercial and military circles have already taken interest in these surveys, and propose sending out prospectors or factors to lands earmarked as possibly mineral rich or fertile, or to notably wealthy native communities to capture the local trade in luxuries or staples.;;;;;;;;;;;;;x
EVT50194NAME;$FROMCOUNTRY_ADJ$ Influence Grows;;;;;;;;;;;;;x
EVT50194DESC;A few months ago we observed the progress of a number of $FROMCOUNTRY_ADJ$ explorers making their way through our land - they stopped at villages, talked to trappers, farmers, nomads, and made a comprehensive survey of our land. Locals report that they made a rendezvous with their transports at a tranquil cove on our coast a few months ago. Now, however, we have seen a deluge of people from $FROMCOUNTRY$ in our land. Merchants, prospectors, and even occasional settlers seemingly have made use of the survey maps made by the $FROMCOUNTRY_ADJ$ government based on the exploratory expedition. We are right to say our nation is increasingly falling under the influence of $FROMCOUNTRY$.;;;;;;;;;;;;;x
EVTNAME50195;Something in the Air...;;;;;;;;;;;;;x
EVTDESC50195;It is often said that our nation languishes, mired in vice and sin, having strayed from the righteous teachings of our fathers. Or at least, so says the new religious league that has formed in many cities, towns, and provinces in our land. Headed by a number of iconoclastic preachers, it is largely organised by a religiously minded laity, who have often run into conflict with the established church and their settled ways. They organise charity efforts, mass meetings, and encourage people even to absent clerical events organised by clergymen they do not deem sufficiently zealous. On the other hand, certain factions within the church, led by more extreme members of the lesser clergy, suggest this a symptom of a church that has been made too weak to meet the spiritual needs of the people, its range of action fettered by an overmighty secular state. The nation has erupted into popular debate about what to do about the relationship between the state and the church, but the consensus seems to be that… ;;;;;;;;;;;;;x
EVT50195OPTA;... it is time to throw off the spiritual yoke of the wicked Magi and their pawns!;;;;;;;;;;;;;x
EVT50195OPTB;... a benevolent but authoritative Church-State will restore virtue and righteousness!;;;;;;;;;;;;;x
EVTNAME50196;Heretical Congregation;;;;;;;;;;;;;x
EVTDESC50196;In $PROVINCENAME$, a collection of local parishioners have been listening, rather than to the proscribed authorities, but rather a particularly charismatic miller among their own ranks. He seems to have set up his own congregation, preaching his own radical and strange cosmology and interpretation of the faith. Local clergy accuse him of ‘introducing multitudinous errors, dangerous falsehoods, fornicating on holy days, collecting personal tithes, corrupting the youth, and drawing souls away from the true faith into superstition and ignorance’. The clergy itself made a few efforts to quash the heresy, but it appears the local congregation is protecting this notorious man, and themselves have come to believe these atrocious lies! In a shocking confrontation, they declared that they have a right to listen to whatever teachings they choose!;;;;;;;;;;;;;x
EVT50196OPTA;Arrest the leaders and occupy the surrounding countryside!;;;;;;;;;;;;;x
EVT50196OPTB;Let the people of $PROVINCENAME$ be, they are harmless;;;;;;;;;;;;;x
EVTNAME50197;A Reactionary Cabal;;;;;;;;;;;;;x
EVTDESC50197;In one of our provinces, we are seemingly having a lot of administrative problems. Our state is, in many ways, still a pre-modern one. The regional government remains, beyond deputies sent from the central government, who have a degree of influence over these matters, remarkably susceptible to obstruction by aristocrats on local juries and boards. These men of leisure and prominence are typically appointed out of habit and convenience, and usually they are fairly quiescent, but in one province, they have taken it upon themselves to organise the administration. They have established a system of patronage for lesser appointments in the province, seem to be coincidentally underreporting taxes and yields, while all the while taxing their serfs and own subjects oppressively, seemingly lining their pockets and driving local industry into a recession. The local governor has appealed to the central government for the military force to break this ‘cabal’ of corrupt landowners.;;;;;;;;;;;;;x
EVT50197OPTA;Look the other way;;;;;;;;;;;;;x
EVT50197OPTB;The law must be properly enforced!;;;;;;;;;;;;;x
EVT50198NAME;Explorers Return!;;;;;;;;;;;;;x
EVT50198DESC;The expedition we sent to Bafozh has returned with a tale of horror! While their expedition began successfully, and they made progress on charting large sections of the continent, in the lands of a particular savage state, they ran afoul of a native prince who seemed to attempt to rob and then slaughter the expedition! After a week of beleaguered retreat away from the prince, his swineriders, and his savage troops, who apparently harassed the expedition day and night, despite persistent attempts by the expedition to drive him away by firepower, they finally made it out of his lands and to the coastal rendezvous with the military ships. However, not without costs: a number of soldiers were wounded in the skirmishing, and the hardships of harassed retreat left them untreated. Multiple soldiers perished, and others have suffered grievous bodily harms and disability. Whatever happened - errors in translation, transgression of holy precincts, nothing seems to justify the suffering of our expedition.;;;;;;;;;;;;;x
EVT50199NAME;A Great Oecumenical Synod;;;;;;;;;;;;;x 
EVT50199DESC;A great synod is gathering in $CAPITAL$, attracting representatives and theologians from all the Motkohnic world, spurred by an exchange between two eminent theologians. The analects of Kauzhut, ‘Mifachazhafta’, ‘Donavvat’, form the central corpus of Motkohnic doctrine, but the various apocryphal accounts of his floruit inform various, divergent ethnico-juridical traditions. The Motkohnic insistence on absence of meaningful ‘life’ after death, leads its followers to place great, sober, significance on their conduct in this life. Traditional Gashdzii piety suggests the souls of wicked will serve to hold up the very world after death, but Kauzhut taught that the Celestialite could hold the world on the tip of its finger. The ‘dapk’ school, or the retributivist school, emerged quickly after Kauzhut's death, who argue that the community, and the state, have a moral responsibility to punish the wicked, even by torture and the prolonging of life, in this life, and that death is undue freedom. The ‘madmhomak’ or ‘individualist’ school emerged somewhat later, arguing that Kauzhut's teachings have made right action the profound existential burden of the individual.;;;;;;;;;;;;;x 
EVT50199OPTA;Make sure the state church sends retributivists, at the very least.;;;;;;;;;;;;;x
EVT50199OPTB;We should encourage the individualist faction, naturally.;;;;;;;;;;;;;x
EVT50199OPTC;This is a great honour for our state!;;;;;;;;;;;;;x
EVT50200NAME;Departure for the Synod;;;;;;;;;;;;;x
EVT50200DESC;There is a great oecumenical synod in $FROMCOUNTRY$, hosting Motkohnic scholars and delegates from across the Motkohnic world. We maintain the right to select those who will go from our state church, but the decentralised and personal nature of the Motkohnic faith means that a number of delegates from smaller communities, churches, and unaffiliated private individuals also plan to go. A number of unscrupulous ministers in the state religious colleges have proposed a number of underhanded methods to ensure that principally those who are amenable to our governments view on the matter attend the synod. We must choose between the ‘dapk’ school, or the retributivist school, who argue that the community, and the state, have a moral responsibility to punish the wicked, even by torture and the prolonging of life, in this life, and the ‘madmhomak’ or ‘individualist’ school, who argue that Kauzhut's teachings have made right action the profound existential burden of the individual.;;;;;;;;;;;;;x 
EVT50200OPTA;Pay for the transportation of the retributivists across our land.;;;;;;;;;;;;;x
EVT50200OPTB;We in $COUNTRY$ will make sure individualists are sent, of course.;;;;;;;;;;;;;x
EVT50200OPTC;Let the state church send what it likes, and encourage all who wish to go.;;;;;;;;;;;;;x
EVT50201NAME;The Resolutions of the Synod;;;;;;;;;;;;;x 
EVT50201DESC;We have finally learned of the resolutions of the Great Oecumenical Synod held. The issue of punishment was one of the most contentious issues in the early church, and most corporate bodies chose to adhere, per preference, to a certain legal tradition, and the mainline common-law tactfully maintained a plural attitude. This resolution produces the greatest threat in Motkohnic history of schism and fracture: we are already hearing rumblings of certain state churches and bodies refusing to recognise the verdict. As a Motkohnic state, we have certain legal responsibilities to our subjects: corporate-social-civil bodies as a source of lawgiving and teaching are essential to Motkhonic tradition. If we were to reject the ruling, it would likely enrage certain sections of our population, and enrage those who remain in communion, but should our ministers and churchmen prefer it, or see it more expedient, we could quite rightly claim to be maintaining our own legitimate legal custom.;;;;;;;;;;;;;x 
EVT50201OPTA;We will accept the resolutions of the synod.;;;;;;;;;;;;;x
EVT50201OPTB;No, these men have strayed from the teachings. We will go our own way.;;;;;;;;;;;;;x
EVTNAME50202;Alarming Cases of White Flux;;;;;;;;;;;;;x 
EVTDESC50202;The White Flux is a disease that is well known to our society. The disease reliably appears in the historical record around 600 years ago, coming from somewhere in Bafozh. The First Great White Flux epidemic is widely believed to have hastened the uncoupling of the Gashdzii Kiidnazh. It is due to its characteristic hemorrhaging of milky white pus from facial orifices, coughing fits, fever, aches, confusion, delirium, and occasionally bouts of seizures, that the disease is called ‘the White Flux’. Victims seem to eventually lose their capacity for breath due to lung-sac damage and the pus-filled swelling of the lung sacs, and die of hypercapnia and anoxia. It seems to have languished in pockets of society for many years, but recently we have noticed a frighteningly virulent strain in one of our provinces. It seems the pathogens linger for much longer, and the disease is rapidly spreading throughout the cities and towns, with many shuttering their windows and doors, or fleeing to the countryside, in terror of this frightening spectre looming over society, while those afflicted stumble around the empty streets spewing pus and gasping for breath. ;;;;;;;;;;;;;x 
EVT50203NAME;The Synod Convenes;;;;;;;;;;;;;x 
EVT50203DESC;The day has arrived. The great Oecumenical synod has convened in $CAPITAL$. Hundreds of eminent clerics, writers, and intellectuals have encamped in the great meeting house of the capital, from all around the world. The sober clerics from Kush, dressed in dour, rough cloth - the slight, nervous, urbane writers from Jiisha - the sturdy, jolly Dhukk preachers, from the borderlands - the weathered hermits from the Gizhpt mountains. It has been over 70 years since the last the Synod convened, at the urging of the Jiishanâgi Lord Minister, over the question of the infinity or creation. This synod proceeds less under the oversight of temporal might, but the proceedings are much the same: our leader, nominal head of our state church, deputises a president and a secretary, and the resolutions are considered binding for all those who consider themselves in communion with the mainline Motkohnic legal corpus, which includes a large number of states and sub-state communities. ;;;;;;;;;;;;;x 
EVT50204NAME;x;;;;;;;;;;;;;x  #ai event player will never see
EVT50204DESC;x;;;;;;;;;;;;;x 
EVTNAME50206;The Artisan's Demand;;;;;;;;;;;;;x
EVTDESC50206;In one of our provinces there is a new political movement that has organised itself. Under one particularly active man, apparently an artisan who has been driven out of business by the new machines, there is a league agitating for the curtailment of capital and technological industry. They have formed into small gangs, smashing machines, singing songs denouncing capital, and have appealed to local aristocrats to maintain a ‘customs’ barrier, demanding the curtailment of local industry and the protection of the guilds via regulations. They have even, on occasion, made trouble for members of the constabulary and the gendarme who have been posted by regional authorities to protect factors, machinery, and other implements of industry. The issue has seemingly festered, and the league has become practically a militant reactionary group, attracting all sorts of troublemakers: aristocratic pretenders, conservative rabble, and mere opportunists.;;;;;;;;;;;;;x
EVT50206OPTA;He makes a fair point!;;;;;;;;;;;;;x
EVT50206OPTB;Bah, I don't have time for this reactionary drivel;;;;;;;;;;;;;x
EVT50206OPTC;This dangerous seditionist and his followers must be put to death!;;;;;;;;;;;;;x
EVTNAME50207;Foreigners Demand Open Country!;;;;;;;;;;;;;x
EVTDESC50207;Our recent defeat by a great modern power has compelled us, as well as paying them extortionate sums of money, to establish a government that tolerates the various extraterritorial concessions we have made. Along with signing away a number of ports, they’ve wrung from us a great many railway concessions, and stipulated that the only political authority they will tolerate is that of the modernisers who respect these treaties. These wretched men have formed a government in $CAPITAL$, with the begrudging presence of our head of state, and the company of a number of smarmy representatives of the modern power, who were insufferably smug throughout the event.;;;;;;;;;;;;;x
EVTNAME50208;The Problem of Sog;;;;;;;;;;;;;x
EVTDESC50208;The Diminutive State of Sog was organised by our forces, under famous general Mrakun Sha-Gosod, in his protracted invasion of what was still then partially Athisoron lands, after the Vewugist revolution of 1297. The war lasted nearly 7 years, and Sha-Gosod had maintained the Sog region as his base of operations in the war against the Veyethun, but, since no formal treaty was signed, even after the end of hostilities in 1305, we didn’t decamp from Sog until 1307. Sog has, since then, remained basically under the control of the same conservative collaborators. Now, however, since hostilities have broken out again with the Sithevans, the chief of staff has suggested we establish military governance over Sog for the sake of once again establishing a base of operations against the Siethevans. The problem is, Sog maintains nominal independence - the military seems in favour of issuing a perfunctory communique and simply crushing the Sogan government if they resist.;;;;;;;;;;;;;x
EVTNAME50209;The Poumnian Demand;;;;;;;;;;;;;x
EVTDESC50209;The Poumanian Foreign Ministry has issued a short communique declaring to us their intention to once again occupy Sog as a military protectorate, and to suspend our nominal diplomatic independence, as well as control of our borders! ;;;;;;;;;;;;;x
EVTNAME50210;Ancestral Home of the Midodazh Family;;;;;;;;;;;;;x
EVTDESC50210;The county of Midod was first described in the early 300s, I.R., and by the mid 400s, in the reign of Godhiimâdho the fat, we find imperial records of regional office holders in the Vokonazh describing a castellan family ‘Midodazh’ [of Midod]. Dhov Gaumishig Midodazh was made lord of the Voshkt, a substantially greater territory, and from his serfs organised a powerful and effective army, with the lords of the Voshkt gradually assuming more and more power in the Vokonazh borderlands. In the struggle between Ishahmenes II of Vokonazh and Emperor Bozzamâdho IV, who reconquered the northern principalities, and disributed them among lesser men, Midod, in fact, was lost, but House Midodazh was already certain masters of the east. Now, Gozomedes II, heir to this great lineage, has reconquered Midod. Visiting his family sepulchres, and even the great cairns built by his oldest ancestors, his loyal soldiery tremble at this man of destiny who stands equal to the emperors of old.;;;;;;;;;;;;;x
EVT50210OPTA;May Gozomedes and his kin pray at the familial sepulchre once again!;;;;;;;;;;;;;x
EVTNAME50211;The Holy Yauje Valley;;;;;;;;;;;;;x
EVTDESC50211;The Holy Yauje Valley is the birthplace of the Sedentarian Faith. The ‘virtues of the solid man’ were first proclaimed by the Philosopher-King Osjunnet in this very valley, where he ruled the city state of Gohn-Peth, one of the oldest neolithic sites in Ishahfazh, around nearly 5000 years ago. This great lawgiver brought order to the restless nomads in the hinterlands beyond his borders, in the Sem flatlands. He taught how mother earth and father sky raise together harmonious life through agriculture, duty, and timeless order. But for many centuries, this holy land, where one can still see the old neolithic towers, was defiled and destroyed by another sort of nomad: the Bogoran Vewugist conquers, in the 6th century, in their brutality and wanton carelessness, drove many ancient sedentarian settlers from this old land. But now this ancient injustice is righted! Now we, a Tehuhrite people, finally rule this land again, and all rejoice for justice is done!;;;;;;;;;;;;;x
EVT50211OPTA;And we shall hold it for another changeless 5000 years.;;;;;;;;;;;;;x
EVTNAME50212;FOR AI DONT LOCALIZE;;;;;;;;;;;;;x
EVTNAME50213;$FROMCOUNTRY$ Targeted for Vewugi Mission!;;;;;;;;;;;;;x 
EVTDESC50213;The Pagans of $FROMCOUNTRY$ have long been a concern of major Vewugist missions. Long gone are the days when our force of arms were vastly superior to those of our neighbours, and Vewugism spread easily on the back of the conquest. Today we send missionaries around the world, to live amongst the pagans, spread religious catechisms, and evangelise the heathen, spreading the favour of the Vewug, and gaining his favour in doing so. One mission group in $FROMCOUNTRY$ has recently in fact reached out to us, communicating to us that they believe the local potentate there is close to conversion, and that some impressive gifts and some scholars, the means to establish a press publish texts, all to translate texts to their tongue and distribute them, would surely secure $FROMCOUNTRY$ to the patrimony of the great Vewug! The foreign office is the official guarantee for missionary societies, and must decide what to do. ;;;;;;;;;;;;;x
EVT50213OPTA;They will have all that they need!;;;;;;;;;;;;;x
EVT50213OPTB;We can spare some of what they ask for;;;;;;;;;;;;;x
EVT50213OPTC;We have a few coins laying around the coffers, right?;;;;;;;;;;;;;x
EVT50213OPTD;Good luck with that!;;;;;;;;;;;;;x
EVTNAME50214;colonial stuff for ai;;;;;;;;;;;;;x
EVTDESC50214;x;;;;;;;;;;;;;x
EVTNAME50215;colonial stuff for ai;;;;;;;;;;;;;x
EVTDESC50215;x;;;;;;;;;;;;;x
EVTNAME50216;Red Flux Outbreak!;;;;;;;;;;;;;x
EVTDESC50216;The Red Flux is a truly sickening disease that causes unending bloody vomit and diarrhea, followed by hemorrhaging of blood from all orifices, and leaves survivors marred by small red pockmarks caused by inflammation of the skin. Called 'The Poumnian Gift', its belived that reservoirs of the pathogen lurk in the turgid and warm waters of the great Pudwouvas river, for this is where the disease most frequently strikes and then spreads from. Typically, the disease destroys its hosts so rapidly that it cannot spread quite far, but it seems like an alarmingly virulent strain of the red flux has emerged in one of our lands. It’s not exactly clear how it emerged, but the scenes of the hospitals in the region where it first emerged are truly gruesome, caked in blood and bodily refuse, with hopeless medics fleeing from patients who are left to die in pools of their own fluids. These are dark times, and religious authorities are declaring this a punishment of transmundane power, while individuals brace for what could be an alarming pandemic of the red flux!;;;;;;;;;;;;;x
EVTNAME50217;Wasting Sickness Returns!;;;;;;;;;;;;;x
EVTDESC50217;The so-called ‘Wasting Sickness’ is an extremely ancient illness. Characterized by hair loss, atrophy, the breaking down of skin into large lesions, loosening of the skin from the bones, creating the ghastly appearance of a corpse in the victim, it has for millenia fuelled nightmares and terror of ghouls and the living dead, those afflicted are typically killed, shunned, and isolated. Experts speculate that it first emerged in Hominid populations with the rise of animal husbandry and agriculture, due to its spread by the vector of flies, who bite festering wounds and then spread this to the healthy tissue in others. The disease seemingly has been absent in many parts of the civilised world for quite some time, but it seems that this has changed. It seems that, somehow, the disease has found its way into fly populations again, and doctors are noting a terrifying rise in necrotising flesh in the population at large. Primitive measures of insect control, such as jars of sugary water, mitigate the spread somewhat, but those working in animal agriculture or in food handling in general are particularly at risk. It remains to be seen if this outbreak will get worse.;;;;;;;;;;;;;x
EVTNAME50218;ai disease ticker;;;;;;;;;;;;;x #no loc needed
EVTDESC50218;x;;;;;;;;;;;;;x
EVTNAME50219;ai disease ticker;;;;;;;;;;;;;x #no loc needed
EVTDESC50219;x;;;;;;;;;;;;;x
EVTNAME50220;Pot-Belly Pox Epidemic!;;;;;;;;;;;;;x
EVTDESC50220;The dreaded ‘pot-pelly pox’ has struck one of our provinces. This disease has long been an endemic scourge of the world, causing fever, malaise, and then the characteristic swelling of the lower abdomen, with the eventual protrusion of pox-like ridges across the skin in this area. It is particularly notable for affecting and killing infants and young children. In ancient times, the pox was construed as a demonic mirror of pregnancy, but in the modern age, it is clear that this is just a pestilence like others. It is not exactly clear what sort of reservoir was host to this illness. Polluted water supplies are the most likely cause. Local officials and clergy members noticed first a collection of orphans showing this illness, and then quickly the elderly, and other vulnerable populations. They have urgently addressed our government seeking support for the quarantining of afflicted regions.;;;;;;;;;;;;;x
EVTNAME50221;Blinding Cough Epidemic!;;;;;;;;;;;;;x
EVTDESC50221;The ‘blinding cough’ has struck one of our provinces. This epidemic is known for its particularly grotesque marring of the throat and eyes, causing these regions to necrotize and the tissue to peel away, hence the appellation ‘blinding cough’. It typically leaves mass disability in its wake, and is rightfully feared. Indeed, those blinded by this pathogen are an ancient motif in art, and ‘cough houses’ are a typical nicknames for institutions designed to host the indigent and disabled paupers in society. As such, this dreadful illness leaves a lasting burden on society, beyond just killing. Public officials first identified it as present in the province by monitoring intake in charity and state run hospitals, with notable sections of the poor displaying the disease progressing to an alarming extent, and have urged the government to take action to prevent the spread of this horrendous illness. ;;;;;;;;;;;;;x
EVTNAME50222;An Outbreak of Cudfeeder's Flu!;;;;;;;;;;;;;x
EVTDESC50222;The ‘Cud-Feeder’s Flu’ has struck one of our provinces! This gastrointestinal problem seems to notably afflict those who consume infected thrall-meat (called so from the typical reliance of ruminant hominids as thralls), causing malaise, confusion, and dysentery. Doctors believe that the practice of letting thralls ‘grub’ in the scrublands for their subsistence of roots, grasses, and insects, exposes them to pathogens in the humus. The chronic maltreatment of thralls means that sick and weak thralls are often merely culled and sold early, before they can themselves die of the disease. There was likely some sort of infected meat present in this region, and now the bacterium is flourishing throughout our population, for it seems to be able to spread through water supplies as well. Medical experts in the area suggest that the government establish a cordon sanitaire to prevent transmission to further regions, and indeed thrall keeper cartels are eagerly lobbying the government to prevent the spread. ;;;;;;;;;;;;;x
EVT50223NAME;The Kusii Bloodletters;;;;;;;;;;;;;x
EVT50223DESC;The main problem our colonial administrators have in our lands in colonial Shobgizob is the persistent bloodletting done by the Kusii faithful. Despite efforts to forbid this practice, they still continue to maintain clandestine meetings at the officially proscribed temples and kill large amounts of animals and even people, which is a serious impediment to colonial governance, an insult to our laws, and generally a waste of the population resources of the state. Our current governor, in an effort to properly enforce the laws which forbid their cult (which have largely been ignored out until now out of practical necessity in not enraging a colonial populace), has submitted a report to $CAPITAL$, requesting permission to forcibly engage a detachment of sailors and soldiers to be employed in the dismantlement of their ghastly temple complexes, and to pay a scholar to study their strange faith in an effort to understand what drives them to this bloodshed.;;;;;;;;;;;;;x
EVTNAME50224;x;;;;;;;;;;;;;x #EVENT ONLY FOR AI, NO HUMAN WILL EVER SEE
EVTNAME50225;x;;;;;;;;;;;;;x #EVENT ONLY FOR AI, NO HUMAN WILL EVER SEE
EVTNAME50226;Negotiations with the Empire;;;;;;;;;;;;;x
EVTDESC50226;Since passing a resolution to invite Dehuogi settlers into our lands, the Assembly of the Old Clans is putting together a delegation to negotiate with the foreign ministry of the Rannu. The Court in Vepht is notorious for its opacity and sensitivity - and the delegates are anxious not to blunder what could be a unique chance for the audience with Rannu. Before heading eastward to the border stations in Sem, there has to be a decision made on what to offer in exchange for Rannutan facilitation of Dehuogi migration. ;;;;;;;;;;;;;x
EVTNAME50227;Negotiations with the Empire;;;;;;;;;;;;;x
EVT50226OPTA;Surely they'll just be jolly to aid their allies?;;;;;;;;;;;;;x
EVT50226OPTB;We should offer to pay for transport. §R(¤500,000)§!;;;;;;;;;;;;;x
EVT50226OPTC;We should pay for transport, and compensate them further. §R(¤800,000)§!;;;;;;;;;;;;;x
EVT50226OPTD;Grant them control of their Sedentarian holy valley! §R(Cede Land!)§!;;;;;;;;;;;;;x
EVT50227OPTA;Surely they'll just be jolly to aid their allies?;;;;;;;;;;;;;x
EVT50227OPTB;We should offer to pay for transport. §R(¤500,000)§!;;;;;;;;;;;;;x
EVT50227OPTC;We should pay for transport, and compensate them further. §R(¤800,000)§!;;;;;;;;;;;;;x
EVT50227OPTD;Grant them control of their Sedentarian holy valley! §R(Cede Land!)§!;;;;;;;;;;;;;x
EVTDESC50227;Since passing a resolution to invite Dehuogi settlers into our lands, the Assembly of the Old Clans is putting together a delegation to negotiate with the foreign ministry of the Rannu. The Court in Vepht is notorious for its opacity and sensitivity - and the delegates are anxious not to blunder what could be a unique chance for audience with the Rannu. Before heading eastward to the border stations in Sem, there has to be a decision made on what to offer in exchange for Rannutan facilitation of Dehuogi migration. This is to be our bid to get them to comply, but of course they can refuse and we will keep our offer. We must keep in mind that if the Rannutan have state serfs to give, they will likely send us far more souls.;;;;;;;;;;;;;x
EVTNAME50228;Bogoran Envoys Arrive!;;;;;;;;;;;;;x
EVTDESC50228;We have just received a deputation from the Bogoran lands with the most curious proposal. The ministers of state are meeting in conclave before producing a reply to the Bogorans. They have proposed that we deport a large amount of the Dehuogi of the east of the empire to Bogoran lands, where they will become privileged settlers. The Dehuogi are a perennial thorn in our side - their horrendous Hajduks and bandits claim to serve the deposed pretenders of House Budobam, a puppet of the Vokonazhi, and the average Dehuogi brute drags his feet through every command. Whether we sent them a collection of troublesome serfs, or cleared out some artisan settlements, it would give us more certain control of this troubled region, though the prospect of deportations is sure to engulf the region in anger. The Bogorugi have patiently put this request before us.;;;;;;;;;;;;;x
EVTNAME50229;Inauspicous Envoys Arrive;;;;;;;;;;;;;x #EVENT ONLY FOR AI, NO HUMAN WILL EVER SEE
EVTNAME50230;Bogoran Envoys Arrive!;;;;;;;;;;;;;x
EVTDESC50230;We have just received a deputation from the Bogoran lands with the most curious proposal. The ministers of state are meeting in conclave before producing a reply to the Bogorans. They have proposed that we deport a large amount of the Dehuogi of the east of the empire to Bogoran lands, where they will become privileged settlers. The Dehuogi are a perennial thorn in our side - their horrendous Hajduks and bandits claim to serve the deposed pretenders of House Budobam, a puppet of the Vokonazhi, and the average Dehuogi brute drags his feet through every command. Whether we sent them a collection of troublesome serfs, or cleared out some artisan settlements, it would give us more certain control of this troubled region, though the prospect of deportations is sure to engulf the region in anger. The Bogorugi have patiently put this request before us, and offered to pay for transportation;;;;;;;;;;;;;x
EVTNAME50231;Bogoran Envoys Arrive!;;;;;;;;;;;;;x
EVTDESC50231;We have just received a deputation from the Bogoran lands with the most curious proposal. The ministers of state are meeting in conclave before producing a reply to the Bogorans. They have proposed that we deport a large amount of the Dehuogi of the east of the empire to Bogoran lands, where they will become privileged settlers. The Dehuogi are a perennial thorn in our side - their horrendous Hajduks and bandits claim to serve the deposed pretenders of House Budobam, a puppet of the Vokonazhi, and the average Dehuogi brute drags his feet through every command. Whether we sent them a collection of troublesome serfs, or cleared out some artisan settlements, it would give us more certain control of this troubled region, though the prospect of deportations is sure to engulf the region in anger. The Bogorugi have patiently put this request before us, and offered to pay for transportation, as well as give an additional fee.;;;;;;;;;;;;;x
EVTNAME50232;Bogoran Envoys Arrive!;;;;;;;;;;;;;x
EVTDESC50232;We have just received a deputation from the Bogoran lands with the most curious proposal. The ministers of state are meeting in conclave before producing a reply to the Bogorans. They have proposed that we deport a large amount of the Dehuogi of the east of the empire to Bogoran lands, where they will become privileged settlers. The Dehuogi are a perennial thorn in our side - their horrendous Hajduks and bandits claim to serve the deposed pretenders of House Budobam, a puppet of the Vokonazhi, and the average Dehuogi brute drags his feet through every command. Whether we sent them a collection of troublesome serfs, or cleared out some artisan settlements, it would give us more certain control of this troubled region, though the prospect of deportations is sure to engulf the region in anger. The Bogorugi, have, astonishingly, offered to cede us the holy Yauje valley in exchange for this! We are urgently encouraged to accept by the whole of the clergy,;;;;;;;;;;;;;x
EVT50228OPTA;Anything to get rid of these dreadful folk!;;;;;;;;;;;;;x
EVT50228OPTB;Who are they kidding?;;;;;;;;;;;;;x
EVT50230OPTA;Approved.;;;;;;;;;;;;;x
EVT50230OPTB;And nothing to cover the cost of the population loss?;;;;;;;;;;;;;x
EVT50231OPTA;Excellent, approved.;;;;;;;;;;;;;x
EVT50231OPTB;We value our subjects too greatly.;;;;;;;;;;;;;x
EVT50232OPTA;What a diplomatic coup!;;;;;;;;;;;;;x
EVT50232OPTB;We cannot risk rousing the Dehuogi.;;;;;;;;;;;;;x
EVTNAME50233;Rannutan Declines!;;;;;;;;;;;;;x
EVTDESC50233;The talks we began with the Imperial Court of the Rannutan Empire about the invitation of their Dehuogi settlers into our lands have apparently faltered, with our diplomats arriving this morning dejected and gloomy. They are expected to give a full address to the assembly of clans this afternoon, but the interior ministry considers the matter a forgone conclusion: Rannutan has no interest. ;;;;;;;;;;;;;x
EVT50233OPTA;What a shame!;;;;;;;;;;;;;x
EVTNAME50234;Rannutan Accepts;;;;;;;;;;;;;x
EVTDESC50234;The talks we began with the Imperial Court of the Rannutan Empire about the invitation of their Dehuogi settlers into our lands have been successful! We had only scarcely received the diplomats themselves at a border post, who had been gone for about two months, when they informed us that coming shortly behind them were a beleaguered line of Dehuogi who had been marched across the empire with a Rannutan Imperial Army Escort. These settlers are complaining of great mistreatment at the hands of the Rannutan, and are in quite poor condition, having left with only their pack animals and what goods they could carry, but seem eager at the prospect of the large acres we have set aside for them in one of the least governed lands at the western edge of our state. The government has already made contact with a few community leaders to begin establishing their clan government, granted them their banner, and provided them with some Oujoy bearers.;;;;;;;;;;;;;x
EVT50234OPTA;Our state, nay - our people, are strengthened today.;;;;;;;;;;;;;x
EVTNAME50235;x;;;;;;;;;;;;;x #EVENT ONLY FOR AI, NO HUMAN WILL EVER SEE
EVTNAME50236;x;;;;;;;;;;;;;x #EVENT ONLY FOR AI, NO HUMAN WILL EVER SEE
EVTNAME50237;The End of the Dehuogi Clan!;;;;;;;;;;;;;x
EVTDESC50237;Since we have occupied the land of Souzzo, the capital of the Dehuogi clan, their clan structure seemingly has come undone. Their great fortress is abandoned, and their banners captured by one of our generals. This curious expedient by the Bogoran state, to strengthen their hold on the Yieswamau, seems to have come apart, but the Dehuogi still remain, if in a state of disarray and hopelessness, now that their protector has gone.;;;;;;;;;;;;;x
EVTNAME50238;x;;;;;;;;;;;;;x #EVENT ONLY FOR AI, NO HUMAN WILL EVER SEE
EVTNAME50239;x;;;;;;;;;;;;;x #EVENT ONLY FOR AI, NO HUMAN WILL EVER SEE
EVTNAME50240;x;;;;;;;;;;;;;x #EVENT ONLY FOR AI, NO HUMAN WILL EVER SEE
EVTNAME50241;x;;;;;;;;;;;;;x #EVENT ONLY FOR AI, NO HUMAN WILL EVER SEE
EVTNAME50242;x;;;;;;;;;;;;;x #EVENT ONLY FOR AI, NO HUMAN WILL EVER SEE
EVTNAME50243;x;;;;;;;;;;;;;x #EVENT ONLY FOR AI, NO HUMAN WILL EVER SEE
EVTNAME50244;The Direction of Our State;;;;;;;;;;;;;x
EVTDESC50244;It has become clear that our state is bereft of a clear constitution. Various authorities, documents, laws, and powers create a terrible muddle, and the state is inefficient and disorganised. The government has directed that a new series of major laws be drafted to determine the constitutional direction of our country. Leading luminaries and politicians have gathered to debate this issue, but it’s unsettled as to what sort of constitution is to have: one with a higher degree of central authority, or one with a higher degree of devolved powers?;;;;;;;;;;;;;x
EVTNAME50245;Resistance to Abolition!;;;;;;;;;;;;;x
EVTDESC50245;Our recent government initiative to abolish serfdom has not gone down well in the provinces. Enraged landowners have declared that their ancient and ancestral rights are being trampled upon by an out of control government. Many of them have formed seditionist leagues, gathering antique weapons, saddling their swines, and declaring that if the abolition is brought to their estates, they will resist the government. The army has declared that it is willing to enforce the government’s will by means of arms, but many in the legislature are nervously muttering if it is really worth it. We must chart a course of action in these troubled times! §RNOTE: If you choose to pay, this means you will pay 2000 for every instance of a collection of aristocrats, e.g. 200 a certain culture and faith in a location. Make sure you have the money!§!;;;;;;;;;;;;;x
EVTNAME50246;Successful Abolition!;;;;;;;;;;;;;x
EVTDESC50246;While many feared that the abolition of the serfdom in our country would cause much resistance, much to the relief of the government, it has gone over with little trouble, barring a little grumbling from the aristocracy and the reactionary circles.;;;;;;;;;;;;;x
EVTNAME50247;Red Flux Arrives!;;;;;;;;;;;;;x
EVTDESC50247;Its arrival is unmistakable: the characteristic hemorrhaging of copious amounts of blood from all orifices, with rapid onset, sometimes in the middle of the street, or in a pale, sweating visitor to a hospital. The Red Flux has arrived in our country, and already in one of our provinces, more and more victims are being struck with this dreadful illness as it rages through our population. Terrified residents are shuttering their windows, doors, and praying that the illness will not strike them, while the coroners direct the corpse wagons to large funerary sites beyond the borders of major towns and settlements. This is, many are saying, the beginning of a grim episode of our nation’s history.;;;;;;;;;;;;;x
EVTNAME50248;Wasting Sickness Arrives!;;;;;;;;;;;;;x
EVTDESC50248;The residents of one of our provinces, briefly, thought a corpse had come to walk! But almost more chillingly, it seems the recent news of an epidemic of wasting sickness has been particularly relevant, as it appears the wasting sickness has spread to one of our provinces! Indeed, the doctors who attempted to treat this victim, and the coroner who attempted to dispose of the corpse once the victim perished, have all come down with this sickening affliction of the skin, causing the flesh to necrotise, and the tissue to peel away, attracting swarming hosts of flies that bite at the rotting flesh. Indeed, the whole province has been thrown into turmoil, with great consternation at the spread of the illness, and many regular activities of life have come to a grinding halt in an effort to avoid the spread of the plague. ;;;;;;;;;;;;;x
EVTNAME50249;Pandemic Abates;;;;;;;;;;;;;x
EVTDESC50249;The recent terrible pandemic that had struck our lands has finally abated. In all of our districts, life seems to have returned to normal, and while our society is left with many scarred survivors, grieving families, and disrupted life, it seems that most of the populace is now immune to the new strain of the pandemic, having faced the terrible trial of illness themselves, and come through it alive. ;;;;;;;;;;;;;x
EVTNAME50250;x;;;;;;;;;;;;;x #EVENT ONLY FOR AI, NO HUMAN WILL EVER SEE
EVT50251NAME;Bogorug;;;;;;;;;;;;;x
EVT50251DESC;Bogorug is a large aristocratic commonwealth in the northern reaches of Ishahfazh. The Bogoran state is organised around a system of hereditary clan-castes, all reputedly descended from the Vewugist nomadic clans who came and conquered the lands of now Bogorug in the 530s. They maintain a brutal oppression of the Oujoy people who lived there before their arrival, by a system of castes (the Oujoy are said to belong to the ‘sixth’ clan), a swinebacked noble gendarmerie, and monopolisation of all the land. The clans maintain both justice for their members, headed by a ‘warchief’ and meet in the assembly of the old clans, the Bogoran legislature, where each clan has one vote. Clan membership is a personal hereditary status, through the mother, not a geographic one but there are clusters of clanship. ;;;;;;;;;;;;;x
EVT50252NAME;The Northern States;;;;;;;;;;;;;x
EVT50252DESC;The northern states of Ishahfazh have a decided flavour of the chivalrous, and the romantic, as opposed to the imperial and the commercial south. The rugged landscapes of the north, riven with great mountains, forests, and dales, has tended to foster societies which are, on the whole, poorer, but also politically and socially more personal. Dominated by large monarchical states, the rituals of kingship, tribute, and sober duty are deeply important to the region, where great kings often invoke ancestral titles, age old submissions, and the doctrines of legitimacy to compete over the variegated kingdoms, peoples, and clans of the north. It is mostly a sedentarian region, but the Bogorugi state is confessionally Vewugist, despite many sedentians in its lower classes. The Rannu Empire, after its gradual absorption or domination of the smaller lordships and kingdoms, has long been at odds with the consolidated kingdom of Mamatoukat, with the Bogorans traditionally siding with the Rannu.;;;;;;;;;;;;;x
EVT50253NAME;The Pruub Flower;;;;;;;;;;;;;x 
EVT50253DESC;Pruub is a term for the extracted oils gathered from the crushed up Magoupt plant, which is found in the Poudwouvas riverbeds. For millennia it has been chewed, smoked, and lathered on mucous membranes by the people of Poumnia to induce a deeply euphoric state. In the modern world it is a highly popular drug, and often inhaled ‘in the Poumnian style’ after being mixed with water vapors. The bud of the Magoupt plant is famed for being most dense in oils, and is sometimes eaten, despite its bitter taste. The drug is delighted in by many, but above all by the Poumnian and Gashdzii aristocracies, who smoke it nearly continuously, and the royal export monopoly has historically made the Poumnian crown very wealthy.;;;;;;;;;;;;;x 
EVT50254NAME;The Nuddi Roots;;;;;;;;;;;;;x 
EVT50254DESC;Nuddi is a relaxing root infusion drink that is drunk in almost all parts of the civilized world. The Nuddi root is harvested and then mashed into a paste, where it is often placed in a communal vat or keg. The infusion has dormitive virtues, and when drunk in large quantities is said to induce strange dreams. It is a popular drink among the lower and middle classes, and ‘Nuddi Houses’, with comfortable poufs and divans are considered the bare essentials of a civilised city. The fibers of the plant are sometimes used to make clothing, especially for the slaves who so often have to dig the roots. The finest Nuddi is said to grow in the Kovan Isles, where it has been planted to great success, where the roots grow to prodigious size. The plant is originally thought to be from Ishahfazh, however.;;;;;;;;;;;;;x 
EVT50255NAME;The Nuzhdap Leaves;;;;;;;;;;;;;x 
EVT50255DESC;Nuzhdap is a mild hallucinogenic herb that is ground up and then smoked in long pipes. First discovered smoked by Vuyti by Gashdzii settlers fording into the east of Ishahfazh, it quickly became a popular drug. Upon making its way to the west, the Vewugi faith seized upon it as a source of mystical visions, and they regularly smoke it in hopes of getting a glimpse of their master, the Vewug. The finest Nuzhap is still said to grow in the east, particularly Gizhok, in Gaubja, where some of the oldest plantations and trademarks exist: ‘Golden Dreams’ (Niiz Bollok) and ‘Farmer’s Rest’ (Padudazh Zhim).;;;;;;;;;;;;;x 
EVT50256NAME;Thralldom;;;;;;;;;;;;;x 
EVT50256DESC;Thralldom is a term to refer to the ubiquitous practice in the Miiv of keeping other species of hominids as intelligent cattle. Especially in the more desolate and barren parts of the world and marginal economies of small freeholding peasants, the practice is viewed as not only economically viable but also culturally significant, prized as ‘the finest meat’ and indulged in by many believing the proteins of manflesh are curative to the brain and eyes, and a source of civilizational prosperity. In recent years this idea has come under attack, as either unsanitary, economically wasteful, or barbaric. Thralls are typically raised until about age 15, when they are fattened and then killed.;;;;;;;;;;;;;x 
EVT50257NAME;The Continents;;;;;;;;;;;;;x 
EVT50257DESC;Here one may find brief descriptions of the continents of the world.;;;;;;;;;;;;;x 
EVT50258NAME;Ishahfazh;;;;;;;;;;;;;x 
EVT50258DESC;Ishahfazh is the second largest continent in the world, and by far the most politically and economically developed. Ishah-fazh means 'setting sun land', and was originally a Gashdzii word for the west, until it took on greater significance in the early plateau period. Geographically Ishahfazh is divided by a large desert band into a definite north and south, and features a large spine of mountains connecting the two on the western edge of the continent. The south is dominated by vast savannahs, huge river flats, dense jungle, and fetid mangrove swamps. The north, contrarily, is covered in temperate forests, undulating hills, and foggy plains.;;;;;;;;;;;;;x 
EVT50259NAME;Kovazh;;;;;;;;;;;;;x 
EVT50259DESC;Kovazh is the third largest of the continents proper, and is so-called in the Gashzii tongue from the Xouvan people who inhabit its northern coasts. Largely flat and temperate, it is dominated by great steppes, deserts, and plains. Its political history has consequently been dominated by alternating periods of great conflicts and great empires. Despite being full of ancient civilizations and peoples, it remains economically underdeveloped and decentralized. ;;;;;;;;;;;;;x 
EVT50260NAME;Bafozh;;;;;;;;;;;;;x 
EVT50260DESC;The great eastern continent, named so by the Gashdzii term for east - ‘Bafa’ - a pre-Kadkohic vengeful sun god. It is the largest of all six major landmasses and also boasts most of the most impressive natural formations. Marked by its primitive stage of development, empty landscapes, vast mountain ranges, deep valleys, and endless forests, it represents at once opportunity and freedom as well as the great unknown.;;;;;;;;;;;;;x 
EVT50261NAME;Shobgizob;;;;;;;;;;;;;x 
EVT50261DESC;Shobgizob is a far flung continental shelf in the reaches of the southern oceans. Mainly dominated by two large islands, it features a number of small archipelagos as well. Mountainous and windy, and covered mostly in sparse, temperate forests, the region is home to many grazing animals and large seabirds and a small settlement of culturally homogenous hominids. Currently, the land is wracked by religious strife after the arrival of the Vewugist faith through missionary activity.;;;;;;;;;;;;;x 
EVT50262NAME;Paukzhodo;;;;;;;;;;;;;x 
EVT50262DESC;‘The Land of the Spears’ (named so either because of its hostile inhabitants or the large horned animals that graze in its cool forests), Paukzhodo is the fourth largest continent or the largest subcontinent in the world. Lying just of the northern coast of Ishahfazh, its own northern coast hugs the great northern sea and is buffeted by brutal storms and cold winds, but its more temperate south is marked by large river complexes populated by fishing, hunting, and farming communities who bring strange pelts and fine timber out of the north. ;;;;;;;;;;;;;x 
EVT50263NAME;Gofakidzia;;;;;;;;;;;;;x 
EVT50263DESC;The smallest of all the legitimate continents, Gofakidzia is one of the most isolated and extreme regions in the world. In the far reaches of the north and amidst the paths of the great storms that rage in the northern seas, it seems a miracle hominids made it there at all. Indeed, the Mjhm'an People who live there speak a strange and barbarous isolate, and live a truly wretched life in this harsh land ruled by great storms. ;;;;;;;;;;;;;x 
EVT50264NAME;Aristocratic Commonwealth;;;;;;;;;;;;;x 
EVT50264DESC;An aristocratic commonwealth is a term for a common form of government across the world in which the state is dominated by large noble magnates who rule in a quasi-parliamentary regime with a weak monarch or no monarch at all. Various other terms for this government and the movements associated with it would be aristocratic constitutionalism or aristocratic republicanism. It usually features sweeping proprietary and social rights vested in the nobility and clergy, many regional privileges, and highly formalized, ritualized, and documentary political institutions.;x
EVT50265NAME;Liberationism;;;;;;;;;;;;;x 
EVT50265DESC;Liberationism is a prominent ideological movement in much of the developed world in Ishahfazh. Decrying traditional feudal structures, aristocratic and monarchical tyranny, and lauding agrarian free peasant lifestyles, Liberationism has become a revolutionary movement to create a utopian state for the common people. Liberationists aim to create what could be described as paternalistic agrarian regimes that are oriented to spreading anti-feudal revolution and maintaining demotic welfare policies. Prominent theorists include Yathoon Ifo and Sevu Orooth, who argued for a form a divinely ordained polity guided by a sovereign will manifest in the biological and spiritual vitality of an agent.;x
EVT50266NAME;Paternalistic Council;;;;;;;;;;;;;x 
EVT50266DESC; A ‘paternalist council’ is a typical term for the form of conciliar government preferred by Liberationists. Generally modeled after the ‘Sublimely Guided Demotic Assembly’ erected by the revolutionary government in what is now Veyethu (the holy state) after the Liberationist uprising of 1297, it typically features appointed or elected ‘tribunes’ who collaborate in a centralized system to direct and control public welfare and military campaigns. Most classically they tend to preserve the rights of commons and prioritise extreme forms of usufruct laws, combined with highly centralised leadership. Contrary to much of the rhetorical discourse attendant to these governments, they tend to be fairly brutal, narrow in involvement, and antidemocratic. They are in fact intentionally so, their purpose consisting only of maintaining plebeian social (not political) rights and waging war against aristocratic enemies.;x
EVT50267NAME;Princely Despotate;;;;;;;;;;;;;x 
EVT50267DESC;A princely despotate is a general term for centralized proprietary states of various forms of dictatorial and monarchical governance across the world. It generally features a lone sovereign or first citizen, surrounded by a coterie of ministers and servants, governing in a fairly arbitrary way, and typically features a fairly strong bourgeois bureaucratic or military establishment to maintain the will of the Prince. ;x
EVT50268NAME;Statism;;;;;;;;;;;;;x 
EVT50268DESC;Statism is an ideological and political movement that champions the state as the historic and natural subject of history and society. Citizens are merely subordinate members of a state enterprise, and the pursuit of efficient social and economic management at the expense of all other considerations is the aim of the statist politician. It is in spirit an offshoot of the Azhkazhine functionalist movement, formulated by Shomo Mudt, in the late 1310s, who applied the functionalist ontology to the state and the material world, as well as advocated for secularism, poor relief, and reform of a large variety of kinds. Mudt took the state’s being to be its capacity to act as a state: increase its powers for violence, tax collection, and consent, and advocated for a system of reform to enhance all these things.;x
EVT50269NAME;Theocratism;;;;;;;;;;;;;x 
EVT50269DESC;Theocratism is a broadly conservative and reactionary movement that seeks to synthesize statist and absolutist methods of social control with reactionary and conservative aims. Seeking to restore traditional social privileges and religious authorities, they are most principally the enemies of liberationists. The origins of the theocratist movement are in the thoughts, writings, and lectures of Deacon Mogga, a radical preacher and paramilitary agitator from the Gozonazh peninsula. ;x
EVT50270NAME;House Budobam;;;;;;;;;;;;;x 
EVT50270DESC;House Budobam is a small and diminutive dynasty reigning on the Island of Kuabtashug, off the coast of northern Vokonazh. Once a major Dehuogi dynasty ruling an ethnically homogeneous proto-national Dehuogi ‘ikui?Bekob’ (Royal Domain) from the 7th to the 10th century, incursions by the Rannu empire let to their progressive collapse. Fleeing to a tributary island, the dynasty persisted, eventually converting to the Kadkohi pantheon and collaborating with the regional power of Vokonazh, who remains a patron. For more than two hundred years, the Budobaman, ‘those of budobam’, have ruled in the Kaubtashug, and continued to claim the allegiance of all the Dehuogi. The Rannutan currently rule most of the Dehuogi lands, and have claimed legitimate mastery of the ‘heathen’ Dehuogi lands in the name of the sedentarian faith, which has been augmented by a series of titles borne by the Rannutan Emperor for many centuries now. ;x
EVT50271NAME;The Rannu Empire;;;;;;;;;;;;;x 
EVT50271DESC;The Rannu empire is a large and old Tehuhrite empire which dominates the northern reaches of Ishahfazh. Emerging from a collection of allied tribute taking military castes in the north of the continent, the martial Unnahu and Unnobanhu peoples slowly spread their influence around the region, dominating local upland tribes, neighbouring people and establishing sturdy borderlands. The pressures of modernisation caused this vaguely unstable network of warlords to gradually sacralise and institutionalize a tradition of imperial administration by regional governorates organised by local, loyal elites. The central point of the Rannu Empire is the Rannutan Dynasty, which gradually assumed greater power during the early 8th century as the power of the Bennaru faded. Dynastic submission by compliant local governors, trained in Tehuhrite philosophy, which sanctions the entire regime as an order-bringing empire.;x
EVTNAME50272;White Flux Arrives!;;;;;;;;;;;;;x
EVTDESC50272;He was found, stumbling up to the hospital gates, wheezing and coughing, yellow-white pus collecting like spittle at the edges of both his mouth and nose, pleading for help. The doctors did their best to treat him, but in the end his pus filled lungs gave out, and he died in his hospital bed. He was not the first, and he will not be the last. The terrible pandemic of ‘white flux’ seems to have arrived in one of our provinces, spreading like wildfire, and striking old and young alike. Distressed city officials have decreed a few belated quarantines, but it seems to do little to stop the spread of a disease that seems to pervade the very air, an unwholesome miasama, and the citizenry themselves shutter their doors and windows, while the sick stumble around the city, coughing, banging on doors, and pleading for help.;;;;;;;;;;;;;x
EVTNAME50273;Quarantine of $CAPITAL$ Has Failed!;;;;;;;;;;;;;x
EVTDESC50273;Despite all our best efforts, the cordon sanitaire of our capital has failed! The ghastly pandemic now stalks the streets of $CAPITAL$, and the soldiers deployed to enforce the quarantines are themselves ill with the accursed gripe! There is no point now in sinking such resources into the maintenance of the quarantine system.;;;;;;;;;;;;;x
EVT50273OPTA;Hard times are ahead...;;;;;;;;;;;;;x
EVTNAME50274;Quarantine of $CAPITAL$ Collapses!;;;;;;;;;;;;;x
EVTDESC50274;With the outbreak of military conflict, it has become, for all intents and purposes, untenable to maintain our cordon sanitaire implemented in our capital to protect against the alarming spread of the global pandemic. We can no longer sanction the diversion of military resources to maintenance of district checks at the capital, and furthermore, it is expected that the cycling of units back and forth from the frontline for recuperation and medication, as well as for supply and resupply, if the war persists, will make cordon saintaire superfluous. Doubtless, too, the possible arrival of foreign soldiers, refugees, and other incidents of war means altogether we must brave the possibility of disease as well as occupation!;;;;;;;;;;;;;x
EVT50274OPTA;We have a more pressing use for the military now.;;;;;;;;;;;;;x
EVTNAME50275;National Cordon Sanitaire Collapses!;;;;;;;;;;;;;x
EVTDESC50275;With the outbreak of military conflict, it has become, for all intents and purposes, untenable to maintain our national cordon sanitaire implemented to protect against the alarming spread of the global pandemic. We can no longer sanction the diversion of military resources to maintenance of border checks, and furthermore, it is expected that the cycling of units back and forth from the frontline for recuperation and medication, as well as for supply and resupply, if the war persists, will make cordon saintaire superfluous. Doubtless, too, the possible arrival of foreign soldiers, refugees, and other incidents of war means altogether we must brave the possibility of disease as well as occupation!;;;;;;;;;;;;;x
EVT50275OPTA;We have a more pressing use for the military now.;;;;;;;;;;;;;x
EVTNAME50276;$FROMCOUNTRY$ has converted to Vewugism!;;;;;;;;;;;;;x
EVTDESC50276;We have received news, through the various Vewugist missionary societies, that the political and social elite of $FROMCOUNTRY$ have, undoubtedly under the guidance of the very same pious Vewugist missionaries, converted to Vewugism! This is unmistakably a wonderful day for the hosts of his majesty and might the holy Vewug, as it is his pleasure to see his faithful increasing, for our puny souls go someway to endow him with the power to secure us with ever greater favours and boons, and reign down misfortune on our enemies. Though they are quite primitive, these pagans in $FROMCOUNTRY$ are clearly on the path to civilization.;;;;;;;;;;;;;x
EVT50276OPTA;These are wise beastmen.;;;;;;;;;;;;;x
EVTNAME50277;The Zhakdi Request!;;;;;;;;;;;;;x
EVTDESC50277;In the Shau Zhakd, the ‘new settlements’ of the western coast of Bafozh, for several decades a collection of Gashdzii settlers lived largely ungoverned by any state system. Unlike the Kushnâg or Poponazh, the abundance of land and the relative placid nature of the Fauwozhi seems to have given rise to a remarkably communitarian and voluntarist political structure, if it can be called a political structure at all. Now, however, since we have established our dominion over these lands, the local Jazhakdi have been complaining of the arbitrary and wanton trampling of their ancient privileges. In any sense of the formal Gashdzii political and religious legal tradition, they are indeed nearly totally beyond it. However, a collection of them have submitted a request to formalise what they call the ‘Zhakdnâg’ or the ‘setter/farmer concern/public matter.’ This decentralised intuition would be under our protection, and would guarantee us their goodwill.;;;;;;;;;;;;;x
EVTNAME50278;Rifts Emerge in the New Government!;;;;;;;;;;;;;x
EVTDESC50278;The Gaubjan state was wracked in the mid 1270s by a particularly bloody palace coup against the old dynasty. The Pozâfauk Dynasty was overthrown and house Bodimhazh came to the throne, making the beheading of old Mozzanak II Pozâfauk their very flag. By all accounts, too, his young son, Mozzanimiz IV, was killed as well, but this did not stop a number of popular uprisings to be organised in the support of various pretenders who claimed to be Nimiz in the 1270s and 80s, largely an expression of popular discontent with the royal regime, and proto-liberationist notions. The recent Free Yoker revolution drew much of its support from groups organised in support of the various ‘false’ Nimizk, and now, it seems, the governing council is divided. A large contingent wish to restore the Pozâfauk dynasty, and aspects of the old constitution, but other, more ideological yokers, denounce these ambitions as a betrayal of the revolution.;;;;;;;;;;;;;x
EVTNAME50279;The Maabizhpti Peninsula;;;;;;;;;;;;;x
EVTDESC50279;The Maabizhpti Peninsula is hardly a peninsula, but the large jutting out from the Ishahfazhi mainland that hosts the great states of Gaubja and Jiishanâg. Named ‘the cut lands’ from the practice of slash and burn farming by the settlers of the area, this part of the world was the furthest reaches of the ancient Kiidnazh, with the first Gashdzii settlements beginning in the 500s. The region is marked by the continual colonial expansion of the Gashdzii states at the expense of the Vuyti speaking peoples of the jungles and plains, and the simultaneous jockeying and aggression between the four principal Gashdzii states in the region, above all between the Kingdom of Gaubja and the Jiishanâgi commonwealth, who still also profess nominal loyalty to the Kiidnazhk in Pashdzii, unlike the newer settler states of Gozonazh and Chiishozd. ;;;;;;;;;;;;;x
EVTNAME50280;AI CLEANUP;;;;;;;;;;;;;x
EVTNAME50281;AI CLEANUP;;;;;;;;;;;;;x
EVTNAME50282;AI CLEANUP;;;;;;;;;;;;;x
EVTNAME50283;Uttobanhu Recalcitrance;;;;;;;;;;;;;x
EVTDESC50283;The creation of a Uttonbanhu state beyond our borders has been a disaster for our state. The ancient nature of our government as a confederation of military nobles means that much of the identity of local peoples is tied to a sense of loyalty to local aristocrats. Aristocratic identification with this state, their citation of the ‘organic transference of the ancient common constitution of the Uttobanhu nation’ to the new state of Bennareth, has driven the people into a sense of noncompliance, and dramatically impaired the functioning of both local and national governance of the Uttobanhu people within our borders.;;;;;;;;;;;;;x
EVT50283OPTA;Damn them!;;;;;;;;;;;;;x
EVTNAME50284;Order Restored to Bennareth;;;;;;;;;;;;;x
EVTDESC50284;For some time in recent history the Uttobanhu state of Bennareth has maintained pretentious independence from our empire, while we were weakened and unable to maintain control over these regions. Now, we have recovered the lost lands of Bennareth, and the government has seen it as prudent to re-enroll the old Uttobanhu families in the register of the imperial parliament. It is hoped that this will go someways to reestablishing consent to governance over these lands, resurrecting the ancient compact that was the basis of our state, and drawing the Uttobanhu elite again into the fold of the Rannu empire.;;;;;;;;;;;;;x
EVT50284OPTA;Back under the yoke with you lot.;;;;;;;;;;;;;x
EVTNAME50285;The Artificial State of Vadobeth;;;;;;;;;;;;;x
EVTDESC50285;The belonging of the Ngoghu people to our state was always tenuous. Despite efforts to include them in our governance, they have consistently dragged their feet in cooperating with our state. Now, however, with the creation of the artificial state of ‘Vadobeth’, the Ngoghu have seemingly erupted in an outpouring of national fervor, their poets and intelligentsia rejoicing at the supposed ‘liberation’ of their state from our apparently tyrannical rule. Doubtless this is artificial ethnogenesis, organised by the many enemies of the Rannutan, but regrettably it has caused much difficulties in effecting compliance of the Ngoghu populations who remain within our borders.;;;;;;;;;;;;;x
EVT50285OPTA;Damn them!;;;;;;;;;;;;;x
EVTNAME50286;Order Restored to Vadobeth;;;;;;;;;;;;;x
EVTDESC50286;For some time in recent history, the altogether false state known as ‘Vadobeth’, doubtlessly propped up by the many enemies of the ancient Rannu empire (indeed, it is well known that this region was teeming with Gashdzii and Oujoys), we had suffered to allow independence, but now it has again been integrated in our empire. The Ngoghu, to whom some years ago we condescended to allow representation in our governance, have come grovelling back to us, requesting their old privileges. The imperial officialdom has generously allowed this, acknowledging that the simple Ngoghine were easily deceived into rebellion and disloyalty. A number of oaths of fealty have been extracted from the Ngoghine aristocracy, and Vadobeth is once again a geographic subdivision of the great Rannu Empire!;;;;;;;;;;;;;x
EVT50286OPTA;Back under the yoke with you lot.;;;;;;;;;;;;;x
EVTNAME50287;The Revolution Betrayed?!;;;;;;;;;;;;;x
EVTDESC50287;Since the great revolution of 1297, our state has been the foremost liberationist state in the world. We have led the charge against the bastions of nobility, privilege, and aristocratic tyranny, and kept the yoke of both the factory and of serfdom away from the vital menfolk of our land… or so the story of the government's official orators goes. But many are rather grumbling that in fact, the government has not so much preserved the spirit of the revolution, but gradually settled into a conservative complacency, an embrace of statist revisionary thought, and ultimately a betrayal of the revolutionary virtues of 1297. In a particularly stark denunciation in the governing councils chambers, extreme liberationist ideologues decried the current government’s policies as aristocratic in nature, and cried out for a new age of vitalistic renewal, decamping en-masse from the chamber! ;;;;;;;;;;;;;x
EVTNAME50288;AI CLEANUP;;;;;;;;;;;;;x #empty?
EVTNAME50289;Slaves now owned by State;;;;;;;;;;;;;x #not used
EVTDESC50289;x;;;;;;;;;;;;;x
EVTNAME50290;AI CLEANUP;;;;;;;;;;;;;x
EVTNAME50291;AI CLEANUP;;;;;;;;;;;;;x
EVTNAME50292;AI CLEANUP;;;;;;;;;;;;;x
EVTNAME50293;AI CLEANUP;;;;;;;;;;;;;x
EVTNAME50294;AI CLEANUP;;;;;;;;;;;;;x
EVTNAME50295;AI CLEANUP;;;;;;;;;;;;;x
EVTNAME50296;The End of the Dumuv System?;;;;;;;;;;;;;x
EVTDESC50296;The recent actions by the imperial government to abolish the system of beneficiaries and banalities owed to the state and the nobles by the vast majority of the common people in Poumnia has caused a massive uproar across the land. Not only does the majority of our country rely on this system for most of its economic production, throwing many provinces into chaos and recession, but this ancient practice is one of the most basic foundations of our state. The military aristocracy, whose private domains blend with regional government, are justifiably furious, with a large part of their jurisdiction and an important source of wealth taken away. It remains to be seen how this affects our country, but many parts of the imperial clergy are suggesting perhaps that the scope of the project of liberation and reform should be limited. ;;;;;;;;;;;;;x
EVTNAME50297;A Vessel for the World Soul;;;;;;;;;;;;;x
EVTDESC50297;When a new Pudwou ascends the throne, he is expected to hold a great marriage ceremony where noble houses swear fealty and assert the emperor’s divine status, and the Emperor is married to hundreds of noblewomen from these houses. In the coming months, before any wife gives birth to children, the Pudwou is expected to consult his ancestors (the mummified past Pudwous) to decide which wife will give birth to his new heir. This decision must be made before the child is born, so the mother can undergo the divination ritual where her womb is blessed and imbued with the Pudwou’s spiritual power. Since the quieting of the previous Pudwou some days ago, the new embodiment of the world soul has summoned his many nobles to Prousorum for such a ritual. But the question remains of which wife to select for such a role: despite its spiritual significance, it often has a bearing on the fortunes of the noble house which is selected. As often happens, a great house is vying with a particularly capable small house.;;;;;;;;;;;;;x
EVTNAME50298;Pastoral Confederacy;;;;;;;;;;;;;x
EVTDESC50298;Our government, state, and society has gradually taken on a remarkably distinct character. Both large scale decentralisation and federalisation, as well as the gradual enshrinement of common usufruct and voluntarist collectivism as a parallel legal system to the ‘watchman’ oriented civil apparatus, has begotten a unique constitution where regionalism, pastoralism, village collectivism, are the order of the day. Our state is a patchwork of various communes, workingmen's traveling artels, and mutual covenants to maintain infrastructure, bonded by a number of treaties and pacts, and the force of almighty tradition and independent courts, and may be rightly described, in the common parlance, as a ‘pastoral confederacy’.;;;;;;;;;;;;;x
EVT50298OPTA;Truly, this is a worldly utopia.;;;;;;;;;;;;;x
EVTNAME50299;Paternalistic Council;;;;;;;;;;;;;x
EVTDESC50299;The gradual centralisation of power in the hands of a few capable autocrats, as well as the gradual enshrinement of commoning laws, and ultimately the autonomy of the landholding legal system from the civil law, means our country has taken on the character, broadly, of the paradigmatic Liberationist state. Finally, and perhaps inevitability, it has happened that the government has declared the suspension of regular parliamentary activities, and established a directorate council, chaired by a rotating ‘Lord Protector’, to guarantee the constitution. This transition has happened entirely peaceably, given that, barring the formal change, our constitution has effectively operated like this for some time.;;;;;;;;;;;;;x
EVT50299OPTA;Through absolute unity only can the common will be found and secured!;;;;;;;;;;;;;x
EVTNAME50300;Grand Syndicate;;;;;;;;;;;;;x
EVTDESC50300;The gradual concentration of land tenure into large scale collectivised real property units, coupled with the progressive decentralisation of government into a broadly corporatist system of administration, means our state-society matrix has taken on a unique character. Citizens tend, in fact, to own very little property themselves, but belong to large industrial syndicates and guilds, craft-cities, or industrialized agrarian units, where they work and receive a wage according to a strict hierarchy of obedience and progress. These various collective farms, city organisations, industrial firms, universities, maintain a strong degree of autonomy from each other (while usually maintaining highly stratified authoritarian relations internally), have gradually organised themselves into a syndicate of syndicates of syndicates. The grand syndicate meets regularly to determine an organised policy, and set state-wide concerns and objectives, which are binding to all syndicates.;;;;;;;;;;;;;x
EVT50300OPTA;Prudence, obedience, and production are the guarantors of social stability and safety.;;;;;;;;;;;;;x
EVTNAME50301;Statist Bureaucracy;;;;;;;;;;;;;x
EVTDESC50301;The gradual concentration of all state power into the hands of a number of professional bureaucrats, as well as the large scale collectivisation of agriculture and the gradual abolition of the rural landholding class and the village system, means that our government has increasingly taken on a character amenable to and approved of by the statist parties of our nation. It is not surprising, then, that the official roles of collective farm director, and other members of the administrative secretariat, has attracted statist minded citizens, despite our best efforts at ideological screening. It appears that the statist parties have long been organising a parallel administration, coordination policy just as much in meetings of the statist party as well as in the bureaucratic chambers and the parliament. In a bloodless coup, the statist party, in conjunction with a number of senior bureaucrats, have annulled the current session of parliament, and proclaimed a new constitution.;;;;;;;;;;;;;x
EVT50301OPTA;The resolutions of the party are all that are between us and anarchic collapse.;;;;;;;;;;;;;x
EVTNAME50302;x;;;;;;;;;;;;;x #AI ONLY
EVTNAME50303;$FROMCOUNTRY$ Requests Aid Against Uprising!;;;;;;;;;;;;;x
EVTDESC50303;$FROMCOUNTRY$, one of our neighbours, seems to be experiencing extreme upheaval. Wracked by rebels and civil war, we learn every day of new atrocities by the rebels, and refugees trickle across our borders to escape the chaos, as soldiers maraude the land, requisitioning food and supplies from villages, and massacring those who resist. As we are guarantors of order and tradition, the beleaguered government has appealed to us, citing a solidarity in tradition, legitimacy, reaction, and regional stability, asking us to aid in the effort to defeat the rebels. They will certainly be grateful to us if we do.;;;;;;;;;;;;;x
EVT50303OPTA;We must stamp out revolution wherever it rises!;;;;;;;;;;;;;x
EVT50303OPTB;The $FROMCOUNTRY_ADJ$ are on their own in this matter;;;;;;;;;;;;;x
EVTNAME50304;An Historical Mystery?;;;;;;;;;;;;;x
EVTDESC50304;It is well known that the Parqmun sculpt small wooden idols of various demons and spirits, and then burn them in great holocausts, to honour Mun and destroy the power of the devils and spirits. But one of our anthropological professors, who spent a number of years living with the Parqmun, has recently compiled a great degree of observations about the character of the idols, and compared them to catalogs of the idols held by the juewaeg faithful kept in the archives and private scholarly libraries in $CAPITAL$, drawing notable similarities. He has come up with a particularly fascinating thesis that a number of more powerful Parqmum empires once ruled a much larger area in Bafozh, and came across, and came to understand, the horrendous sacrificial rites happening in the southern forests, and because of this came to identify this particular style of idol with devilish activity.;;;;;;;;;;;;;x
EVTNAME50305;x;;;;;;;;;;;;;x #AI ONLY
EVTNAME50306;The Grave Stele of Knagtka Kneg?;;;;;;;;;;;;;x
EVTDESC50306;Upon our occupation of Knutsk, we have found a fascinating scene. A towering stele on the top of a large hill, with deep relief engravings depicting the sun, a man, and a number of his deeds, as well as, it appears, his birth from the sun. Many nomadic peoples seemingly have come many thousands of miles to place small trinkets, flags, and other precious items at the foot of this huge stele. The local colonial officer began asking the local people who had erected this stele, what was it for, and why was it here. After some difficulties, they explained this is the gravesite of Knagtka Kneg, the prophet of the Dkatkang faith, and was erected on the order of the Prince of Nan Tsetk, who rules many hundreds of miles to the north. The Stele features his birth as an incarnation of the sun, his itinerant labours and miracles, during his life, and the eventual passing away of this body, his promise to send another prophet, and his reunion with the sun.;;;;;;;;;;;;;x
EVT50307NAME;The Pruunts;;;;;;;;;;;;;x 
EVT50307DESC;The Pruunts are the Diwvish speaking people living on the southern Reuhriz peninsula of Ishahfazh. They are a seafaring people, and related in tongue and race to the Poumnians, the Roshupt, and the Towuzhans. However, their cultural identity is far different. While the stolid Poumnians developed an imperial, rural culture, the Pruunts were some of the first urbanists, founding small social-military city communities millennia ago, and developing a unique ethno-religious tradition of Shamush. Gradually, Pruuntia came under the sway of Imperial Poumnia, who made the Pruuntish states tributaries of the Vopudwou, and injected the Pruuntish tongue with much Poumnianism, and somewhat feudalised their society, but the urbanism, religious mysticism, and stubbornness persists in Pruuntia. The Pruuntish elite is divided into the imperialists, who pay their respects at the imperial temples, and the Pruuntics, who attend sermons of the Shamushic teachers.;;;;;;;;;;;;;x 
EVT50308NAME;The West Gashdzii;;;;;;;;;;;;;x 
EVT50308DESC;The western Gashdzii lands are the area where the Gashdzii dialect is most pure, the traditions of the Gashdzii are the most unalloyed. The Gashdzii’s origins are from those of warlike swine-riding nomad clans. Historically they were a fiercely proud and independent people interconnected through vast familial ties. The culture of steppe-riders still marks this now long sedentary society even in contemporary ages, and many of their cultural signs like thigh-slapping are from this era. The West Gashdzii tend to prefer to live in the great plateaus of this region, in stone houses with fine courtyards, and they are the most urban of the Gashdzii. Despite this, many of the common folk live in small stone and mud houses on the great savannah and riverbeds. They mostly eat breads mainly from hardy savannah grains, as well as the meat of their swine and great aurochs that graze in the savannah. The red robe is a traditional noble dress, with most states forbidding non-aristocrats from donning it.;;;;;;;;;;;;;x 
EVT50309NAME;The South Gashdzii;;;;;;;;;;;;;x 
EVT50309DESC;The south Gashdzii mostly live in the coastal and plains regions of the ‘newer’ settlements of their empire. While they have many proud cities and are a very mercantile people, the majority are actually farmers, a continuing legacy of their settler past. Their language takes more borrowings from the Poumnian, as well as Vuyti, and they tend to speak a far more demotic language than that of the stilted west or laconic north. Despite this, their culture, in some ways, preserves a greater austerity and somberness than the ‘decadent’ aristocrats of the west or the barbarous generals of the north, for the southern Gashdzii are deeply steeped in the austere purity and fierce sense of justice of the Motkohnic faith, and their sober dress, tidy cities, and exacting agrarian landlords are famous. They, like the rest of the Gashdzii, enjoy a diet largely of grains, fruit, and large cattle animals that are raised on the plains and savannah. ;;;;;;;;;;;;;x 
EVT50310NAME;The North Gashdzii;;;;;;;;;;;;;x 
EVT50310DESC;The North Gashdzii are a warrior people, nearly all in the old ‘Vokonazh’, the eastern borderlands, where the Duyo and the Eshemi pastoralists were driven from with much difficulty. The Vokonazh used to be a violent and bloody realm, and the culture of the North keeps to this legacy. Largely settled in great serf-estates, organised to support a military lord, the tradition of noble officers leading their bonded men into battle, and the military virtues associated with this, permeate North Gashdzii society. It is no wonder that the Kadkohi deity Doshk, of the dry season, of death, of loss, and pain, as well as order and stillness, ‘the austere father’, is the preferred deity of most of the ruling dynasties, who attempt to cultivate a society of obedience and order in a harsh landscape. North Gasdhzii culture is also bound up with fidelity to the Midodazh dynasty, the ancient lords of the Vokonazh, and it is not uncommon for peasants to keep a picture of the current prince.;;;;;;;;;;;;;x 
EVT50311NAME;The Sithevan Tongues;;;;;;;;;;;;;x 
EVT50311DESC;The Sithevan people are a belt of common ethnolinguistic identity along the western edge of southern Ishahfazh. The Central Sithevan dialects are generally mutually intelligible, but remain culturally differentiated by a history of different historic ruling dynasties, different lifestyles (the pastoral north, the agrarian south), different cultural contacts, occupations, and subsequent different legal traditions (Towuzhian, Poumnian, Ghech). The experience of being ruled by the great, ancient Athisoron dynasty, however, has driven them into a consciousness of a common history. The Chyothit, the Tufume, and the Vufami, all living much further afield, having adopted different faiths, different lifestyles, and constitutions, never experienced the homogenizing influence of the Athisoron dynasty. ;;;;;;;;;;;;;x 
EVT50312NAME;The Central Sithevans;;;;;;;;;;;;;x 
EVT50312DESC;The Central Sithevans are all those tongues and cultures that spoke a Sithevan language, and experienced the homogonising rule of the house of Athis. The Sithevan people were, over a millenia ago, a disorganized collection of military tribes broadly in the tribute of either the Poumnians or lorded over by the Ghech. Sitheve was far less of an identity, but rather an etic term for a cluster of peoples. The Vewugist developments in the 400s greatly strengthened Sithevan identity, and the early Vewugist kingdoms ruled for around 200 years before collapsing. The Rise of house Athis in the 700s once again brought a consolidated Sithevan to the world, but which had to contend with the regionalism of the Ghech-ruled Thes and Sevuma, and the Poumnian influenced Hahabi. The Hahuibi consider themselves the ‘purest’ expression of Sithevan culture, and its ‘good natured’ roots in the free tribes who settled around lake Chyufov, but the Hahabi consider themselves more sophisticated, the Sevuma themselves more pious, etc.;;;;;;;;;;;;;x 
EVT50313NAME;The Vufami;;;;;;;;;;;;;x 
EVT50313DESC;The Vufami are a sithevan culture living in the southern reaches of Ishahfazh. Transplanted there after the great Vewugist migrations, they have largely adopted to the local lifestyles, tilling the jungle soils for starchy roots, living in tower-cities on the plains, in the mashes, and in the jungles, and even have taken to birding, like the elites of Toworud. Nonetheless, they remain committed to their Vewugist faith, and continue to be highly conscious of the linguistic difference between them and their neighbours. There is only one Vufami state, the monarchy of Chyivit, with which both the Poumnians and the Pruunts acknowledge as the legitimate protector of Vewugists in the Poumnian Empire. The garbled and ancient dialect, as well as their stark poverty, makes the Vufami an object of interest for most sithevans, a sort of ‘living relict’ of their ancient conquesting past, but not totally alien like the Tufume or Chyothit.;;;;;;;;;;;;;x 
EVT50314NAME;The Tufume;;;;;;;;;;;;;x 
EVT50314DESC;The Tufume are the Island Sithevans. Having arrived in the Takemogi isles in the 400s, they have gradually adopted the lifestyle of these people, even moving into the weather resistance fortresses they live in, and mostly converting to sedentarian traditions and abandoning their Vewugism. The linguistic issue remains conscientious, as the Takemogi crown, resenting the tongue of the ancient invaders, has tried variously to curb it, grant concessions, or avoid dealing with it all together. The ancient kingdom of Gibumovon is still a fond memory for highly particularist Tufume, but altogether they are mostly quiescent subjects of the Takemogi crown, who see them as a regrettable quirk of history that’s confined to a small region. They, like the Takemoujoy, subsist largely on fish and break, as well as the occasional flank of cattlemeat.;;;;;;;;;;;;;x 
EVT50315NAME;The Surgoian Peoples;;;;;;;;;;;;;x 
EVT50315DESC;The Surgoian peoples are a class of various ethnolinguistic communities living in the north west of Ishahfazh. From the Oujoys of the mountains, who share a nearly common tongue, but who have gradually adopted divergent identities due to the rule of the Bogorans over the Yamoujoy, to the oppressed Miegpaup nomads of the deserts, the Gopza of the mountains, and the Islanders of Takemog, a common linguistic root means there is a consciousness of common history, but a variety of different lifestyles and historical differences means these cultures have much variety. ‘Surgoian peoples’ takes its name from the ancient kingdom of Surgoia, which existed c. 100-500 I.R., but there were people of an ancient Surgoian tongue living in this region long before the kingdom, which merely gave rise to its ‘classical’ expression and still is the root of the high culture of Oujoy peoples, whose ancient name, but not culture, gradually has extended to the Takemoujoy, and the Miegpaup.;;;;;;;;;;;;;x 
EVT50316NAME;The Mamoujoy;;;;;;;;;;;;;x 
EVT50316DESC;The Mamoujoy are considered the ‘highest’ expression of Surgoian culture. After the collapse of the Kingdom of Surgoia, they were fractured into many small principalities, but they maintained the traditions and ancient regalia of the court. They are a settled people, depending mostly for their livelihoods on agriculture, forestry, and silkworm harvesting. Most of their homes are wooden, and their cities are known for their intricately carved wooden buildings, with elegant pavilions, carved posts, boards, and inlays, depicting many motifs of Sedenarian philosophy and faith. Their fine, flowing robes are well praised by the people of the world. The nobility of Mamatoukat continue to wear the steel plating of the older-ages, given an extreme attachment to tradition and their ancient privileges. Their society, like most Sedenatian societies, is highly stratified, with the common folk having little allowance to move and resettle, and the institution of serfdom is prolific.;;;;;;;;;;;;;x 
EVT50317NAME;The Yamoujoy;;;;;;;;;;;;;x 
EVT50317DESC;The Yamoujoy, the ‘short brother people’, are the northern mainland Oujoys. They have long been ruled by the Vewugist Bogorans, and as such: their dialect borrowed from the stilted, laconic tongue of the Bogorans, their began to organise their society in terms of clanship and hetmanship, and they take to a martial and pastoral lifestyle far easier than the Mamoujoy or the Takemogine. Despite this, they remain fiercely attached to Sedentarianism, keeping regular routes for their transhumance and cattle driving, and always wintering in the same place. They enjoy an impression of the Tehuhrite faith that emphasises harmony, balance, the flow of a river, and the idea of return. They tend to dress, as well, not in the fine, calming, silk robes of the Mamoujoy, but in more rugged leather outfits and caps, like the Bogorans. They are also great tea-growers, and some say they are the originators of the tea drinking practice.;;;;;;;;;;;;;x 
EVT50318NAME;The Takemoujoy;;;;;;;;;;;;;x 
EVT50318DESC;The Takemoujoy, the ‘military people’, a name they took, it is believed, from their feudal tradition of bonded warfare in service of a local king, are the isular Surgoians. The islands are known for their harsh weather and their dour, self-disciplined people living in great fortresses. The sedentarian faith arrived in the islands long ago, but the Takemogine are looked down upon by most mainland Sedentarians as not truly pious (for how, the theologians in Tauje say, did one get to the island? Surely, he and his kin must have moved there, and forsaken their homeland!). Perhaps consequently, they maintain a less philosophical and more animist version of the faith, venerating island deities of salt and storm, and local mountain and river spirits, and are great seafarers. The people mostly subsist on fish caught in trawlers, island grains, and the meat of the astouding ‘Takemog cattle’, whose shaggy coats and colossal size protect them from cold weather as they graze on the abundant grass of Takemog.;;;;;;;;;;;;;x 
EVT50319NAME;The Miegpaup;;;;;;;;;;;;;x 
EVT50319DESC;The Meigpaup are the Surgoian nomads of the south Vazzunak peninsula. Nominally sedentarian, they more often than not are close to simplistic animistic theists, worshiping earth and sky and honouring little the teachings of the sages and the philosophers. There are very little of them left, having been driven from Geswoup and Meigtas by the Mamoujoy kingdom and its ‘properly sedentian’ settlers, they live usually in the harsh deserts of this region, eating the meat of the small woolen ruminants the keep, and largely avoiding the government, singing ancient songs.;;;;;;;;;;;;;x 
EVT50320NAME;The Chyothit Thrall-lords;;;;;;;;;;;;;x 
EVT50320DESC;The Chyothit are the great thrall lords of the Hid Sasoth (The Kingdom of Sasoth), the monarchy of the lower Dhumuh mountains. A clan of sithevans arrived in this region during the Vewugist conquests, and has gradually converted the locals into a most wretched and oppressed people, farmed in great thralllands in the mountain scrubland, or hinterland steppe. The common people of the Chyothit, to little care by the great nobles, are entirely dependent on the Gashdzii merchants of Dhamapaha, who pay them to mine iron for the east-west trade. The Chyothit are known as brutal slavers, wild, inbred, barbarous Sithevans, with disgusting manners, and a decided taste for manflesh. In all likelihood, they are the closest people to the ancient Sithevans who were a persistent trouble for the Poumnians, and well known to the Ghechan war-parties. ;;;;;;;;;;;;;x 
EVT50321NAME;The Duttuphti Peoples;;;;;;;;;;;;;x 
EVT50321DESC;The Duttphti are a a linguistic bundle in northern Ishahfazh, their primary representative cultures being the Ûttôbânhu, the Unnahu, the Ngoghu, the Pû?urê and the Yattâe. Primarily incorporated in Rannu Empire, the Ûttôbânhu, the Unnahu, especially, and the Ngoghu to a lesser extent, share a high degree of mutual intelligibility, whereas the Pû?urê and the Yattâe diverged many centuries ago after migrations to Paukzhodo. The Rannuiac folk are known for their staid and somber morality, whereas the wild Pû?urê and Yattâe are known as bold warriors, drinkers, and adventurers, tinged with the paganism of Paukzhodo.;;;;;;;;;;;;;x 
EVT50322NAME;The Lordly Unnahu;;;;;;;;;;;;;x 
EVT50322DESC;The Unnahu refers to a large cluster of dialects and sedentarian traditions that lie on the northern coast of Ishahfazh. Largely associated with the Rannu empire, as the Rannutan dynasty themselves speak an Unnahu dialect, they nonetheless have a number of distinguishing features that mark them out from their neighbours. A strong, nucleated state centred around the tribute taking dynasties that establish themselves after the arrival of Sedentarianism helped to demarcate them from the Ngoghu on the east coast, whose settlement alongside proto-dehuogi clansmen left them a far more garbled people, while Unnahu high culture began to develop along the northern coasts, rooted in Sedentarian teachings, and highly litigious, their sedentarian ‘rootsmen’ and the gentleman lawyers of Vepht spilling our continuous treatises on the intricacies of tributary and sedentarian law. They are highly agrarian, as well as alcoholic, making ‘bark mash’ from the soft, sugary bark of the Dekh tree.;;;;;;;;;;;;;x 
EVT50323NAME;The Uttobanhu;;;;;;;;;;;;;x 
EVT50323DESC;The Uttobanhu like to pride themselves that they are the most ancient peoples of Northern Ishahfazh. It is very likely that Osju^nne^t of Gohn-Peth, the founder of the Sedentarian faith, spoke a language not far from Uttobanhu now, given their tradition of reading his scriptures in the original, and the continuous affinity for Pethian dramas. It is also the Pethians that adopted the letters of the Poumnians to a Duttuphti language, and which the Uttobanhu continue to use despite the imperial alphabetical reforms of the Unnahu. Much of the original lands of the Uttobanhu have been lost to the Vewugist desert folk, the Bogoran conquerors, and the practical Unnahu, but the Uttobanhu remain, lost in a classical memory of the great kingdoms of the ancient Pethians. They cultivate grains around the coast, and allow great herds of cattle to graze out in Ngogo desert, and usually live in large, low, wooden homes. ;;;;;;;;;;;;;x 
EVT50324NAME;The Ngoghu;;;;;;;;;;;;;x 
EVT50324DESC;The Ngoghu are broadly those Duttuphti peoples living in the region of Vadobeth, the area of land long ruled by the Dehoug when they were both pagan nomads and after they converted to Vewugism. A gradual trickle of settlers from Unnahu regions, (then all calling themselves Dutupht) tricked into these regions to settle and cultivate it, and it was in such a state that the Ngoghu were found as the Unnahu-Uttobanhu imperial complex pushed into this territory. Ngoghu identity is somewhat uncertain, with many speaking a Ngoghu register as well as fine Unnahu, but there is decidedly something regionalist and independent of the Rannu dominion that persists in the attitudes of these people.;;;;;;;;;;;;;x 
EVT50325NAME;The Yat-Pugrian Peoples;;;;;;;;;;;;;x 
EVT50325DESC;The Yattae and the Pugure are the Sedentarian and Duttuphti people who live in the wild of southern Paukzhodo. It is not known exactly when they settled here, but it must have been quite long ago, as their language is far different. It is speculated that they were settlers like the Ngoghu who went further. Nonetheless, now, they live a simple life of fishing, hunting, trapping, logging, and farming in what seasons allow it, while driving away the savage Ogrehi. They are the main point of contact between the goods of Paukzhodo and the traders of more developed nations. ;;;;;;;;;;;;;x 
EVT50326NAME;The Huighan Tongues;;;;;;;;;;;;;x 
EVT50326DESC;The Huighan tongues, it was a great surprise for the linguists, are all related, from the Unaian monks, to the Bogoran lords, the swineriders of Budobaman, and the oppressed Eshemi and Duyo. Despite great differences between them, nonetheless, they all come from a shared linguistic root, but these cultures share little between them besides language.;;;;;;;;;;;;;x 
EVT50327NAME;The Vuyti Folk;;;;;;;;;;;;;x 
EVT50327DESC;The Vuyti peoples are a collection of tri-special peoples living in the southeastern jungles and plains of the Ishahfazh. Divided into plains Paguyti, Jungle Vupuyti, and Üytophat, the Gashdzii-derived slave-soldier-custodian folk. They are renowned for their animism, fertility rituals, and strange war masks. Quite curiously, the Vuyti are an example of cross-species linguistic continuity. The Paguyti are classical ruminoids - fat, plump, gullible, and docile grazers, whereas the Vupuyti are clever semi-arboreal pygmy arboraloids, who display a remarkable intelligence, much greater than the Paguytin. It is assumed that the ancient Vupuyti actually shared the gift of language with the Paguyti through example, whether through primitive exchange, ‘animal’ husbandry - the thralldom of the Paguyti, or by simply chatting around those they deemed disinterested animals while on a journey to the plains. The Paguyti themselves taught their tongue to the Sapinoid Üytophat, the purpose bred, clever 'custodians' of Paguyti society.;;;;;;;;;;;;;x 
EVT50328NAME;The Thuidans;;;;;;;;;;;;;x 
EVT50328DESC;The Thihudian peoples are rugged folk who live along the vast central stretch of Ishahfazh - its central deserts (the Zatgibzob, the Ishahgizob, the Dhugheth) and arid mountain spine of the Dhumuh mountains. They are divided regionally, with the Ihtithot in the southern deserts, the Ihnthedehert in the northern deserts, and the Inpihmi and Ihnpedi in the mountain ranges. The desert folk are known for their nomadic lifestyle and terse speech, these people cross the lands with strange pack animals. The mountain folk are known for carrying precious and intricate metalwares mined in secluded mountain valleys, and for their fierce hostility to outsiders. They largely subsist on a diet of pack-animal mutton, fruit, and hardy seed-grains. They are all pygmy arboraloids, like the Vupuyti. It is unclear what drove them to this region in ancient prehistory.;;;;;;;;;;;;;x 
EVT50329NAME;The Dehuogi;;;;;;;;;;;;;x 
EVT50329DESC;The Dehuogi, once a proud race of nomads, now have been reduced, through the influence of the Rannutan, to a most wretched state. The Rannutan empire has forbidden access to most of their traditional swineriding and grazing lands, and gradually, out of necessity, they have been converted to an agricultural people, toiling on great estates owned by absentee landlords living in Vepht. Many centuries ago, however, they were great nomad pastoralists, and still adorn their bodies with the bones of swine and cattle as they did then. They are generally Vewugists, but a number of the Budobaman elite have converted to Kadkohi through the influence of Vokonazh. Most Dehuogi attempt to identify with the great beasts of the plains, and many cultural rituals relate to borrowing the symbolic might of these animals, or emulating them in some way.;;;;;;;;;;;;;x 
EVT50330NAME;The Bogorans;;;;;;;;;;;;;x 
EVT50330DESC;The Bogorans are the Vewugist conquerors who live in northern Ishahfazh. They arrived sometime in the 500s, and have long maintained a violent dominion over the local Oujoys. Their society is organised into five great clans, with a Hetman who regulates both social and political affairs. They are natural born swineriders, and many of the Bogorugi join the clan gendarmes and range across the northern vales policing Oujoy serfs. The cultural sign of the Bogoran elite is the black woolen cap, which is to be worn by adult Bogoran men, and is not to be worn by the Oujoy. Their preferred instrument is the long ‘fashug’, which is a soft wind instrument, a traditional implement of the herdsmen of their society for commanding the woolen ruminants without alarming them, and they are famous for their winsome melodies that echo through the vales of Bogorug. ;;;;;;;;;;;;;x 
EVT50331NAME;The Kovan Cultures;;;;;;;;;;;;;x 
EVT50331DESC;The people of Kovazh are variegated to a significant degree, both in race, culture, and habits. To the east, there are the imperial Momurist cultures, who have to a varying degree been exposed to incarnations of the large empires that have ruled eastern Kovazh since time immemorial. These people are usually a mix of small cobaloids or sturdy corpuloids. In the north there are the Rechktist warlords and tribesmen, including the Xaeve people, who give their name in ‘Kova’, the Gashdzii interpretation, to the whole continent. To the south and west there are generally found the various vewugist cobaloid ‘tea coasters’ and the feroxaloid savages of the interior.  ;;;;;;;;;;;;;x 
EVT50332NAME;The Imperial Kovans;;;;;;;;;;;;;x 
EVT50332DESC;The ‘Imperial’ cultures of Kovazh are largely those cultures which have been exposed to the various Momurist dynasties for the past few hundred years. They include the Humabi, Tingi, Teong, Dexun, Babi, Soxuppapi, Kwargoi, Rozhyu, and Aucubhur. They are known for their dour moods, contrasted with their shiny gemstones worn in reminder of the ‘purity’ of the Momurist ethic. An interesting custom that has emerged in these cultures is the tradition of ‘male marriage’. Men are expended to marry other men, but still reproduce with female concubines. Male marriages are usually important political and economic alliances, and society is, consequently, even more misogynistic than more cultures in the Miiv, though expectedly more tolerant of male homosexuality.;;;;;;;;;;;;;x 
EVT50333NAME;The North Kovans;;;;;;;;;;;;;x 
EVT50333DESC;The northern Kovans are the Biori, the Bhukhegi, and the Kova/Xaeve. They are largely Rechktist nomads, and sometimes are tributaries of the great Momurist empires, but usually try to avoid this. They are all corpuloid hominids beyond the Bhukhegi (who are cobaloids), with sturdy bodies and a glabrous paucity of hair follicles, well suited to trekking across the deserts. The Kova have been subjected to brutal slavery by the Poumnians, who conquered them in the 800s, and have made them into a class of plantation slaves for the production of Nuddi.;;;;;;;;;;;;;x 
EVT50334NAME;The Tea-Coasters;;;;;;;;;;;;;x 
EVT50334DESC;The Tea-Coast cultures refer to a variety of cultures and types of hominids found on the west coast of Kovazh. From the elegant Chobajhi, the little cobaloid men in small yellow caps, to the Bofungi of the Khanate and Coebeji of the Kanate, they are all united in their largely settled style of living, and their deep hatred for the feroxaloid hominids living among them, such as the Ftemioq. Our scholars suppose that for some many centuries the violent and tall, mostly carnivorous feroxaloids preyed upon the smaller cobaloids and bofungoids, and it was with the arrival of vewugism that the tide was turned, and the ferroxaloids were driven under the yoke.;;;;;;;;;;;;;x 
EVT50335NAME;UNUSED;;;;;;;;;;;;;x 
EVT50335DESC;x;;;;;;;;;;;;;x 
EVT50336NAME;UNUSED;;;;;;;;;;;;;x 
EVT50336DESC;x;;;;;;;;;;;;;x 
EVT50337NAME;The Cultures of Bafozh;;;;;;;;;;;;;x 
EVT50337DESC;The state of culture in Bafozh is hardly sufficiently developed to merit particular demarcation beyond large racial/linguistic groups or sets of lifestyles. The entries found below then are particularly general for our encyclopedia, based largely on anthropological notes by our explorers and colonial administrators. ;;;;;;;;;;;;;x 
EVT50338NAME;The Asyum;;;;;;;;;;;;;x 
EVT50338DESC;many Asyum in the inner jungles are not J’ur at all. The Asyum people have a wide range of lifestyles, from the hardly contracted jungle peoples, to the nomads plainsmen, to the settled cultures who fish the phosphorescent jellies that seem to abound in the Zhadnozhogid sea. Those Asyum princes in Nywut have also began to import Nuddi root, for the purposes of growing and exporting it. ;;;;;;;;;;;;;x 
EVT50339NAME;The Charchlanders;;;;;;;;;;;;;x 
EVT50339DESC;The charchlands refers to all those lands including Charch, Cherass, and Gokam. The Gokam appear to not be linguistically related at all to the Charch or Cherassians, but nonetheless are usually classed as being charchlanders. The charchlands are one of the most settled parts of bafozh, and the thatched houses of charchland are a typical quaint depiction in artwork. They are fractious people, and are quick to arms, and are very angry. A typical curse in their land is: ‘six birds are not enough.’ The idiom is hardly translatable, but the author assures the reader of this encyclopedia that it is quite biting. ;;;;;;;;;;;;;x 
EVT50340NAME;The Forest Dwellers;;;;;;;;;;;;;x 
EVT50340DESC;For material purposes, the forest dwellers of southern Bafozh may be classed into one sort of people, despite speaking a variety of languages. They hunt the great beasts of southern forests, and fish the many rivers of this land. They are little more than simple animist peoples.  ;;;;;;;;;;;;;x 
EVT50341NAME;The Northern Beast Men;;;;;;;;;;;;;x 
EVT50341DESC;The beast men of the north include the Hrussan and Hohraethy, but they are different sorts. The Hrussan are dentaloids, with large, menacing jaws, which they usually use to grind up plants, but occasionally smash into each other and their enemies. The Hohraethy are oriental gigantoids, with spectacular ‘coneheads’. It is supposed that the dry and arid landscapes attracted hominids with the capacity to survive on little and dry foods. ;;;;;;;;;;;;;x 
EVT50343NAME;The Azuroids of the Central Belt;;;;;;;;;;;;;x 
EVT50343DESC;The Azuroids of the central belt of Bafozh are only of note for their strange and frightening blue skin. Dwelling in the jungles, it is sometimes supposed that such a skin was adapted to picking up certain tones of light, or blending in with lush foliage. Our biologists and naturalists are generally quite stumped, but a notable trade in their skin, as well as the habit of capturing them to bring back to our zoos, is already beginning. ;;;;;;;;;;;;;x 
EVT50344NAME;Island Cultures;;;;;;;;;;;;;x 
EVT50344DESC;Herein is found entries related to the Island peoples of the world. One might notice a number of curious features of those living in the Islands, in that they seem to display freakish differences from most hominidae. The Orgehi of the north display a degree of Gigantism, and have furry coats, whereas the Island people of the Ishnapt are all oriental insuloids, small and delicate people who seemingly have adapted to scarce food supplies. Most of these peoples display remarkably little development beyond the Tuqqikian of Shobgizob.;;;;;;;;;;;;;x
EVT50345NAME;The Ogrehi Troglodytes;;;;;;;;;;;;;x 
EVT50345DESC;The Ogrehi are troglodytic peoples living in the northern reaches of Paukzhodo, as well as a few small islands in the surrounding area, hence why this region in many languages is 'troglodytica' or 'land-of-cavedwellers'. They seem to be a unique class of hominids that have adapted especially to the frigid lands they live in, growing large and hairy coats. They are generally in a state of depraved barbarism, eating each other's flesh in war-raids, living in caves, and mainly subsisting off of the hunting of large boreal creatures or fatty pinnipeds caught on the coast, as well as berries and nuts in the summers. However, off the coast of Paukzhodo, on the small island of Badath, they have been organised into a somewhat regular settled society. It is not clear how the Ogrehi arrived in Badath, nor why the Njutto did not occupy this region. In any case, the small kingdom of Badath was incorporated into the Rannu empire long ago, and the Ogrehi there have learned to write in Rannutan letters.;;;;;;;;;;;;;x  
EVT50346NAME;The Tuqqikian;;;;;;;;;;;;;x 
EVT50346DESC;The Tuqqikian folk are a collection of oriental insuloids living mostly in Shobgizob. They are united by speaking a common collection of dialects, but are generally divided into ‘settled’ Tuqqikian and ‘bush’ Tuqqikian. The settled folk are bloodletters mostly (some have converted to Vewugism), and worshipers of a demanding high god who asks for many sacrifices, while they bush folk seem to exhibit a number of animist and shamanist folkways. They are known for their feathered dress, which they collect from the large flightless birds that live in Shobgizob and which they both hunt and (only the settled folk) keep as livestock. They are also excellent swimmers, and are known to dive deep into water to collect kelps, small molluscs and bivalves, as well as reef-fish, much like the nearby Zagkhan. In settled Tuqqikian society, the order of priests holds great sway. They value piety and fortitude, as well as humour. They describe life as a ‘cruel dream’ of the gods (or god, for the monotheists).;;;;;;;;;;;;;x  
EVT50347NAME;The Zagkhan;;;;;;;;;;;;;x 
EVT50347DESC;‘Zagkhan’ is more of a misnomer really. The many peoples who speak a Zagkhanian language are spread out across the vast Ishnapt sea, its many volcanic islands, atolls, and some of its larger islands and island chains. They are all, it seems, oriental insuloids. They are expert rafters, and build loosely knit vessels from wood and fibers, and seem to drift across the great seas using robust and fibrous sails. They are also excellent divers and fishermen like the Tuqqikian. They are socially arranged into those who are of marriageable age, and those who are not, or are married. These groups of society are strictly segregated, and young couples are expected to live apart from their larger settlements until they marry, and then they can return. This encourages a high rate of marriage. They are, as expected, largely pescetarian-frugivorous.;;;;;;;;;;;;;x 
EVT50348NAME;The Kingdom of Gaubja;;;;;;;;;;;;;x 
EVT50348DESC;The Kingdom of Gaubja is a developed monarchical south Gashdzii state in the east of the continent. The ‘Gaub’ people (-ja) began their history as marches of the empire, and the Margravate of Gaub (of which the earliest record is an imperial grant of such a title in 664, still held in the imperial library in Pashdzii) slowly gave its name to both the people of the region and the later state. It’s known for its beautiful coasts and uplands in the far east, as well as for its hardy and daring seamen who fish the eastern oceans. The Gaubjan state was wracked in the mid 1270s by a particularly bloody palace coup against the old dynasty. The Pozâfauk Dynasty, which dates as early as the 800s, was overthrown and house Bodimhazh came to the throne, making the beheading of old Mozzanak II Pozâfauk their very flag. The state has experienced a number of popular jacqueries nominally in support of the Pozâfauk family, and tensions remain across Gaubjan society related to dynastic loyalty.;;;;;;;;;;;;;x 
EVT50349NAME;The State of Gozonazh;;;;;;;;;;;;;x 
EVT50349DESC;Gozonazh, along with Chiishozd, is one of the youngest states of Ishahfazh. As the power of the Vuyti states began to be outstripped by the increasingly wealthy and technologically advanced south Gashdzii, a number of colonial settlements were made in the fertile and temperate coastland of the far south in the mid 900s. By the early 1000s, these had organised themselves into a small federation under the protection of Gozoshovi Paptazh (968-1021), a powerful regional landowner. Paptazh gradually fashioned the federation into a private monarchy, slowly increasing his dominion over the region. Gozo’s land, as the regions of Vonjar and Yuwja came to slowly be called, formally became a monarchy in 1128, after the war of Dhaug (1121-6) with Jishanâgi settlers advancing south, when Nobamedes Paptazh (1098-1167) declared a dictatorship to organise the war effort, which he never relinquished. The court is held in Pifshop, on the river Vonjar. Gozonazh holds no deep ties to the old empire.;;;;;;;;;;;;;x 
EVT50350NAME;The Seven Cities of Chiishozd;;;;;;;;;;;;;x 
EVT50350DESC;The ‘seven cities of the burning coast’ are usually called the Chiishozd, or the young-grass lands. The region gets its name both from its sweltering and humid weather, and the regular practice of burning large parts of the local jungle to push back the local Vuyti and to clear land for farming. With the area first settled by west Gashdzii colonists in the 1160s, it is the youngest state in Ishahfazh, like its ‘brother state’ of Gozonazh. Despite its late settlement, it has managed to attract a remarkable number of colonists, who seek out free land to be burnt away from the jungle. It is dominated by a number of small walled cities, where the ‘old families’, the patrician clans of the early settlers, hold sway. The foremost city among them is Vozza, or Vozzaniz, which came to dominate the six other cities after a series of small scale military conflicts in the early 1200s, when some of the weaker cities sided with the Vuyti of Junugh in attempt to wrest trade from Vozza. The patricians of Vozza typically decide state policy. ;;;;;;;;;;;;;x 
EVTNAME50351;Mission to $FROMCOUNTRY$ Successful!;;;;;;;;;;;;;x
EVTDESC50351;Our recent mission to $FROMCOUNTRY$, we have learned, has been successful! A couple missionaries, as well as a number of neophyte natives who are on their way to Sesi to spend some years at the Drupe to learn the practice of Vewug watching and become ordained Seers, and then return to their country, have returned to $CAPITAL$ with a missive from the prince of $FROMCOUNTRY$, who thanks us for our guidance in spreading the favour of the Vewug, and has expressed his hopes that our countries will collaborate on many things in the future, all for the glory of our shared faith. Granted, there is much to do in $FROMCOUNTRY$ still - many of the common folk still must be converted, but this is a great triumph for our faith and our government!;;;;;;;;;;;;;x
EVT50351OPTA;The might of the Vewug is undeniable!;;;;;;;;;;;;;x
EVTNAME50352;Mission to $FROMCOUNTRY$ Fails!;;;;;;;;;;;;;x
EVTDESC50352;The recent mission we aided in $FROMCOUNTRY$, it seems, has fizzled out. The efforts to set up a press were successful, but much of the aristocracy were totally illiterate and struggled with any instruction, while the local pagan priests were a pernicious influence on the local prince, whispering devilish lies in his ears and slating him against our faith and our missionaries. Gradually, it seems, the prince has lost interest in the Vewugist faith and returned to the barbarous superstitions of his ancestors. The missionaries have become increasingly nervous in what is an increasingly hostile environment, and many of them have fled the capital and returned home, especially the nervous scholars and printers we despatched, while a number of fanatics have indicated that they will fearlessly remain, expecting variously a miraculous intervention from the Vewug, or to be murdered and for their soul to join his hosts in higher planes.;;;;;;;;;;;;;x
EVT50352OPTA;Bah, beastmen will be beastmen;;;;;;;;;;;;;x
EVTNAME50353;Mission Successful!;;;;;;;;;;;;;x #AI ONLY
EVTNAME50354;Mission Fails!;;;;;;;;;;;;;x #AI ONLY
EVTNAME50355;The Tribute Collection Year;;;;;;;;;;;;;x
EVTDESC50355;We are, regrettably, tributaries of the great Poumnian Vopudshawrish. The Celestial Emperor in Prousorum demands, on irregular years, contributions to the imperial treasury from the Poumnian states, both in kind, in bullion, and in coinage. Sadly, this year, the tribute has fallen upon us. From most productive districts the Vopudwou is demanding a simple tax that roughly equates to 1000¤ Gashdzii dhamaks, but the extra duties of Pruub and Nuzhdap paid in kind means that those districts effectively pay double. This is always a contentious time in $COUNTRY$, as those who are of a Pruuntish particularist bent always complain greatly, and resist the collection, while those who are pro-imperial are particularly officious and overbearing. The the tax collectors, are simply hoping for the collection to end swiftly, the tribute boats to be loaded, and this whole affair to be over, or for the government to refuse or delay collecting the tribute, which we must decide.;;;;;;;;;;;;;x
EVTNAME50356;Pruuntish Tribute Falls Short;;;;;;;;;;;;;x
EVTDESC50356;The Pruuntish people are our tributaries, and they are expected to yield to us a number of tributes, both in coinage, bullion, and commodities, which arrive at the great docks at the mouth of the delta, in what is commonly known as ‘the tribute ships’. These tributes are nominally invested in the imperial temples, who usually sell them, with profit to the government. We have noticed, however, that recently, tribute from $FROMCOUNTRY$ has been delayed by several months, and despite a few of their ships docking in our harbours, nothing has arrived. Upon making contact with a few agents in their lands, it appears their government has declined to collect the proscribed tributes and was hoping we would not notice, or care! The imperial clergy excise and tribute office is incensed, and is demanding a retributive war against these impudent upstarts.;;;;;;;;;;;;;x
EVTNAME50357;Tribute Ships Arrive;;;;;;;;;;;;;x
EVTDESC50357;The Pruuntish people are our tributaries, and they are expected to yield to us a number of tributes, both in coinage, bullion, and commodities, which arrive at the great docks at the mouth of the delta, in what is commonly known as ‘the tribute ships’. Today a large collection of tribute ships have arrived. The heavy merchantmen, laid heavy with a lastage of all sorts of goods and precious metals, as well as Pruuntish coins, and some imperial coins, have arrived. The goods will be sold on the market, and the coins that aren’t our own will be melted down and then reissued by the imperial mint or sent to the treasury. The docks are awash with activity, as longshoremen unload the great tribute ships and imperial overseers from the clergy direct the transportation of the yields to the temples and the mint.;;;;;;;;;;;;;x
EVTNAME50358;Tribute is Due;;;;;;;;;;;;;x
EVTDESC50358;We are regrettably a tributary of a greater power. They regularly dispatch tyrannical envoys and cruel collectors to assess the wealth of our treasury, and demand exacting payments that siphon away much of the wealth of our land. The time has come again for us to pay our tribute.;;;;;;;;;;;;;x
EVTNAME50359;The Tribute Arrives;;;;;;;;;;;;;x
EVTDESC50359;We have certain foreign peoples that owe us regular tribute, due to the diplomatic pacts and governmental bonds we have with them. The tributary exchequer court is an autonomous part of the customs board, and makes regular deposits into the state treasury, after calculating and requesting receipts for the costs of transport and the collection of tribute. Today is a day that the court has furnished our government with a great degree of tribute wealth, which the men at the treasury committee gleefully rejoicing of, while the military high command and the public works divisions eagerly eye this bumper crop of funds.;;;;;;;;;;;;;x
EVT50360NAME;The Kingdom of Takemog;;;;;;;;;;;;;x 
EVT50360DESC;The Island monarchy of the Takemog is an aristocratic kingdom of seafaring Surgoian Tehuhrite people, and some Tufume Vewugist relicts. The unified monarchy of Takemog is a union of various island duchies and kingdoms. Following the invasions of the Sithevan Vewugists in the 400s, the local sedentarian kingdoms in the Moutmaswau, the big island, remained fractured and weak, and the Vewugist conquerors maintained a brutal kingdom that drove most local sedentarians away from the southern islands, and the south coast of Moutmaswau. By the 700s, however, the Petty Kingdom of Souswam had proclaimed a kingdom of the Takemojouy people, having nearly unified Moumasawau, and in the next 300 years, the smaller island kingdoms would, though intermarriage, become parts of the kingdom, and in 1021, the last Tufume kingdom was conquered. The Parlements of the duchies and petty kingdoms still retain a great degree of power, and the government of the kingdom is largely in the hands of local gentry.;;;;;;;;;;;;;x 
EVTNAME50361;$FROMCOUNTRY$ Interference!;;;;;;;;;;;;;x
EVTDESC50361;The presence of $FROMCOUNTRY$ soldiers in our capital for an extended period of time has long been worrying our government, but finally they have made their purpose clear. From amongst their ranks appeared a small and infuriatingly smug envoy, who announced to us that the tribute contract we have with them is to be altered according to the whims of his government. We have little choice but to suffer and bear whatever they dictate, and no doubt this preemptive show of force is to remind us what can happen if we were to cause trouble when, during the next tribute season, we found out things had changed. The soldiers, the envoy informs us, will be departing soon, and we needn’t worry, he was merely here to inform us of the change.;;;;;;;;;;;;;x
EVTNAME50362;The Tribute Status of $FROMCOUNTRY$;;;;;;;;;;;;;x
EVTDESC50362;We have recently informed $FROMCOUNTRY$ that we will be reviewing and altering their tributary contract, and they have, our envoy to $FROMCOUNTRY$ reports, broadly acquiesced to this change. The question remains how we wish to treat with them. §RNOTE: Attempting to impose ones own cultural bureaucracy without waiting around 20 years of overlordship is much more likely to cause resistance, and annexing without imposing one's cultural bureaucracy is garunteed to fail!§!;;;;;;;;;;;;;x
EVTNAME50363;Tribute is Due;;;;;;;;;;;;;x
EVTDESC50363;We are regrettably a tributary of a greater power. They regularly dispatch tyrannical envoys and cruel collectors to assess the wealth of our treasury, and demand exacting payments that siphon away much of the wealth of our land. The time has come again for us to pay our tribute.;;;;;;;;;;;;;x
EVTNAME50364;AI CLEANUP;;;;;;;;;;;;;x
EVTNAME50365;AI CLEANUP;;;;;;;;;;;;;x
EVT50366NAME;The Vupuyti;;;;;;;;;;;;;x 
EVT50366DESC;The Vupuyti are the semi-arborial arboraloids of the southern jungles of the Maabizhpti peninsula. They are known for their ferocious war masks, and their strange religious rites. In Vuyti culture the elder is venerated. To reach old age is incredibly prestigious, and the words of the clan elders ought to be heeded lest the spirits punish you. The Byuwish is a common ritual observed by Vupuyti elders or ‘Dübs’. It consists of all participating members circling around a large fire, as close as they can bear to sit, and knee to knee. Either servants or slaves then throw locks of the hallucinogenic Nuzhdap repeatedly into the fire throughout the ritual. The participants then share in breathing in the fire's smoke, while masturbating in unison. This ritual is intended to be a dialogue between the spirits and the elders. The Vupuyti largely subsist off of fish and small animals caught in the jungle, as well as some primitive jungle agriculture.;;;;;;;;;;;;;x 
EVT50367NAME;The Paguyti;;;;;;;;;;;;;x 
EVT50367DESC;The Paguyti are the docile ruminoids of the plains of south eastern Ishahfazh. They largely organise themselves in large extended families, with one ‘bull’ male and his offspring forming an extended political and military unit. In the present day, most Paguyti families are the charges of an Üytophat shepherd, who fills this role for many, many households. He leads them in battle and directs the building of their settlements. Oftentimes he will raise a successor, who has been captured from a Gashdzii village, or from the Gashdzii slave class in the Paguyti villages, chosen by the collection of bull males who he is responsible for - the Üytophat children themselves are rarely chosen, and often fill special roles in the mountain city. The Paguyti worship Paphüytashu the mountain god of Twünazh, and largely subsist on a diet of fruits and grains. They are typically quite kind, perhaps given their biologically necessary vegetarianism, and generally dislike violence. ;;;;;;;;;;;;;x 
EVT50368NAME;The Üytophat;;;;;;;;;;;;;x 
EVT50368DESC;The Üytophat are the famous ‘custodian’ class of Paguyti society. The docile Paguyti grazers struggled to cope with the onslaught of Gashdzii settlement, and their vicious exploitation at the hands of the Gashd. They wept that ‘devils’ had been unleashed upon them. At some point, however, Paguyti warchiefs who resisted Gashd settlements by burning frontier villages came to keep the Gashdzii children, and raise them in the ways of the Paguyti. Gradually, the intelligent, captured offspring came to constitute an elite caste of Paguyti society. Guarding their ‘flock’ of Paguyti, these half-wild Sapinoids loath greatly their Gashdzii cousins, and while their privileged position in Paguyti society often gives way to graft and corruption, they remain fiercely devoted to the protection and preservation of a Paguyti way of life from encroachments by slavers and settlers. Like their Paguyti charges, they worship Paphüytashu the mountain god, and largely subsist on a diet of fruits and grains. ;;;;;;;;;;;;;x 
EVTNAME50369;The Seat of House Budobam!;;;;;;;;;;;;;x
EVTDESC50369;Tuoshivaw fell in 951. Then it was a sprawling, thronging, plains city, with many bazaars, inhabitants, and the great palace of the swinelords. The great Budobam Bekob of the Dehuog summoned all the Vewugist nomads of the Fuokuge, the Dibab, and the Ishahgizob to answer to his commands, and his hosts were numerous. The Rannutan dogs came and veritably destroyed the whole thing, burning and slaughtering indiscriminately, and built a small fortress city in its place, settling what Dehuog that remained in meager wooden houses. Now, however, we have come to rule these lands again. Our swineriders have set up a small encampment here again, to watch over the little fortress city, and the dusty tents stirs the mind to thoughts of the city that once stood here. The royal chamberlain suggests, in fact, now that we have driven the slovenly and weak Rannu dogs from our lands once again, that the mighty Bekob of Budobaman take up residence again in Tuoshivaw, and hold court on the mainland!;;;;;;;;;;;;;x
EVT50369OPTA;May the swine kings ride the plains of Fuokuge once again!;;;;;;;;;;;;;x
EVT50369OPTB;And leave the safety of our island? Are you mad?;;;;;;;;;;;;;x
EVTNAME50370;The City of Souls?;;;;;;;;;;;;;x 
EVTDESC50370;Deep in the mountains of Rygaas, the strange, giant people have a city. Not one of their miserable piles of hovels, but a great, stone city hewn deep into rock. But curiously, no one lives in it. In many tiny little crevices, one can find deposited jewels, with a small note, usually, written in their winding script. The only living creatures one finds are skittering insects, and ancient priests with brooms who stalk the halls. It is the ‘holy city’ of the Gyahki, where they keep the souls of the dead, they explain. We, regrettably, however, have learned about this after a cadre of our local officers conducting a military survey ransacked heaps of jewels and assaulted priests. It appears they are actually trying to sell the government the precious metals they stole, to convert to currency, of which we could take a cut, but the colonial office warns of repercussions: the rage of the Gyahki faithful as we melt the souls of their ancestors.;;;;;;;;;;;;;x 
EVTNAME50371;AI CLEANUP;;;;;;;;;;;;;x
EVTNAME50372;AI CLEANUP;;;;;;;;;;;;;x
EVTNAME50373;The Thrall Culling Season;;;;;;;;;;;;;x
EVTDESC50373;Our country is one that has certain regions that engage in the rearing and culling of thralls, or those hominids used for man-flesh cultivation. In most cases, thralls are usually made of one of the more vegetarian hominids, and encouraged to graze in the scrublands, forests, or other hinterlands where they can live ‘as in nature’ and collect foods. As they age, once the thralls have sufficiently reproduced, the men are usually castrated and the women spayed. The absence of sex-hormones encourages them to get flabby, creating a chewy, fatty meat that is prized in the trade. They are then culled at about 15-16 years of age. In the scrublands and hinterlands, it is usually a great festival, with a farmer bringing his troupe of thralls into the stockyards and a great bloodletting is done, with many killed in rapid sequence. Frequently blood puddings are quickly made, and some eyes are consumed raw, while others are pickled for urban markets, and later seasons.;;;;;;;;;;;;;x
EVTNAME50374;AI CLEANUP;;;;;;;;;;;;;x
EVT50375NAME;The Mjhm’an of Gofakidzia;;;;;;;;;;;;;x 
EVT50375DESC;It is hard to believe a people can live in the wild reaches of Gofakidzia at all, but in any case, the Mjhm’an are there. They are oriental insuloids, like many of the people living scattered throughout the Ishnapt Ocean, but their language is so strange and foreign, they must have arrived there a very long time ago. Furthermore, there is only one major current which carries water toward Gofakidzia, which makes it all the more remarkable. To weather the colossal storms that wrack the land, and the cold weather, they build small huts and cottages with thatched grass roofs on the lee sides of mountains and hills, and are seminomadic, cultivating small gardens and fields in the summer, while trapping and hunting in the winters. They believe in an animistic faith that endows all things with spiritual powers, and the spirits themselves are said to come from ‘the spirit world’ to enjoy the world of the living. They are usually clad in furs from the small animals of Gofakidzia.;;;;;;;;;;;;;x 
EVT50376NAME;The Ogrehi Fur Trade;;;;;;;;;;;;;x 
EVT50376DESC;In Paukzhodo and its environs, it is freezing cold, and there is little reason for our settlers to go to these areas. Our colonial administrators, as well as factors of monopoly fur and lumber companies, collect a lumber or fur tribute from the local Ogrehi communities, and return to warmer climes after they have visited the various stations and tribal communities known to be living there. However, we have noticed a problem emerging with the private fur traders who arrive in Paukzhodo seasonally to hunt the large game. They seem to have turned to grave robbing, coercion, and even murder to collect the pelts of our nominal Ogrehi subjects! The Ogrehi are a hominid uniquely suited to this cold climate, and their anthropic morphology means little tailoring is needed to make a winter suit. Incidentally, we have accumulated a lot of observations about Ogrehi burials, which is of interest to our scholars, but the situation risks setting the Ogrehi against us and spurring resistance to the tribute.;;;;;;;;;;;;;x 
EVT50377NAME;An Erudite Symposium;;;;;;;;;;;;;x 
EVT50377DESC;It has often been remarked by our scholars the curious fact that the Kusii cults are entirely restricted to the portion of Shobgizob that hosted settled native Tuqqikian societies before the arrival of colonial administrations. It has been assumed for many years that a settled society allowed for the development of a more sophisticated faith, temples, a priesthood, etc. Now, however, one of our professors, who has studied the gathering ‘bush’ Tuqqikian, and determined they have an extensive shaman class who holds a similar role as the Kusii priests. He has come to the conclusion that in fact the development of a sacrificial faith and strict monotheism facilitate the transition to agriculture and civilisation! It is argued that the demands for temples to carry out these rites encouraged sedentary congregations, and that the need to capture sacrifices encouraged more developed political and military structures.;;;;;;;;;;;;;x 
EVT50378NAME;A Zagkhan Mollusc Hunt;;;;;;;;;;;;;x 
EVT50378DESC;Our sailors and molluscers go on regular seasonal hunts in our stations in islands out in the great Ishnapt oceans. The great oil-molluscs in these regions grow huge off of grazing on the vast swarms of plankton in these nutritious waters. The oil molluscs caught here are an important part of our oil industry, which is used for producing ammunition, candles, and sealants. But also, it seems, the hunt of the oil mollusc is an important part of the local Zagkhan’s lives. Upon docking in $CAPITAL$, one of our captains has submitted a report to the admiralty detailing his journey, which describes a remarkable hunt by Zagkhans, who went out to sea in several small rafts with only small fibrous sails. Despite this, they managed to take down a very large oil mollusc, and tow it to shore. They explained, through an interpreter, that they use its mantle for tools, and its muscles for food. In fact, they don’t use its fatty and unctuous blubber for anything, which they yielded to the captain!;;;;;;;;;;;;;x 
EVT50379NAME;The Old Kiidnazh;;;;;;;;;;;;;x 
EVT50379DESC;The ‘Thousand Realms’ is the term for the now shattered Gashdzii empire. Rising in the second century under the sturdy rule of Godhiinimiz I ‘the First and the Great’ (r. 102-149), it spread from the plateau cities of Pashdzii around the Vodmhu river to form a vast continental empire that brought Gasdhzii culture and military might across the great plains of Ishahfazh. It began to experience great difficulties in the late ninth century, the so-called ‘age of undoing’ and experienced a slow and untidy fragmentation and collapse, despite the persistent de jure claims of the emperor in the imperial city, and despite the absence of its soldiers, the old documents, forms of imperial governance, and even economic unity, still hold much important in the Gashdzii world. However, some of the southern states have drifted away from the old slaveholding and agrarian centers of power, and have become more dependent on trade and industry. The ‘imperial reckoning’ is the standard calendar system across the world, formulated first by Godhiinimiz I.;;;;;;;;;;;;;x
EVT50380NAME;Vokonazh;;;;;;;;;;;;;x 
EVT50380DESC;Vokonazh is a collection of hereditary feudal domains on the eastern shores of Ishahfash ruled by the powerful Gashdzii aristocratic family Midodazh. Most properly the term only refers to those states south of the Zhakgizob, the old ‘imperial borderlands’. One of the most centralised and authoritarian states, it broadly weathered the collapse of the Gashdzii empire and has taken much of the mantle as the foremost aristocratic and conservative power in the region. As of 1308, it is ruled by the dynamic prince Gozomedes Midodazh, a bellicose and ambitious young ruler. The government is carried out by a number of ‘constables’ who are sent out from the royal court in Modhag, who oversee the local government in the various provinces, and make sure that the local Dhovs [lords] (who are responsible for the serfs) do not stray from the government line. Hence, the ‘constabulary’, a personal household department of the Midodazh court, is one of the most powerful implements of government. ;;;;;;;;;;;;;x  
EVT50381NAME;Pashdzii, the Imperial Capital;;;;;;;;;;;;;x 
EVT50381DESC;Pashdzii is the largest city in Ishahfazh and the ancient capital of the Gashdzii empire. It is situated on a large plateau at the headwaters of the Vodhmu river in the vast central plains of Ishahfazh. Now virtually a small independent state, it boasts of the imperial palace, most of the holy synods, imposing edifices of the imperial past, and sprawling slums of hungry mouths attracted by its central role in the trade continental trade network and towering workshops. One may find idle aristocrats lounging in quiet and ancient, tall and narrow, shady and cool, courtyards, secreted away from all the bustle, feeding the birds, smoking Pruub in long pipes, and listening to whispers of politics across the empire, or one may find the sweltering workshop towers of the outer slums, with their labour flags and winch cranes, creating clothes, metalwares, black powder, and tools for the entire Vodmhu valley. Despite the presence of the emperor, much of the government of the city itself is in the hands of the various patrician ‘dining clubs’.;;;;;;;;;;;;;x  
EVT50382NAME;The Kingdom of Vâfaut;;;;;;;;;;;;;x 
EVT50382DESC;The kingdom of Vâfaut is one of the oldest and proudest pieces of the Kiidnazhi patrimony. Won in the early conquests of Godhiimâdho “the lawgiver” (r. 149-181), the second emperor, from the Byotrin princes who swore nominal fealty to the fourth Poumnian dynasty, it was quickly settled by the great noble families and peopled by eager settlers and missionaries. It has maintained a position as a state with a strong army and has fought numerous border wars with the Poumnians, as well as maintains a protective wardship over many of the inner states of the Vodhmu delta. The current ruling dynasty of Vâfaut, the Utkoz house, maintain the nominal title of ‘imperial constable’, and claim to exercise regional rule in the name of the emperor. The government of Vâfaut is broadly dependent on collaboration between the local aristocrats and nobles of the robe and the central government, with local administration done by joint commissions sat on by hereditary officeholders and intendants appointed by the prince. ;;;;;;;;;;;;;x 
EVT50383NAME;Sublime Veyethu;;;;;;;;;;;;;x 
EVT50383DESC;Sublime Veyethu is a paternalistic council that emerged in the ruins of the state of Athisoroo, the monarchical Siethevan kingdom. Formed following a revolution in 1297, the ‘Sublime Demotic State’ champions religious freedom and agrarian liberties. Their main governing body is a council chamber, who elects a rotating ‘Lord Protector’ to command the army, navy, gendarme, and other military bodies, all in the name of preserving the popular will and the agricultural settlement. Following the revolution of 1297, the monarchical loyalists retreated to the provincial duchies of old Athis, and continued to wage war against the Veyethun. With the reactionary monarchists aided by the efforts of the Poumnians, who took the opportunity to meddle in the old Athislands, the war ended in a practical stalemate, and the Veyethun state now controls much of the centre of the old Athisard kingdom. They look eagerly to recapturing these lands, while the monarchical duchies hope to restore the Athisoron kingdom, and return house Athis from exile. ;;;;;;;;;;;;;x 
EVT50384NAME;Vugioroo;;;;;;;;;;;;;x 
EVT50384DESC;Vugioroo is a term for the monarchical princedom that the short-lived revolutionary state of Sublime Veyethu became after the revolution was defeated. With the rightful heirs of Athis refusing to take a shattered crown, a minor prince of a cadet branch has donned the crown of Chyush, and claims to be ruling a (somewhat artificial) kingdom that happens to be conterminous with the armistice borders of Veyethu. The name is taken from the older geographic term for this region, the vug of the central plains. ;;;;;;;;;;;;;x 
EVT50385NAME;The Great Powers of Kovazh;;;;;;;;;;;;;x 
EVT50385DESC;There are about five or six powers in Kovazh that have been traditionally deemed by the Ishahfazhis as worthy of negotiating with or sufficiently developed in some way. To this day, these states maintain preponderant influence in Kovazh. ;;;;;;;;;;;;;x 
EVT50386NAME;The Qooxibi Empire;;;;;;;;;;;;;x 
EVT50386DESC;The Great Qooxibi empire is a large dynastic monarchy in eastern Kovazh. It emerged sometime in the early 900s, after the collapse of the Tingi Dyasty of the Gimeng Gon. The Southern Humabi lords of Qooxib, in the Qamo-Qooxib dynasty, seized the claim to be the legitimate protectors of the prayerlands of the silent God, and quickly conquered the lands of the Gimeng, making an alliance with the warlike Soxupappi of the steppe. Like the dynasty of Gimeng Gon, the Qooxib officially claim empire over most of the Fazhri Chrur, the northern states, the southern tributary islands, and the Ourrhond. Their state relies on a careful alliance between the Soxupappi lords and the humabi landlords of the Vetchk river watershed. The Soxupappi guard, the imperial elite regiments, are widely considered the real power in the court of Qooxib.;;;;;;;;;;;;;x 
EVT50387NAME;Ourrhond;;;;;;;;;;;;;x 
EVT50387DESC;Ourrhond is a large aristocratic commonwealth in central Kovazh. One part of the larger eastern dynasties, now it is mainly in the hands of regional warlords and governors nominally bound together under one king. The banner of the snake indicates the house of the snake, which currently holds preponderant influence in this elective monarchy. It is under much pressure from regional and overseas powers, with a Vokonazhi trading influence on the southern coasts, the Gussanans and Ratbhoki savages to the west causing endless trouble, and raids from Biori tribesmen. The political situation remains delicate, with the various alliances of lords and Starotsas shifting regularly. Despite this, the seasonal gatherings of the nobility in Andhuspkh are the height of kovan culture, with fine soirees and aristocratic pageantry. Unlike the Qooxib and the Fazhri Chrur, despite being Momurist, they are far more secular and tolerate the playing of music for joy, and most old prayerlands have been occupied by nobles.;;;;;;;;;;;;;x 
EVT50388NAME;The Rhuiqourran Empire;;;;;;;;;;;;;x 
EVT50388DESC;The Rhuiqourran empire, despite its small territorial extent, is one of the more powerful empires of Kovazh, governing millions of peoples living in a small space. Founded on the wealth of the tea trade with the Ishahfazhi powers, the Vewugist Chobaji cobaloid warlords managed to iron out a compact agriculture state amongst the rechktist and feroxaloid savages. The handsome and temperate ‘tea coast’ boasts their proud and charming cities, were dressed in their customary yellow caps, their overseers and merchants transport the cargo to Ishahfazhi vessels waiting on the large wharves. The Empire itself has a reputation for inconstancy, regularly revoking and reissuing trading permits to extract better deals. They are under significant pressure from the Pusunetone, who, despite being coreligionists, are known to covet the lands of the emperor. ;;;;;;;;;;;;;x 
EVT50389NAME;The Pusunetos of the Great Khan;;;;;;;;;;;;;x 
EVT50389DESC;The Pusunetos of the Great Khan is a new regional power in Kovazh. Riding to power on the backs of the wave of Vewugist fervor that came to Kovazh in the 1000s, the long oppressed Bofungoid Coebeju converted to Vewugism and created a dynamic state that managed to finally end their years of bloody oppression by the feroxaloid anthrophagic paorusu tribute takes of Naiosapa. The Dynasty of the Fobos managed to unite the many Coebeju tribes into a powerful collection of warbands, and hence was called their lord and master. What is translated as ‘khan’ in Coebeju roughly means ‘great warchief’. Their quick and recent formation, however, means the power of their state is changeable and prone to radical changes of policy, as well as brutal internecine wars. ;;;;;;;;;;;;;x 
EVT50390NAME;The Serene Kingdom of Anyumb;;;;;;;;;;;;;x 
EVT50390DESC;The Serene Kingdom of Anyumb is a centralised island monarchy. Divided between the lowland Anbmedh and the upland Ibhuamn, it is also divided between Vewguist converts and Paosrusu old believers. In many parts of Kovazh, this has the potential for bloody conflagration. Especially, as these faiths both make claim to the real presence of powerful spirits in the world, there is bitter hostility between the various camps. For many years, in the 700s, the isle of Anyumb was wracked by these conflicts, but by 783, the uplanders were vanquished in the great battle of Juonyaeh. Unlike previous efforts to bring peace to the island, the judicious king of the Anbmedh chose to create a court of religious disputes for the differences between the clergy, and gradually, a syncretic tolerance emerged between the Vewugists and the Paorusu witch cultists. The irenic and authoritarian policies of the Kingdom have continued for 500 years, fostering a tradition of absolute submission to the clergy, courts, and king.;;;;;;;;;;;;;x 
EVT50391NAME;Vupuyti Raid!;;;;;;;;;;;;;x 
EVT50391DESC;Reports from harrowed survivors have been trickling in: A settlement on a remote border has been laid waste by an enormous party of savage Vupuyti raiders. Donning their heinous war masks and wielding various clubs and blowguns, they descended from the trees to enact unspeakable cruelty on the innocent residents. Though we do not know where these marauders came from, the public now calls for vengeance against all Vupuyti savages!;;;;;;;;;;;;;x 
EVT50391OPTA;They will pay for this!;;;;;;;;;;;;;x 
EVT50392NAME;Return Government to Old Capital?;;;;;;;;;;;;;x 
EVT50392DESC;Some time ago, we suffered the loss of our historic administrative capital. Now, however, we have recovered the territory supporting it, and several members of our government are suggesting that we move the administrative capital back to this district. There are in such an area many purpose built buildings for hosting bureaucratic and legislative activity that would surely enhance the grandeur of our state, and we would stop having to work from the various extemporary appropriations that we made after the war through which we lost our capital.;;;;;;;;;;;;;x 
EVT50393NAME;The Ghechi Confederacy;;;;;;;;;;;;;x 
EVT50393DESC;The Ghechi Confederacy is the legacy of an alliance of Byotrish slavers living in the dry highlands and the semi-steppe and semi-desert in central Ishahfazh. In the mid first millennium, While the various iterations of the Poumnian empire carried out repeated raids into the mountains, and the Gashdzii Kiidnazh drove those Byotrins who would become the Shagmodt under the yoke, some small clans of upland and desert Byotrish managed to appease the various regional powers joining in the slave trade of the mountain Byotrins and the plains Byotrins themselves, and taxing the various trade routes and faciliating their transport. They developed a notorious reputation as cruel, self-seeking traitors, but in the present age, they are the only Byotrin country that maintains its independence. The patchwork alliance of clans gradually became a regular assembly of clan leaders, who make binding rules for all the Ghechan tribes. No longer wealthy slavers, they live in abject poverty in the uplands, and deserts. ;;;;;;;;;;;;;x 
EVT50394NAME;The Tongue of the Savage?;;;;;;;;;;;;;x 
EVT50394DESC;The most remarkable feature of the Mjhm’an, that all visitors to Gofakidzia always notice, is their strange, soft language with a paucity of vowels. It is wondered how their language became so strange, and most have heretofore attributed it to a simpleness in their minds, or their general primitive state. Now, however, a linguist of ours has come up with a remarkable hypothesis. The landscape of Gofakidzia is dotted with rocky scree in large valleys that are continuously pelted with great amounts of rain. Consequently, rockslides, mudslides, and other dangers of alpine life are many. Their high pitched soft tongue, in fact, thinks our linguist, allows them to shout to each other across the vales without triggering rockslides. Likely those who spent more time in the uplands began speaking like this, and gradually the basic features of the language became this, with the memory of the reason or older tongues long lost.;;;;;;;;;;;;;x 
EVT50395NAME;The Byotrish;;;;;;;;;;;;;x 
EVT50395DESC;The Byotrish peoples are a racially unique cluster of cultures in southern Ishahfazh. Tall, strong, glabrous, with large and long legs, in the early part of the first millenia and before, they used to range across the great plains, carrying huge spears, and savaging lesser and weaker peoples, and feasting on manflesh. However, with the rise of Poumnia and the Gashdzii empire, their once immense extent of presence was gradually decreased, and they were captured, enslaved, and reduced to the Anuvo and the Shagmodt slave populations, while the Ghechans, living in the hinterland, remained independent but impoverished, and eventually adopted Vewugism. The visage of a Byotrin still inspires great fear in many, despite that they have been for thousands of years enslaved or impoverished, for their gargantuan bodies and smooth faces seem to evoke fears that originate somewhere in the autonomous nervous system. ;;;;;;;;;;;;;x 
EVT50396NAME;The Ghech;;;;;;;;;;;;;x 
EVT50396DESC;The Ghech are the old highland and steppe Byotrish, who did not suffer the complete subjugation of their people like the plains or hills Byotrish. As the empires of the smaller men grew, the Ghech became scavengers of their civilisations, endlessly attracted to the glistening jewels, baubles and jewelry, metal trade goods, and fine silks, which they could not make themselves. They sold their racial brothers into slavery, and managed to eke out an independent existence in the hinterland, applying themselves with now the Gashdzii, next the Poumnians. Today their society does not depend on maniuplating the the Byotrish slavetrade in the mountains, foothills and plains, but the archetypical Ghechan man is still a tall warrior with a large spear, dressed in a garish mix of clothes from many cultures, bedecked in shining piercings, braggadocious, with harsh eyes and a propensity for malicious violence. They live in small stone cities or tents out on the steppe, and largely eat meat from their herd animals and fruit from their orchards. ;;;;;;;;;;;;;x 
EVT50397NAME;The Shagmodt;;;;;;;;;;;;;x 
EVT50397DESC;The Shagmodt are those Byotrin who have been enslaved by the Gashdzii, or have largely lived enough time in their empire to have adopted a specific set of customs and language. They speak a garbled dialect of old Byotrish and plateau Gashdzii, and generally are worshipers of the Kadkohi pantheon, though some slave populations have turned to the Motkohnic faith to distinguish their beliefs from their masters. Shagmodt derisively and literally means ‘piss slave’, perhaps because the original byotrin captives were forced by the Gashdzii to do the most demeaning household tasks, such as cleaning the latrines or carrying out the gongs and bed pans. The plantation slavery in the Gashdzii world is generally organised on an estate basis in the private hands of great planters and aristocrats. It is Shagmodt labour in the Vimâzhfâk and Vodhmuimak that produce a great amount of Ishahzhi grain, fruits, and provender.;;;;;;;;;;;;;x 
EVT50398NAME;The Memoires of an Ambassador;;;;;;;;;;;;;x 
EVT50398DESC;It is always a great event when an ambassador from the Kovan imperial cultures returns, because quite frequently they publish a memoir of their time in the diplomatic service, and usually about the tortured and baroque web of alliances in the imperial courts of the south. Particularly, the southern habit of ‘male marriage’ of usually of prurient interest to our public, and the subtle blending of romance, politics, and sensuality, in the brisk southern air and fine palaces tend to make them thrilling reading. They also tend to increase popular, as well as academic, awareness of the habits and cultures of these countries. ;;;;;;;;;;;;;x
EVT50399NAME;$FROMCOUNTRY_ADJ$ Capital Returned!;;;;;;;;;;;;;x 
EVT50399DESC;ai_never_seen;;;;;;;;;;;;;x 
EVTNAME50400;The Estates Question;;;;;;;;;;;;;x 
EVTDESC50400;The Privy Council has convened to finally settle the ‘aristocratic’ question or ‘estates’ question in the Royal Palace in $CAPITAL$. Amongst the royal courtiers and experts, two decided views have emerged. The more imperially minded and urban voices suggest totally suspending the Gâdân Fi Ja, and elevating the decree of the prince to absolute legislative power, allowing him to convene advisory bodies only as he sees fit. The other voices, those of the radical intellectuals and agrarian reformers, suggest that the loyal serf and peasant must be given a voice. He, they say, is the true son of Vokonazh, and he is more loyal to the Prince than the materialistic and self-seeking aristocrats. By settling up a number of village councils, with jurisdiction over local commoners that could consent to promulgate decrees of the prince, the power of the aristocratic estates could be subverted without having to formally abolish the tripartite assemblies, which would be reduced to ceremonial function. ;;;;;;;;;;;;;x 
EVTNAME50401;The Vokonazhi Commodity Crisis;;;;;;;;;;;;;x 
EVTDESC50401;For many centuries, the Vokonazhi economy thrived on the production of spindleweed. The great estates on the Vodhmu river and in the Eshemi lands of Hakduha produced copious amounts of spindleweed, which were processed by locals and then carried south by merchants, who grew wealthy trading the cloth to the primitive manufacturers of the central empire. However, with the increasing rise in trade with the great powers of Kovazh, the infernal Jiishanagi and the Poumnians have captured a massive amount of spindleweed trade which they import to Ishahfazh in quantities and at scales which our estates cannot compete with. This has sunk many of our once prosperous northern provinces into a severe agricultural depression. However, local aristocrats are disinclined to end the trade, noting our many protective tariffs and subsidies. This means the burden greatly falls upon the common people. Certain voices in the royal chamberlain suggest forcibly converting lands to grain production.;;;;;;;;;;;;;x 
EVTNAME50402;The Place of the Emperor;;;;;;;;;;;;;x 
EVTDESC50402;With the restoration of the Kiidnazhi state under our banners, we have to settle the delicate question of the role of the old emperor in Pashdzii. Our dynasty, at this point, carries far more prestige than that of the emperor, but the trouble remains of imperial devotion to him across the Gashdzii lands. Furthermore, he is still the nominal head of our state - we carry at present only the title of ‘imperial constable’. Many are suggesting that the continued presence of an emperor will serve only to create a rival base of power, and ultimate drive the empire into yet another state of collapse, and the solution is a policy of absolute dynastic security: the old emperor and his household must be exiled, and the imperial palace occupied by our current prince. However, it was one dynasty that ruled the old Kiidazh. To exile the emperor would be to uproot the lodestone and foundation of the entire Gashdzii political tradition.;;;;;;;;;;;;;x 
EVTNAME50403;The Constitution of The Kiidnazh;;;;;;;;;;;;;x 
EVTDESC50403;With the restoration of the Kiidnazhi state, the question has emerged among the intellectual public: should the emperors in Pashdzii be restored to the head of our state? For our form of government is not one that is particularly tolerant of monarchy, and the reigns of power lie in the hands of officials, not dynasts. However, the unique connection of the Kiidnazh with the lineage of Godhinimiz the first and the great, whose descendants still live in Pashdzii, means that perhaps there would be greater acquiescence to our rule if we were to hand over power to the dynasty, at least among conservative elements. This, we would have to guarantee, would be accompanied by a commitment to federalism and the preservation of local laws to placate those attached to alternative forms of government.;;;;;;;;;;;;;x 
EVTNAME50404;The Emperor Triumphant!;;;;;;;;;;;;;x 
EVTDESC50404;The Great Kiidnazh, after four centuries of ignominious chaos, has been restored, under the most ancient dynasty of Godhinimiz I. The fractious provincial jadhovs have been brought to heel, the Poumnians have been chastised for their predation of outlying territories, and our army stands truly, unmatched and undefeated. From the utter humiliation of being reduced to a mere city state in Pashdzii, with the emperor at the mercy of the burghers and the clubs, now even high officials quite literally quake before the emperor, the man who has remade the very world in less than a century. Emperor Godhnimiz was occasionally venerated as fifth high god in the Kadkohi pantheon, and it seems this practice has resumed with the current emperor. Such utter veneration and power has set off a wave of fanatical emperor devotion across the Gashdzii world, crying for the Poumnians to be punished yet again, the most outlying territories recovered, and even for the colonial states to be brought under direct rule.;;;;;;;;;;;;;x 
EVTNAME50405;The Reunited Kiidnazh;;;;;;;;;;;;;x 
EVTDESC50405;The ‘Thousand Realms’ is the term for the now shattered Gashdzii empire. Rising in the second century under the sturdy rule of Godhiinimiz I ‘the First and the Great’ (r. 102-149), it spread form the plateau cities of Pashdzii around the Vodmhu river to form a vast continental empire that brought Gasdhzii culture and military might across the great plains of Ishahfazh. It began to experience great difficulties in the late ninth century, the so-called ‘age of undoing’ and experienced a slow and untidy fragmentation and collapse, despite the persistent de jure claims of the emperor in the imperial city, and despite the absence of its soldiers, the old documents, forms of imperial governance, and even economic unity, still hold much important in the Gashdzii world. Now, however, it stands reunited, and the foremost state in Ishahfazh.;;;;;;;;;;;;;x 
EVTNAME50406;The Great Crisis of $YEAR$;;;;;;;;;;;;;x
EVTDESC50406;It happened quite slowly, but then it became a deluge. A few loans called in, a few plants closed down, a few less purchases, then, all of a sudden, a total panic - with debts called in, bonds sold at volume, and huge cuts to wages and employment. It appears our country has fallen into a terrible economic slump. Markets have contracted, industrial firms are closing down, and many thousands of working souls have been thrown into poverty and want. Indeed, even the government is having difficulties paying its bureaucrats, soldiers, and the stipends of the clergy. There are many perspectives on what caused this issue, but the cabinet has convened to attempt to resolve it. Certain voices are in favour of debasing the metal in our mints, in order to print copious amounts of money to pay our bureaucracy at least. Other voices caution that this will drive up prices and create unrest, and we’d be better off waiting the crisis out.;;;;;;;;;;;;;x
EVTNAME50407;Tensions in $PROVINCE$;;;;;;;;;;;;;x
EVTDESC50407;The current depression is causing great hardship and tension in $PROVINCE$. With many men out of employment and little to do all day, they seem to have formed what they describe as a ‘patriotic league’, egged on by extreme xenophobes, to harass foreigners who are blamed for competition, lower wages, less jobs and, more broadly, the entire economic crisis. Tensions reached a boiling point today, with a small mob congregating around the houses and homes of a small minority community. There appears to be great potential for violence if the local gendarme does not step in.;;;;;;;;;;;;;x
EVTNAME50408;The Causes of Modern Miseries?;;;;;;;;;;;;;x
EVTDESC50408;The current depression is, despite all the hardship, driving a lively debate among the intelligentsia and pamphleteers about the causes of modern economic misery. The principal sides of the debate are the statists, who say economic crisis is caused by inefficient management that leads to overproduction, and subsequent crashes, and the liberationists, who decry the entire industrial project as consigned to begetting misery, unemployment, and the slavery of the destitute and exploited common man. The statists advocate for the formation of state supervised consumer-producer cartels, and the scientific planning of the economy, while the liberationists advocate for the closing down of factories and the reclamation of new lands to be distributed to the hungry and destitute. It seems, however, in our country at least, that the consensus seems to be…;;;;;;;;;;;;;x
EVTNAME50409;AI CLEANUP;;;;;;;;;;;;;x
EVTNAME50410;AI CLEANUP;;;;;;;;;;;;;x
EVTNAME50411;AI CLEANUP;;;;;;;;;;;;;x
EVTNAME50412;AI CLEANUP;;;;;;;;;;;;;x
EVTNAME50413;AI CASH INJECTION!;;;;;;;;;;;;;x
EVTNAME50414;Chaos in Poumnia!;;;;;;;;;;;;;x
EVTDESC50414;It appears the ancient might of the Pudwou has fallen. We are receiving reports that beyond the sea, rebel mobs have sacked Prousorum and deposed the very world soul in a traumatic and tumultuous rebellion. Politically, this changes very little for Wapkam. We have long been practically independent, but it certainly will challenge the reflexive faith of our people. What we have noticed, however, is a number of members of the old government have requested asylum in 'His Majesty's Extramarine Viceroyalty of Bafozh' as they continue to refer to us. The government must decide whether it is worth risking the ire of Poumnia to offer asylum for these old nobles.;;;;;;;;;;;;;x
EVTNAME50415;Extension of the Protected Lands?;;;;;;;;;;;;;x
EVTDESC50415;The recent efforts by the state to restrict foreign immigration and smooth the path of the integration of strangers has led to a particularly interesting debate in the congress of estates in the great fortress of the directory in Aincha. An increasingly xenophobic tendency has made itself manifest - the 'protectionist' party has come to argue that any invitation of foreigners into the old Wapkami territories and guilds is foolish and hopeless endeavour - indeed, the city of Aincha and its environs were closed to even provincial Wapkami Company members in the early thirteenth century. But, not naively, they suggest that new lands should be opened up for exploitation, in the jungles and in the northern plains, to accommodate new migrants who seek to submit to the Wapkam company, and then only after this should the old guilds and settlements should be totally protected, exclusive to Rashuum usage. ;;;;;;;;;;;;;x
EVTNAME50416;Gold Vein Struck!;;;;;;;;;;;;;x
EVTDESC50416;Gold is a precious commodity, and it is incredibly rare. In fact, the total amount of gold dug up before the fourteenth century would scarcely fill up four large rooms. Nonetheless, it plays an important role in both the international currency market, and the commodity trade in many societies. Thus, it was of great interest to the treasury that it appears credible that a large gold vein has been discovered in $PROVINCE$ by prospectors. There is already a great hubbub in $CAPITAL$, with many declaring that they intend to pack their bags, travel the great distance to $PROVINCE$ and get rich. Doubtless, for many, this is not likely to happen, but the discovery bodes well for our state.;;;;;;;;;;;;;x
EVTNAME50417;Gold Vein Depleted;;;;;;;;;;;;;x
EVTDESC50417;Some years ago, a great vein of gold was found in $PROVINCE$. $PROVINCE$ itself has become a byword for sudden and fantastical wealth, and many fortunes were both made and lost in prospecting and mining in $PROVINCE$. In recent years, however, it seems as if this fabled land of rivers of gold is becoming one of streams, and now droplets. The great gold mines of $PROVINCE$ are running dry. The eager prospectors are now packing up their bags, and mounting their swine to head to the next awaited great bonanza, and those who remain are left to try to scrounge up a little life in the undeveloped wastes.;;;;;;;;;;;;;x
EVTNAME246246;From Bad to Worse...;;;;;;;;;;;;;x
EVTDESC246246;In our currently politically vulnerable situation, it seems we have been given a premonition for further negative developments. One of our neighbours has recently elected to withdraw its ambassadorial staff, and shutter its consulates. This, it is felt, could mean only one thing: war. We must brace for this challenge!;;;;;;;;;;;;;x
EVTNAME123123;AI AGRESSOR EVENT;;;;;;;;;;;;;x
EVTNAME50418;Protection Implemented;;;;;;;;;;;;;x
EVTDESC50418;Following our successful seizure of territories further into the Juruntine, the director-general has issued an order for the closure of the old settlements and territories. For most estates this means very little actual change in policy beyond a few more rejections of admission or transfer requests, though watchmen at sensitive points like exchanges, border posts, public granaries, mess halls, and factories are increasingly encouraged to check internal passports of labourers.;;;;;;;;;;;;;x
EVTNAME50419;The J'ur Temple Debate;;;;;;;;;;;;;x
EVTDESC50419;The native faith of the local Asyum people is reflexively that of the Jur cosmological scriptures and the many fables and texts about their various Gods. With their closed and secretive temples, crypts, and schools, it is difficult to know exactly what Gods are being worshiped by the J'ur. The Wapkam company has issued several regulations to restrict the worship of the J'ur faithful, as it is an offense to the Imperial Godhood. Yet they retain their old temple precincts, which have again surfaced as a topic of debate in the Congress of Estates. Apparently, a watchman attempted to force his entry into a J'ur temple on the grounds of various anti-cult laws. The J'ur faithful attempted to appeal to a company court, claiming they are not a cult, like the barbarous jungle faiths, or the blasphemous Vewugists, and in fact claimed they recognise the Pudwou as equivalent with one of their old gods. Not all J'ur honour the Pudwou, however, and the Congress is debating revised regulations on J'ur worship.;;;;;;;;;;;;;x
EVTNAME50420;$FROMCOUNTRY$ Rejects Overlordship!;;;;;;;;;;;;;x
EVTDESC50420;Our recent efforts to meddle in $FROMCOUNTRY$'s government have ended in disaster. Rather than accepting the changes we imposed upon them, they have raised their flag in rebellion, and broken the seal of our government!;;;;;;;;;;;;;x
EVTNAME50421;The Asyum Question Debate;;;;;;;;;;;;;x
EVTDESC50421;Some time ago our government extended special privileges to the J'ur worshipers. Recently, a debate has emerged in the Congress of Estates about the status of the Asyum in general in society. As many years have passed, the Asyum J'ur have become, as it were, a second society to the Wapkam company, who have their allotted privileges within our state, and enjoy protection and security vis-a-vis the hoards of migrants that arrive daily at our shores. Certain factions in the Congress of Estates wish to extend representation of the Asyum temples in the Estates, to secure their loyalty to us, while others advocate for a strengthening of hereditary rights and privileges of the temples, and fashioning them into a subordinate guild hierarchy to ours. Still more members of the Estates reject outright these proposals, thinking that such innovations will be the end of Wapkami Society as we know it.;;;;;;;;;;;;;x
EVTNAME50422;Wapkam Extends Protection to Pagan Temples!;;;;;;;;;;;;;x
EVTDESC50422;Our spies and ambassadors in Wapkam have recently informed us that, recently, the Congress of Estates, the governors of the company, have passed a law, which has been approved by the President-Director, to elevate the J'ur temples to equal status to those maintained by the Imperial clergy in Wapkam! This is a horrendous insult to the Vopudwou, and tantamount to a denial of his divinity. The Congress alleges that the J'ur recognise, through their strange scriptures and many-faced Gods, the ultimate divinity of the Pudwou, and that their many strange Gods and Spirits are something akin to the divine-borrowing nobility and heroes of ancient Poumnia. This pathetic apology of their religious innovations has greatly angered the Imperial Clergy. While the Wapkam company has long been practically independent of us, the President-Director is still the titular viceroy of the Pudwou in the east, and this would be, at least, an embarrassment for us. ;;;;;;;;;;;;;x
EVTNAME50423;Imperial Clergy Declares Intention to Restore Orthodoxy;;;;;;;;;;;;;x
EVTDESC50423;Our recent choice to extend religious privileges to the J'ur of Wapkam, it seems, has greatly displeased the Imperial government in Poumnia! They are accusing the Wapkam company of apostasy, and have, it seems, declared an intention to restore "correct doctrines and divine honours in the ancestral customs" by force of military arms! The President-Director has declared that he is now the official head to the Wapkami state, and the Estates have convened to attempt to organise a military resistance.;;;;;;;;;;;;;x
EVTNAME50424;Debate on Colonial Policy;;;;;;;;;;;;;x
EVTDESC50424;Our government's recent establishment of explict colonial territories, under the responsibility of the colonial governors, and bearing no integral incorporation into the regular aparatus of our state has issued a public and governmental debate about the role of these adjunct territories. Certain sections of society believe that the government should pass legislation to variously faciliate the subordination of locals, to enshrine local polities as an essential plank of colonial governance, or to facilitate the ease of settlement by peoples of our race. The excited debate on this topic, and the as-yet-undecided juridictional place of the colonial territories, gives the present government an oppertunity to pass legislation on this matter quickly without the usual political give and take needed to secure legislation.;;;;;;;;;;;;;x
EVTNAME50425;Infamy Decay Bonus;;;;;;;;;;;;;x
EVTDESC50425;Pick an additional infamy decay modifier for all countries in the game. This cannot be undone.;;;;;;;;;;;;;x
EVT50425OPTA;§G-0.02§!;;;;;;;;;;;;;x
EVT50425OPTB;§G-0.04§!;;;;;;;;;;;;;x
EVT50425OPTC;§G-0.06§!;;;;;;;;;;;;;x
EVT50425OPTD;Nevermind!;;;;;;;;;;;;;x
EVTNAME123124;Cleanup Containment;;;;;;;;;;;;;x
EVTNAME123125;Cleanup Containment;;;;;;;;;;;;;x
EVT50426NAME;Statist Bureaucracy;;;;;;;;;;;;;x
EVT50426DESC;The term "Statist Bureaucracy" describes a form of government in which both political power and ownership of the means of production have become highly centralized under one common authority: the state. Whether the government is officially identical with the Statist or Absolutist parties, or the statist party infrastructure is parasitical on an older form of state, the reality is the same. Centralised and hierarchical deliberative assemblies of political functionaries decide how the units of land and factors of production are used, who is employed to work them, as well as how the resources of the state are spent and distributed.;;;;;;;;;;;;;x
EVT50427NAME;Grand Syndicate;;;;;;;;;;;;;x
EVT50427DESC;The term "Grand Syndicate" describes a form of government in which political power has become highly decentralised, while control of land and means of production has become organised into large units of realty. Society is governed by a federation of autonomous chartered guilds and corporations, usually owning various large collective farms or factory complexes, which employs its propertyless members to work.;;;;;;;;;;;;;x
EVT50428NAME;Pastoral Confederacy;;;;;;;;;;;;;x
EVT50428DESC;The term "Pastoral Confederacy" describes a form of government in which autonomous usufruct courts safeguard the rights of commons in a highly decentralised society. Parish, guild, and corporate chartered organisations are the main force of political governance, and autonomous land courts, after the "two sphere" thought, govern the common use of land. The "state" is really a patchwork of various communes, workingmen's traveling artels, and mutual covenants to maintain infrastructure, bonded by a number of treaties and pacts.;;;;;;;;;;;;;x
EVTNAME50429;Aiofaiopioks;;;;;;;;;;;;;x
EVTDESC50429;Aiofaiopioks is a notable Assatiog Paorusu chiefdom in southern Kovazh. As of 1308, it is under the rule of Thian Pai Piuri IV, who is owed allegiance from all the herdsmen and warriors from the hills of Ibourg to the forest glades of the Taksu. In years gone by, the chiefdom of Aiofaiopioks was governed by an assembly of the great warlords, but increasing the Piuri dynasty has acquired more and more retainers, as well as commands the loyalty of some of the nascently urban coast. Since the reign of Thian Pai Piuri II, the chiefdom has flown the flag of the Gum-Slug on Blue, the classic cattle animal for the Assatiog Ferroxaloids, distinguishing it from its less politically organised neighbours. However, the political situation is not so stable as it might seem. The house of Gana Piuri, descended from the brother of Thian Pai Piuri I eagerly courts the urban elites, and is increasingly putting pressure on Niarirusu Thiapipa, the witch-woman of Giatu, to bless the cadet house for rule.;;;;;;;;;;;;;x
EVTNAME50430;The Southern Ferroxaloids;;;;;;;;;;;;;x
EVTNAME50430;The main practitioners of the Paorusu witch-cults are the southern Ferroxaloids, above all the Deuesians and the Assatiog, the foremost representatives of the Bzafmodian and the Stouian linguistic communities, respectively. Most Ferroxaloids live a semi-nomadic life, herding the armored gum-slugs of the rainy southern forests and their packs of Bofungoid thralls in the summers, and wintering on the temperate coastlands or in the ancient stone cities of the Riassa mountain ranges. It is roughly supposed that while both groupings of Ferroxaloids live similar lifestyles, their starkly different languages suggest that they arrived to the southern lands at different points. Ancient Bzafmodians most likely built the stone cities, but it was the Stouian clans arriving that shattered this community, now lost to the ages, bringing the witch-worship, or a precursor to it, presumably placing them as once believers in the old great Kovan pantheon, perhaps traveling south after imperial collapse. ;;;;;;;;;;;;;x
EVTNAME50431;Sem Maswam's Government;;;;;;;;;;;;;x
EVTDESC50431;The government of Takemog is generally done by the Sat: the royal chancellery and privy council. The Sat itself is the fulcrum of power, by which the various regional and particular interests typically set about applying pressure and bending the direction of the country to their interests. But, to the chagrin of many, the sustained power of the various aristocrats, clergymen, and merchants, depends on cooperation with the other powerful classes. For several months now, the Sat has been a hanging body, with several mercantile members having both refused to support new mercantile legislation, but also refusing to endorse a naval-baronial chancellor. Now, however, a compromise has been made: the merchants of the Siekakhz Yewhaut (municipal assembly) have relinquished the chancellorship to the hero-admiral of the liberationist wars Sem Maswam, the victor of the battle of Suzkedz against the Green Fleet and the Gibumovon allies. Maswam is hoped to bring order and discipline to the Sat.;;;;;;;;;;;;;x
EVTNAME50432;AI;;;;;;;;;;;;;x #AI EVENTS HERE TO 50446
EVTNAME50446;x;;;;;;;;;;;;;x
EVTNAME50447;The Death of Sem Maswam;;;;;;;;;;;;;x
EVTDESC50447;News has recently reached us that the now former chancellor, Sem Maswam "The Great" has passed away. Sem Maswam's ministry has broadly been an effort of compromise. This elder statesman has artfully steered the ship of the state between the various factions and interests, his stature as the Hero of Suzkedz, his aristocratic dignity, his seemingly sincere piety and his stentorian oratory has kept much of the fractious members of the council in check. We cannot expect the same sort of spirit in his successor, and it is apparently clear that hostile negotiations are already opening up among the three great factions. It would be in the spirit of compromise for us cabinet ministers and royal officers to go about our business and await for an appointee, but we could, if we wished, throw our weight behind one of the factions.;;;;;;;;;;;;;x
EVTNAME50448;AI PAUKZHODO CONQUEST;;;;;;;;;;;;;x
EVTNAME50448;AI PAUKZHODO CONQUEST;;;;;;;;;;;;;x
EVTNAME50449;Molluscing in $PROVINCE$;;;;;;;;;;;;;x
EVTNDESC50449;In $PROVINCE$, there has been a sustained economic depression. Capital has dried up due to low prices on the typically regional goods produced, and many workers have been thrown into unemployment. However, recently, many of the unemployed men have been signing up to molluscing ships heading out to the great Oceans, as their wages are cheap, and they've developed a reputation for desperate bravery. While the influx of wages will certainly serve to restore prosperity to the region, many patricians involved in the old trade are pleading with the government to ban molluscing vessels from docking here, to stopper the outflux of labour and skill, protesting that the expertise needed to extract the current goods will be lost without such regulations.;;;;;;;;;;;;;x
EVTNAME50450;Debates over Colonial Land;;;;;;;;;;;;;x
EVTDESC50450;Our recent acquisition of new colonial territories has stimulated a lively debate in the Sat. Two prominent factions in our nation, the clergy and the barons, have been increasingly vying for the government to grant them specific rights to the territory, whereas the major merchants and their retainers are complaining that such exclusive rights would reduce their potential in trading and exploiting the region. The Baronial faction argues that by right of conquest, they have won the region, it being their ships and their officers who led the charge against the native savages. The clergy, on the other hand, argue that the region, being so benighted and poor in civilisation, is in dire need of clerical influence. They all clamour before the Sat, intriguing with members, and hoping for a royal charter to the lands.;;;;;;;;;;;;;x
EVTNAME50451;Yokerish Coup Successful;;;;;;;;;;;;;x
EVTDESC50451;The recent attempt by the government to subvert the constitution has succeeded. Major figures in the army and the civil service have either been arrested or have resigned. The old components of constitution have been declared to have been superseded by a collection of "empowering acts" that have been allegedly promulgated by the government to "root out the remnants of reactionary, feudal and tyrannical powers". While there have been a few regional governments who made sporadic and feeble efforts to resist the takeover, the power of the current government has been well able to force through its plan to take over the state.;;;;;;;;;;;;;x
EVTNAME50452;Yokerish Coup Fails;;;;;;;;;;;;;x
EVTDESC50452;The recent attempt by the yokerish government to take over the government in what all agree was a blatant attempt at a coup d'etat has failed. While ministers in the government proclaimed a set of "empowering acts" and declared several generals and civil servants "feudal tyrants" and issued warrants for their arrest, several contingents of the military rallied in support of the constitution, and, following a few days of violence in the capital, the major revolutionary conspirators have been arrested. Now awaiting trial, they are expected to be executed. The military is working with the rump government of the few ministers who did not participate in the coup to organise the arrangement of a new government.;;;;;;;;;;;;;x
EVTNAME50453;Absolutist Coup Successful;;;;;;;;;;;;;x
EVTDESC50453;The recent attempt by the government to subvert the constitution has succeeded. Major figures in the army and the civil service have either been arrested or have resigned. It is apparent that the pervasive influence of the absolutist party was much greater than previously assumed. Most regional and military powers, whether through coercion or loyalty to the absolutist power, have voted to the dissolution of their organization, or have voted to recognise a supervisory absolutist commissar appointed by the secretariat, effectively concentrating all power in the hands of the absolutist party. While there have been a few regional governments who made sporadic and feeble efforts to resist the takeover, the power of the current government has been well able to force through its plan to take over the state.;;;;;;;;;;;;;x
EVTNAME50454;Absolutist Coup Fails;;;;;;;;;;;;;x
EVTDESC50454;The recent attempt by the absolutist party to seize control of the organs of the state has, it seems, failed. While the absolutist party attempted to organise several sham votes in the civil service and the military to arrogate powers to the party, it seems many votes were not even held, and when they were, they often failed. The government, holed up in the capital, attempted to defeat the efforts of the military to arrest the ministers for treason, but eventually surrendered after sustained losses in a few key suburbs. They are now awaiting execution, and the military is attempting to organise a return to civilian government.;;;;;;;;;;;;;x
EVTNAME50455;Theocratist Coup Successful;;;;;;;;;;;;;x
EVTDESC50455;The recent attempt by the theocratist ruling party to seize the power of the state has been successful. The current government declared an intention to bring several prominent clerics and generals, extralegally, into the government, and very quickly afterwards begin a substantial effort to try several opposition politicians and civil servants for 'indecency' and immorality. The trend is expected to continue, with the absolutist party taking increasing control of all organs of the state.;;;;;;;;;;;;;x
EVTNAME50456;Theocratist Coup Fails;;;;;;;;;;;;;x
EVTDESC50456;The recent attempt by the theocratist government to seize the power of the state has apparently failed. After overtures to several clerics and generals to join the government, with the support of anti-clerical generals, opposition party members introduced bills to impeach and bring to trial the current government. The Theocratist party decamped to the home of one prominent aristocrat, and, after a few days of engagement between theocratist paramilitaries in the army who had rallied to the capital and the capital police force, the siege was broken, with the main massing of the government arrested. The capitoline police have declared an intention to work with the opposition parties and the few ministers who did not participate in the attempted coup to attempt a return to civilian government by holding national elections. ;;;;;;;;;;;;;x
EVTNAME50457;Baronial Coup d'Etat!;;;;;;;;;;;;;x
EVTDESC50457;x;;;;;;;;;;;;;x
EVTNAME50458;Clergy Rejects Civil Law!;;;;;;;;;;;;;x
EVTDESC50458;x;;;;;;;;;;;;;x
EVTNAME50459;Yewhaut Laws for the King!?;;;;;;;;;;;;;x
EVTDESC50459;x;;;;;;;;;;;;;x
EVTNAME50460;Deeper Deposits Found;;;;;;;;;;;;;x
EVTDESC50460;The recent invention of the yellowy, oily, 'blasting water', nitrated glycerol, and its increasing employment in mining operations, has led to a fortuitous discovery in one of our provinces. A local mining firm attempted to execute a controlled blast into harder rock, to merely access deeper reserves of resources, but found that deeper in the harder rock there are precious metals to be found! The mining firm is already making the rounds of the industrial circles of the nation to raise capital to extend mining operations, and posting notices in local provinces advertising mining and engineering jobs. This will doubtless be a boon for the government mints, as the firm will exchange precious metals for bills, allowing the government to print more currency. ;;;;;;;;;;;;;x
EVTNAME50461;$COUNTRY_ADJ$ Firm Approached for Mining Expertise;;;;;;;;;;;;;x
EVTDESC50461;Recent discoveries in $FROMCOUNTRY$ of deposits of precious metals buried in hard rock by engineers using nitroglycerin from our manufacturers has led to several of our capitalists and financiers being approached to both furnish these new operations with mining supplies, and in some cases oversee the engineering aspects of the project. Our capitalists have gladly accepted, and are rapidly making forays into the governmental and military elite of the country, through their connections. The contracts have also been a bumper for our tax office, as the engineers in our firms are taxed by us, but paid in foreign gold.;;;;;;;;;;;;;x
EVTNAME50462;Gold Sluices in J'oje;;;;;;;;;;;;;x
EVTDESC50462;Merchant sailors have been frequenting the land of J'oje for centuries. Unlike their nomadic cousins in the Bafozhi deserts, the Khrayians of this region enjoy a remarkable sophistication of society. Much of them have converted to the faith of the J'ur, and they even have a few rudimentary J'ur temples in the region. They have always been able to trade with little bits gold, which has continually drawn a steady trickle of traders to this region. Recently, however, when some of our merchants arrived in these parts, the local people began complaining that the Khan of Khragirou, the violent lord of a diminutive state in south Charchland who claims to be lord of all Khrayians, was trying to capture their rivers. The merchants enquired why this was a concern, and they revealed that this was the source of their gold! The merchant promised to protect them from the Khan, in exchange for being allowed to set up sluice boxes on their rivers. He is now appealing to the colonial office to protect his 'assets' from the Khan.;;;;;;;;;;;;;x
EVTNAME50463;Recieve the Homage of the Yo'nan Khrayians;;;;;;;;;;;;;x
EVTDESC50463;The mountain of Yo'nan has the greatest concentration of Khrayians. It is by all accounts the heart of our people and our civilisation. Now, due to the recent concentration of power in our hands due to the strangers who come to harvest the gold with us, the Khrayians of Yo'nan have sent a delegation to $CAPITAL$. They hereby acknowledge the great rule of the Khan of Khragirou, and submit to his governance.  ;;;;;;;;;;;;;x
X;x;;;;;;;;;;;;;x
X;x;;;;;;;;;;;;;x
X;x;;;;;;;;;;;;;x
X;x;;;;;;;;;;;;;x
X;x;;;;;;;;;;;;;x
X;x;;;;;;;;;;;;;x
X;x;;;;;;;;;;;;;x
X;x;;;;;;;;;;;;;x
X;x;;;;;;;;;;;;;x
X;x;;;;;;;;;;;;;x
X;x;;;;;;;;;;;;;x
X;x;;;;;;;;;;;;;x
X;x;;;;;;;;;;;;;x
X;x;;;;;;;;;;;;;x
X;x;;;;;;;;;;;;;x
X;x;;;;;;;;;;;;;x
X;x;;;;;;;;;;;;;x
X;x;;;;;;;;;;;;;x
X;x;;;;;;;;;;;;;x
X;x;;;;;;;;;;;;;x
X;x;;;;;;;;;;;;;x
X;x;;;;;;;;;;;;;x
X;x;;;;;;;;;;;;;x
X;x;;;;;;;;;;;;;x
X;x;;;;;;;;;;;;;x
X;x;;;;;;;;;;;;;x
X;x;;;;;;;;;;;;;x
X;x;;;;;;;;;;;;;x
X;x;;;;;;;;;;;;;x
X;x;;;;;;;;;;;;;x
X;x;;;;;;;;;;;;;x
X;x;;;;;;;;;;;;;x
X;x;;;;;;;;;;;;;x
X;x;;;;;;;;;;;;;x
X;x;;;;;;;;;;;;;x
X;x;;;;;;;;;;;;;x
X;x;;;;;;;;;;;;;x
X;x;;;;;;;;;;;;;x
X;x;;;;;;;;;;;;;x
X;x;;;;;;;;;;;;;x
X;x;;;;;;;;;;;;;x
X;x;;;;;;;;;;;;;x
X;x;;;;;;;;;;;;;x
X;x;;;;;;;;;;;;;x
X;x;;;;;;;;;;;;;x
X;x;;;;;;;;;;;;;x
X;x;;;;;;;;;;;;;x
X;x;;;;;;;;;;;;;x
X;x;;;;;;;;;;;;;x
X;x;;;;;;;;;;;;;x
X;x;;;;;;;;;;;;;x
X;x;;;;;;;;;;;;;x
X;x;;;;;;;;;;;;;x
X;x;;;;;;;;;;;;;x
X;x;;;;;;;;;;;;;x
X;x;;;;;;;;;;;;;x
X;x;;;;;;;;;;;;;x
X;x;;;;;;;;;;;;;x
X;x;;;;;;;;;;;;;x
X;x;;;;;;;;;;;;;x
X;x;;;;;;;;;;;;;x
X;x;;;;;;;;;;;;;x
X;x;;;;;;;;;;;;;x
X;x;;;;;;;;;;;;;x
X;x;;;;;;;;;;;;;x
X;x;;;;;;;;;;;;;x
X;x;;;;;;;;;;;;;x
X;x;;;;;;;;;;;;;x
X;x;;;;;;;;;;;;;x
X;x;;;;;;;;;;;;;x
X;x;;;;;;;;;;;;;x
X;x;;;;;;;;;;;;;x
X;x;;;;;;;;;;;;;x
X;x;;;;;;;;;;;;;x
X;x;;;;;;;;;;;;;x
X;x;;;;;;;;;;;;;x
X;x;;;;;;;;;;;;;x
X;x;;;;;;;;;;;;;x
X;x;;;;;;;;;;;;;x
X;x;;;;;;;;;;;;;x
X;x;;;;;;;;;;;;;x
X;x;;;;;;;;;;;;;x
X;x;;;;;;;;;;;;;x
X;x;;;;;;;;;;;;;x
X;x;;;;;;;;;;;;;x
X;x;;;;;;;;;;;;;x
X;x;;;;;;;;;;;;;x
X;x;;;;;;;;;;;;;x
X;x;;;;;;;;;;;;;x
X;x;;;;;;;;;;;;;x
X;x;;;;;;;;;;;;;x
X;x;;;;;;;;;;;;;x
X;x;;;;;;;;;;;;;x
X;x;;;;;;;;;;;;;x
X;x;;;;;;;;;;;;;x
X;x;;;;;;;;;;;;;x
X;x;;;;;;;;;;;;;x
X;x;;;;;;;;;;;;;x
X;x;;;;;;;;;;;;;x
X;x;;;;;;;;;;;;;x
X;x;;;;;;;;;;;;;x
X;x;;;;;;;;;;;;;x
X;x;;;;;;;;;;;;;x
X;x;;;;;;;;;;;;;x
X;x;;;;;;;;;;;;;x
X;x;;;;;;;;;;;;;x
X;x;;;;;;;;;;;;;x
X;x;;;;;;;;;;;;;x
X;x;;;;;;;;;;;;;x
X;x;;;;;;;;;;;;;x
X;x;;;;;;;;;;;;;x
X;x;;;;;;;;;;;;;x
X;x;;;;;;;;;;;;;x
X;x;;;;;;;;;;;;;x
X;x;;;;;;;;;;;;;x
X;x;;;;;;;;;;;;;x
X;x;;;;;;;;;;;;;x
X;x;;;;;;;;;;;;;x
X;x;;;;;;;;;;;;;x
X;x;;;;;;;;;;;;;x
X;x;;;;;;;;;;;;;x
X;x;;;;;;;;;;;;;x
X;x;;;;;;;;;;;;;x
X;x;;;;;;;;;;;;;x
X;x;;;;;;;;;;;;;x
