Key;English;French;German;Polish;Spanish;Italian;Swedish;Czech;Hungarian;Dutch;Portuguese;Russian;Finnish;
PROV1;Pokoungpt;;;;;;;;;;;;;x
PROV2;Kuuwumn;;;;;;;;;;;;;x
PROV3;Shruungpt;;;;;;;;;;;;;x
PROV4;Mroud;;;;;;;;;;;;;x
PROV5;Ashouw;;;;;;;;;;;;;x
PROV6;Umpou;;;;;;;;;;;;;x
PROV7;Prawrish;;;;;;;;;;;;;x
PROV8;Powushan;;;;;;;;;;;;;x
PROV9;Rotibuukiru;;;;;;;;;;;;;x
PROV10;Idtouswun;;;;;;;;;;;;;x
PROV11;Guwougpt;;;;;;;;;;;;;x
PROV12;Rakuumoum;;;;;;;;;;;;;x
PROV13;Oukam;;;;;;;;;;;;;x
PROV14;Toubomput;;;;;;;;;;;;;x
PROV15;Duumpivou;;;;;;;;;;;;;x
PROV16;Tor Dromn;;;;;;;;;;;;;x
PROV17;Sha-Tangpt;;;;;;;;;;;;;x
PROV18;Fofiouswun;;;;;;;;;;;;;x
PROV19;Prousorum;;;;;;;;;;;;;x
PROV20;Doungou;;;;;;;;;;;;;x
PROV21;Pashan;;;;;;;;;;;;;x
PROV22;Ngumnwush;;;;;;;;;;;;;x
PROV23;Mrabongpt;;;;;;;;;;;;;x
PROV24;Hwoumpuush;;;;;;;;;;;;;x
PROV25;Ohwmuoum;;;;;;;;;;;;;x
PROV26;Wuumomum;;;;;;;;;;;;;x
PROV27;Wruuvouwrud;;;;;;;;;;;;;x
PROV28;Pikirutum;;;;;;;;;;;;;x
PROV29;Powouswun;;;;;;;;;;;;;x
PROV30;Rotibuwrud;;;;;;;;;;;;;x
PROV31;Wusumpod;;;;;;;;;;;;;x
PROV32;Vodruwan;;;;;;;;;;;;;x
PROV33;Pudwousoum;;;;;;;;;;;;;x
PROV34;Anuvruhwu;;;;;;;;;;;;;x
PROV35;Powushov;;;;;;;;;;;;;x
PROV36;Sha-Funwof;;;;;;;;;;;;;x
PROV37;Wrogangpt;;;;;;;;;;;;;x
PROV38;Romnugpt;;;;;;;;;;;;;x
PROV39;Hwuptoum;;;;;;;;;;;;;x
PROV40;Pruubouswun;;;;;;;;;;;;;x
PROV41;Wompudro;;;;;;;;;;;;;x
PROV42;Fruman;;;;;;;;;;;;;x
PROV43;Pkoshu;;;;;;;;;;;;;x
PROV44;Hwampumn;;;;;;;;;;;;;x
PROV45;Froubou;;;;;;;;;;;;;x
PROV46;Prakuushan;;;;;;;;;;;;;x
PROV47;Wagouman;;;;;;;;;;;;;x
PROV48;Ouruuwub;;;;;;;;;;;;;x
PROV49;Pribouman;;;;;;;;;;;;;x
PROV50;Dohswun;;;;;;;;;;;;;x
PROV51;Joth;;;;;;;;;;;;;x
PROV52;Shabupti;;;;;;;;;;;;;x
PROV53;Tuptiwoum;;;;;;;;;;;;;x
PROV54;Sha-Wongpt;;;;;;;;;;;;;x
PROV55;Wrousonto;;;;;;;;;;;;;x
PROV56;Ngumvouswun;;;;;;;;;;;;;x
PROV57;Pishukuwan;;;;;;;;;;;;;x
PROV58;Tha;;;;;;;;;;;;;x
PROV59;Fuwofous;;;;;;;;;;;;;x
PROV60;Pruubungpt;;;;;;;;;;;;;x
PROV61;Niro;;;;;;;;;;;;;x
PROV62;Gi-Drukgpt;;;;;;;;;;;;;x
PROV63;Prumnouswun;;;;;;;;;;;;;x
PROV64;Pundundtwun;;;;;;;;;;;;;x
PROV65;Doud;;;;;;;;;;;;;x
PROV66;Kukuumn;;;;;;;;;;;;;x
PROV67;Shodmau;;;;;;;;;;;;;x
PROV68;Zhâzpt;;;;;;;;;;;;;x
PROV69;Bobumoum;;;;;;;;;;;;;x
PROV70;Misonti;;;;;;;;;;;;;x
PROV71;Kupi;;;;;;;;;;;;;x
PROV72;Jun;;;;;;;;;;;;;x
PROV73;N¼ozht;;;;;;;;;;;;;x
PROV74;Kaua;;;;;;;;;;;;;x
PROV75;Naun;;;;;;;;;;;;;x
PROV76;Ma¼ma;;;;;;;;;;;;;x
PROV77;Piik;;;;;;;;;;;;;x
PROV78;Muzhfuzh;;;;;;;;;;;;;x
PROV79;Faamn;;;;;;;;;;;;;x
PROV80;Treuguu;;;;;;;;;;;;;x
PROV81;Mruuwub;;;;;;;;;;;;;x
PROV82;Tykomt;;;;;;;;;;;;;x
PROV83;Vuso;;;;;;;;;;;;;x
PROV84;Aaruumra;;;;;;;;;;;;;x
PROV85;Tykuug;;;;;;;;;;;;;x
PROV86;Tykeub¾yk;;;;;;;;;;;;;x
PROV87;Tuteu;;;;;;;;;;;;;x
PROV88;Wor¾ykreu;;;;;;;;;;;;;x
PROV89;Azaaw;;;;;;;;;;;;;x
PROV90;Zaat;;;;;;;;;;;;;x
PROV91;Ykufun;;;;;;;;;;;;;x
PROV92;Vuyawo;;;;;;;;;;;;;x
PROV93;Vove;;;;;;;;;;;;;x
PROV94;Wiwuchy;;;;;;;;;;;;;x
PROV95;Achyimut;;;;;;;;;;;;;x
PROV96;Fithaoog;;;;;;;;;;;;;x
PROV97;Sibofuth;;;;;;;;;;;;;x
PROV98;Tumiva;;;;;;;;;;;;;x
PROV99;Vofo;;;;;;;;;;;;;x
PROV100;Tuwuo;;;;;;;;;;;;;x
PROV101;Chyot;;;;;;;;;;;;;x
PROV102;Fubijouwun;;;;;;;;;;;;;x
PROV103;Proumoum;;;;;;;;;;;;;x
PROV104;Wuvo;;;;;;;;;;;;;x
PROV105;Thom;;;;;;;;;;;;;x
PROV106;Woruuba;;;;;;;;;;;;;x
PROV107;Tangaaykam;;;;;;;;;;;;;x
PROV108;Aaykam;;;;;;;;;;;;;x
PROV109;Yk¾zaa;;;;;;;;;;;;;x
PROV110;Tangayk;;;;;;;;;;;;;x
PROV111;Mramraa;;;;;;;;;;;;;x
PROV112;Mreuvayk;;;;;;;;;;;;;x
PROV113;Nguuykzo;;;;;;;;;;;;;x
PROV114;Zaammeuyk;;;;;;;;;;;;;x
PROV115;Ykruyk¾w;;;;;;;;;;;;;x
PROV116;Ykuuhwu;;;;;;;;;;;;;x
PROV117;Zoveubu;;;;;;;;;;;;;x
PROV118;Tommuubuu;;;;;;;;;;;;;x
PROV119;Zruyk;;;;;;;;;;;;;x
PROV120;Aaykeum;;;;;;;;;;;;;x
PROV121;Ykuykaa;;;;;;;;;;;;;x
PROV122;Yeg;;;;;;;;;;;;;x
PROV123;Fathe;;;;;;;;;;;;;x
PROV124;Ykrom;;;;;;;;;;;;;x
PROV125;Tumtaa;;;;;;;;;;;;;x
PROV126;Zruungt;;;;;;;;;;;;;x
PROV127;Tykaaw;;;;;;;;;;;;;x
PROV128;Zaykumn;;;;;;;;;;;;;x
PROV129;Ykont;;;;;;;;;;;;;x
PROV130;Traawaa;;;;;;;;;;;;;x
PROV131;Ykunt;;;;;;;;;;;;;x
PROV132;Chyichy;;;;;;;;;;;;;x
PROV133;Befo;;;;;;;;;;;;;x
PROV134;Wuykzosweu;;;;;;;;;;;;;x
PROV135;Zreuf¾f;;;;;;;;;;;;;x
PROV136;Zomtuuykeu;;;;;;;;;;;;;x
PROV137;Ykuufrongu;;;;;;;;;;;;;x
PROV138;Ykraayk;;;;;;;;;;;;;x
PROV139;Veuzu;;;;;;;;;;;;;x
PROV140;Zr¾swuf;;;;;;;;;;;;;x
PROV141;Ykumo;;;;;;;;;;;;;x
PROV142;Ykeuyk;;;;;;;;;;;;;x
PROV143;Truunt;;;;;;;;;;;;;x
PROV144;Vuthoo;;;;;;;;;;;;;x
PROV145;Gasog;;;;;;;;;;;;;x
PROV146;Vohu;;;;;;;;;;;;;x
PROV147;Trow¾;;;;;;;;;;;;;x
PROV148;Zrov;;;;;;;;;;;;;x
PROV149;Teuykeuyk;;;;;;;;;;;;;x
PROV150;Ykaab;;;;;;;;;;;;;x
PROV151;Tykaamu;;;;;;;;;;;;;x
PROV152;Ykruut;;;;;;;;;;;;;x
PROV153;Ykeub;;;;;;;;;;;;;x
PROV154;Gimi;;;;;;;;;;;;;x
PROV155;Homu;;;;;;;;;;;;;x
PROV156;Pourswoum;;;;;;;;;;;;;x
PROV157;Bochyusu;;;;;;;;;;;;;x
PROV158;Thogiwe;;;;;;;;;;;;;x
PROV159;Vooroo;;;;;;;;;;;;;x
PROV160;Chyuthom;;;;;;;;;;;;;x
PROV161;Tovu;;;;;;;;;;;;;x
PROV162;Higu;;;;;;;;;;;;;x
PROV163;Borooth;;;;;;;;;;;;;x
PROV164;Guthoo;;;;;;;;;;;;;x
PROV165;Chyuso;;;;;;;;;;;;;x
PROV166;Rum;;;;;;;;;;;;;x
PROV167;Bom;;;;;;;;;;;;;x
PROV168;Tosuchyuth;;;;;;;;;;;;;x
PROV169;Vachy;;;;;;;;;;;;;x
PROV170;Yuchyag;;;;;;;;;;;;;x
PROV171;Thoosesu;;;;;;;;;;;;;x
PROV172;Heg;;;;;;;;;;;;;x
PROV173;Wath;;;;;;;;;;;;;x
PROV174;Tuv;;;;;;;;;;;;;x
PROV175;Isig;;;;;;;;;;;;;x
PROV176;Thub;;;;;;;;;;;;;x
PROV177;Isewo;;;;;;;;;;;;;x
PROV178;Sebet;;;;;;;;;;;;;x
PROV179;Tuvoochy;;;;;;;;;;;;;x
PROV180;Guchyooweth;;;;;;;;;;;;;x
PROV181;Guse;;;;;;;;;;;;;x
PROV182;Yoom;;;;;;;;;;;;;x
PROV183;Drit;;;;;;;;;;;;;x
PROV184;Evat;;;;;;;;;;;;;x
PROV185;Vuvechy;;;;;;;;;;;;;x
PROV186;Hooruth;;;;;;;;;;;;;x
PROV187;Ghech;;;;;;;;;;;;;x
PROV188;Vog;;;;;;;;;;;;;x
PROV189;Nuky;;;;;;;;;;;;;x
PROV190;Ma~chri;;;;;;;;;;;;;x
PROV191;Rib;;;;;;;;;;;;;x
PROV192;Qipt;;;;;;;;;;;;;x
PROV193;Dh¼dmabâ;;;;;;;;;;;;;x
PROV194;Zân;;;;;;;;;;;;;x
PROV195;Nimii;;;;;;;;;;;;;x
PROV196;F¼shdzâb;;;;;;;;;;;;;x
PROV197;Koshu;;;;;;;;;;;;;x
PROV198;Fuumimowush;;;;;;;;;;;;;x
PROV199;Pruundizii;;;;;;;;;;;;;x
PROV200;Jâna;;;;;;;;;;;;;x
PROV201;Bazd;;;;;;;;;;;;;x
PROV202;Gauzhkt;;;;;;;;;;;;;x
PROV203;Hwoun;;;;;;;;;;;;;x
PROV204;Bauchâ;;;;;;;;;;;;;x
PROV205;Vabhin;;;;;;;;;;;;;x
PROV206;Kobâ;;;;;;;;;;;;;x
PROV207;Wiwzhut;;;;;;;;;;;;;x
PROV208;Fiizt;;;;;;;;;;;;;x
PROV209;Nah¼g;;;;;;;;;;;;;x
PROV210;Mauchi;;;;;;;;;;;;;x
PROV211;Guwouf;;;;;;;;;;;;;x
PROV212;Gânii;;;;;;;;;;;;;x
PROV213;M¼zhkt;;;;;;;;;;;;;x
PROV214;Pazizhpt;;;;;;;;;;;;;x
PROV215;Dan;;;;;;;;;;;;;x
PROV216;Toom;;;;;;;;;;;;;x
PROV217;Trata;;;;;;;;;;;;;x
PROV218;Rabaat;;;;;;;;;;;;;x
PROV219;Tobuchy;;;;;;;;;;;;;x
PROV220;Kyôr;;;;;;;;;;;;;x
PROV221;Sesi;;;;;;;;;;;;;x
PROV222;Qir;;;;;;;;;;;;;x
PROV223;K¼h¼;;;;;;;;;;;;;x
PROV224;Reema~;;;;;;;;;;;;;x
PROV225;Cheydne;;;;;;;;;;;;;x
PROV226;Gaba;;;;;;;;;;;;;x
PROV227;F¼dd¼o;;;;;;;;;;;;;x
PROV228;Viizhozha;;;;;;;;;;;;;x
PROV229;Jauzt;;;;;;;;;;;;;x
PROV230;Godhii;;;;;;;;;;;;;x
PROV231;M¼zta;;;;;;;;;;;;;x
PROV232;Zhiizh;;;;;;;;;;;;;x
PROV233;Shâfiik;;;;;;;;;;;;;x
PROV234;Maug;;;;;;;;;;;;;x
PROV235;Zâdt;;;;;;;;;;;;;x
PROV236;Châdii;;;;;;;;;;;;;x
PROV237;Vafshak;;;;;;;;;;;;;x
PROV238;Pobh¼;;;;;;;;;;;;;x
PROV239;Jaub;;;;;;;;;;;;;x
PROV240;Nozh¼;;;;;;;;;;;;;x
PROV241;Zh¼zodzhu;;;;;;;;;;;;;x
PROV242;Gupo;;;;;;;;;;;;;x
PROV243;Faudzzhâzh;;;;;;;;;;;;;x
PROV244;Buk;;;;;;;;;;;;;x
PROV245;D¼k;;;;;;;;;;;;;x
PROV246;Pyighüg;;;;;;;;;;;;;x
PROV247;B¾p¾sh;;;;;;;;;;;;;x
PROV248;Zhinit;;;;;;;;;;;;;x
PROV249;Nüwto;;;;;;;;;;;;;x
PROV250;Shog¾b;;;;;;;;;;;;;x
PROV251;Châkd;;;;;;;;;;;;;x
PROV252;Fiifâ;;;;;;;;;;;;;x
PROV253;Nozhn¼;;;;;;;;;;;;;x
PROV254;Shan;;;;;;;;;;;;;x
PROV255;Dhaug;;;;;;;;;;;;;x
PROV256;Zh¼f;;;;;;;;;;;;;x
PROV257;Fiztu;;;;;;;;;;;;;x
PROV258;V¼zht;;;;;;;;;;;;;x
PROV259;Majaud;;;;;;;;;;;;;x
PROV260;Pifsh¼p;;;;;;;;;;;;;x
PROV261;Kâzd;;;;;;;;;;;;;x
PROV262;Ch¼momnii;;;;;;;;;;;;;x
PROV263;Bidâ;;;;;;;;;;;;;x
PROV264;Daumiimât;;;;;;;;;;;;;x
PROV265;Diizhkt;;;;;;;;;;;;;x
PROV266;Mozzii;;;;;;;;;;;;;x
PROV267;Dadu;;;;;;;;;;;;;x
PROV268;Güzh;;;;;;;;;;;;;x
PROV269;Fâdt;;;;;;;;;;;;;x
PROV270;Ph¾nto;;;;;;;;;;;;;x
PROV271;Dutüzh;;;;;;;;;;;;;x
PROV272;Dodbi;;;;;;;;;;;;;x
PROV273;Ntishat;;;;;;;;;;;;;x
PROV274;Jonu;;;;;;;;;;;;;x
PROV275;Ut;;;;;;;;;;;;;x
PROV276;Vag;;;;;;;;;;;;;x
PROV277;V¼zza;;;;;;;;;;;;;x
PROV278;Gâha;;;;;;;;;;;;;x
PROV279;Pish;;;;;;;;;;;;;x
PROV280;Vadt;;;;;;;;;;;;;x
PROV281;Jozi;;;;;;;;;;;;;x
PROV282;G¼f;;;;;;;;;;;;;x
PROV283;Pwünta;;;;;;;;;;;;;x
PROV284;Dishi;;;;;;;;;;;;;x
PROV285;Nt¾bdi;;;;;;;;;;;;;x
PROV286;Anyuntog;;;;;;;;;;;;;x
PROV287;Yür;;;;;;;;;;;;;x
PROV288;Ugh;;;;;;;;;;;;;x
PROV289;Dyopi;;;;;;;;;;;;;x
PROV290;Dapayb¾;;;;;;;;;;;;;x
PROV291;Vush;;;;;;;;;;;;;x
PROV292;Sh¾g;;;;;;;;;;;;;x
PROV293;Napa;;;;;;;;;;;;;x
PROV294;Dütü;;;;;;;;;;;;;x
PROV295;Nushüt;;;;;;;;;;;;;x
PROV296;Jow¾ph;;;;;;;;;;;;;x
PROV297;üyi;;;;;;;;;;;;;x
PROV298;Shot;;;;;;;;;;;;;x
PROV299;Twid;;;;;;;;;;;;;x
PROV300;Byavi;;;;;;;;;;;;;x
PROV301;T¾tdov;;;;;;;;;;;;;x
PROV302;Düpa;;;;;;;;;;;;;x
PROV303;Twünazh;;;;;;;;;;;;;x
PROV304;Shiwd¾v;;;;;;;;;;;;;x
PROV305;Vü'unw¾;;;;;;;;;;;;;x
PROV306;Jog¾d;;;;;;;;;;;;;x
PROV307;Gid;;;;;;;;;;;;;x
PROV308;R¾bo;;;;;;;;;;;;;x
PROV309;Potdapob;;;;;;;;;;;;;x
PROV310;Riba;;;;;;;;;;;;;x
PROV311;Ir¾;;;;;;;;;;;;;x
PROV312;Shinja;;;;;;;;;;;;;x
PROV313;T¾r;;;;;;;;;;;;;x
PROV314;Büph¾gi;;;;;;;;;;;;;x
PROV315;Puzhtanyüph;;;;;;;;;;;;;x
PROV316;Zhunti;;;;;;;;;;;;;x
PROV317;Vazhkt;;;;;;;;;;;;;x
PROV318;Adbi;;;;;;;;;;;;;x
PROV319;Bâzhzda;;;;;;;;;;;;;x
PROV320;Dyonj¾b;;;;;;;;;;;;;x
PROV321;B¾d;;;;;;;;;;;;;x
PROV322;Châzd;;;;;;;;;;;;;x
PROV323;Bagh;;;;;;;;;;;;;x
PROV324;Nozkhzt;;;;;;;;;;;;;x
PROV325;Gaub;;;;;;;;;;;;;x
PROV326;Zuma;;;;;;;;;;;;;x
PROV327;Z¼fk;;;;;;;;;;;;;x
PROV328;Pâm;;;;;;;;;;;;;x
PROV329;Üd;;;;;;;;;;;;;x
PROV330;Pyagh;;;;;;;;;;;;;x
PROV331;Paujie;;;;;;;;;;;;;x
PROV332;Tieke;;;;;;;;;;;;;x
PROV333;Yaswau;;;;;;;;;;;;;x
PROV334;Siekakhz;;;;;;;;;;;;;x
PROV335;Samou;;;;;;;;;;;;;x
PROV336;Mouwhous;;;;;;;;;;;;;x
PROV337;Emau;;;;;;;;;;;;;x
PROV338;Yaumiem;;;;;;;;;;;;;x
PROV339;Mamousz;;;;;;;;;;;;;x
PROV340;Mojau;;;;;;;;;;;;;x
PROV341;Soujep;;;;;;;;;;;;;x
PROV342;Bog;;;;;;;;;;;;;x
PROV343;Pouzzom;;;;;;;;;;;;;x
PROV344;Tiezom;;;;;;;;;;;;;x
PROV345;Mojem;;;;;;;;;;;;;x
PROV346;Tauswopz;;;;;;;;;;;;;x
PROV347;Zakaugau;;;;;;;;;;;;;x
PROV348;Yemie;;;;;;;;;;;;;x
PROV349;Gagauzzie;;;;;;;;;;;;;x
PROV350;Taukoukokhh;;;;;;;;;;;;;x
PROV351;Taumakhhz;;;;;;;;;;;;;x
PROV352;Yos;;;;;;;;;;;;;x
PROV353;Tauswa;;;;;;;;;;;;;x
PROV354;Mogie;;;;;;;;;;;;;x
PROV355;Gawhoume;;;;;;;;;;;;;x
PROV356;Zauge;;;;;;;;;;;;;x
PROV357;Tao;;;;;;;;;;;;;x
PROV358;Sauswauy;;;;;;;;;;;;;x
PROV359;Mekag;;;;;;;;;;;;;x
PROV360;Miekie;;;;;;;;;;;;;x
PROV361;Youndz;;;;;;;;;;;;;x
PROV362;Mauzzam;;;;;;;;;;;;;x
PROV363;Mokesz;;;;;;;;;;;;;x
PROV364;Michyob;;;;;;;;;;;;;x
PROV365;Akas;;;;;;;;;;;;;x
PROV366;Maumondz;;;;;;;;;;;;;x
PROV367;Teswauswa;;;;;;;;;;;;;x
PROV368;Paukap;;;;;;;;;;;;;x
PROV369;Ieswa;;;;;;;;;;;;;x
PROV370;Tim;;;;;;;;;;;;;x
PROV371;Thihu;;;;;;;;;;;;;x
PROV372;Tuvumo;;;;;;;;;;;;;x
PROV373;Vusu;;;;;;;;;;;;;x
PROV374;Isoobo;;;;;;;;;;;;;x
PROV375;Thusoothi;;;;;;;;;;;;;x
PROV376;Husut;;;;;;;;;;;;;x
PROV377;Fom;;;;;;;;;;;;;x
PROV378;Moseth;;;;;;;;;;;;;x
PROV379;Fuvoo;;;;;;;;;;;;;x
PROV380;Hoth;;;;;;;;;;;;;x
PROV381;Vesi;;;;;;;;;;;;;x
PROV382;Chyuve;;;;;;;;;;;;;x
PROV383;Tufasu;;;;;;;;;;;;;x
PROV384;Yeho;;;;;;;;;;;;;x
PROV385;Ovu;;;;;;;;;;;;;x
PROV386;Voowot;;;;;;;;;;;;;x
PROV387;Som;;;;;;;;;;;;;x
PROV388;Vauf;;;;;;;;;;;;;x
PROV389;Chopt;;;;;;;;;;;;;x
PROV390;Shaub;;;;;;;;;;;;;x
PROV391;Dâg;;;;;;;;;;;;;x
PROV392;Jadzho;;;;;;;;;;;;;x
PROV393;Dhaunâ;;;;;;;;;;;;;x
PROV394;Mapt;;;;;;;;;;;;;x
PROV395;Muv;;;;;;;;;;;;;x
PROV396;Vivâk;;;;;;;;;;;;;x
PROV397;Spohni;;;;;;;;;;;;;x
PROV398;Chyogum;;;;;;;;;;;;;x
PROV399;Vebog;;;;;;;;;;;;;x
PROV400;Rut;;;;;;;;;;;;;x
PROV401;Femooru;;;;;;;;;;;;;x
PROV402;Oboovu;;;;;;;;;;;;;x
PROV403;Gevoo;;;;;;;;;;;;;x
PROV404;Soga;;;;;;;;;;;;;x
PROV405;Gigig;;;;;;;;;;;;;x
PROV406;Dhedùhd;;;;;;;;;;;;;x
PROV407;Tihe;;;;;;;;;;;;;x
PROV408;Odi;;;;;;;;;;;;;x
PROV409;Thuhehd;;;;;;;;;;;;;x
PROV410;Dhudi;;;;;;;;;;;;;x
PROV411;Oghu;;;;;;;;;;;;;x
PROV412;Spùmi;;;;;;;;;;;;;x
PROV413;Pehnihnì;;;;;;;;;;;;;x
PROV414;Tehehd;;;;;;;;;;;;;x
PROV415;Spùthet;;;;;;;;;;;;;x
PROV416;Dhùhmetheh;;;;;;;;;;;;;x
PROV417;Yiewha;;;;;;;;;;;;;x
PROV418;Mewho;;;;;;;;;;;;;x
PROV419;Pakakou;;;;;;;;;;;;;x
PROV420;Pakousz;;;;;;;;;;;;;x
PROV421;Pauswap;;;;;;;;;;;;;x
PROV422;Mauzzokhh;;;;;;;;;;;;;x
PROV423;Mieswiet;;;;;;;;;;;;;x
PROV424;Taswesz;;;;;;;;;;;;;x
PROV425;Moukiekhhz;;;;;;;;;;;;;x
PROV426;Mauie;;;;;;;;;;;;;x
PROV427;Maumausz;;;;;;;;;;;;;x
PROV428;Giemiejie;;;;;;;;;;;;;x
PROV429;Maugasz;;;;;;;;;;;;;x
PROV430;Pouga;;;;;;;;;;;;;x
PROV431;Yaukat;;;;;;;;;;;;;x
PROV432;Tauje;;;;;;;;;;;;;x
PROV433;Samau;;;;;;;;;;;;;x
PROV434;Sauko;;;;;;;;;;;;;x
PROV435;Memaus;;;;;;;;;;;;;x
PROV436;Mozzasz;;;;;;;;;;;;;x
PROV437;Egaum;;;;;;;;;;;;;x
PROV438;Majoume;;;;;;;;;;;;;x
PROV439;Aka;;;;;;;;;;;;;x
PROV440;Youswaka;;;;;;;;;;;;;x
PROV441;Mouswendz;;;;;;;;;;;;;x
PROV442;Tamiewhou;;;;;;;;;;;;;x
PROV443;Yajou;;;;;;;;;;;;;x
PROV444;Gauy;;;;;;;;;;;;;x
PROV445;Okieg;;;;;;;;;;;;;x
PROV446;Saujowhau;;;;;;;;;;;;;x
PROV447;Miejie;;;;;;;;;;;;;x
PROV448;Yegou;;;;;;;;;;;;;x
PROV449;Maumie;;;;;;;;;;;;;x
PROV450;Tegou;;;;;;;;;;;;;x
PROV451;Maus;;;;;;;;;;;;;x
PROV452;Ziewho;;;;;;;;;;;;;x
PROV453;Pougauzzoundz;;;;;;;;;;;;;x
PROV454;Maukouwha;;;;;;;;;;;;;x
PROV455;Sous;;;;;;;;;;;;;x
PROV456;Zaukhh;;;;;;;;;;;;;x
PROV457;Giekepz;;;;;;;;;;;;;x
PROV458;Yamiesz;;;;;;;;;;;;;x
PROV459;Miewhau;;;;;;;;;;;;;x
PROV460;Goswoumiesz;;;;;;;;;;;;;x
PROV461;Mejesz;;;;;;;;;;;;;x
PROV462;Maugou;;;;;;;;;;;;;x
PROV463;Gouie;;;;;;;;;;;;;x
PROV464;Agouzzot;;;;;;;;;;;;;x
PROV465;Tiejou;;;;;;;;;;;;;x
PROV466;Yakau;;;;;;;;;;;;;x
PROV467;Tuikue;;;;;;;;;;;;;x
PROV468;Tekagau;;;;;;;;;;;;;x
PROV469;Goukaupz;;;;;;;;;;;;;x
PROV470;Mougauzzapz;;;;;;;;;;;;;x
PROV471;Tawhakhhz;;;;;;;;;;;;;x
PROV472;Tuoyi;;;;;;;;;;;;;x
PROV473;Okueb;;;;;;;;;;;;;x
PROV474;Tarub;;;;;;;;;;;;;x
PROV475;Yauzzandz;;;;;;;;;;;;;x
PROV476;Pezzau;;;;;;;;;;;;;x
PROV477;Goukhh;;;;;;;;;;;;;x
PROV478;Dimichyhi;;;;;;;;;;;;;x
PROV479;Youm;;;;;;;;;;;;;x
PROV480;Souzzo;;;;;;;;;;;;;x
PROV481;Paugo;;;;;;;;;;;;;x
PROV482;Hueu;;;;;;;;;;;;;x
PROV483;Aue;;;;;;;;;;;;;x
PROV484;Mieswe;;;;;;;;;;;;;x
PROV485;Mazzasz;;;;;;;;;;;;;x
PROV486;Duobam;;;;;;;;;;;;;x
PROV487;Oauzd;;;;;;;;;;;;;x
PROV488;Fiizhpt;;;;;;;;;;;;;x
PROV489;Dapt;;;;;;;;;;;;;x
PROV490;Chush;;;;;;;;;;;;;x
PROV491;Dhikftaut;;;;;;;;;;;;;x
PROV492;Vofaumiik;;;;;;;;;;;;;x
PROV493;Miizâ;;;;;;;;;;;;;x
PROV494;J¼bi;;;;;;;;;;;;;x
PROV495;Vikd;;;;;;;;;;;;;x
PROV496;Gaufii;;;;;;;;;;;;;x
PROV497;Azzidii;;;;;;;;;;;;;x
PROV498;Nozh;;;;;;;;;;;;;x
PROV499;Paupii;;;;;;;;;;;;;x
PROV500;M¼fa;;;;;;;;;;;;;x
PROV501;Dhov;;;;;;;;;;;;;x
PROV502;Nop;;;;;;;;;;;;;x
PROV503;Zhiiziin;;;;;;;;;;;;;x
PROV504;Dhâb;;;;;;;;;;;;;x
PROV505;Shovii;;;;;;;;;;;;;x
PROV506;Chamnak;;;;;;;;;;;;;x
PROV507;Dobâ;;;;;;;;;;;;;x
PROV508;Zakd;;;;;;;;;;;;;x
PROV509;Kidau;;;;;;;;;;;;;x
PROV510;Diidt;;;;;;;;;;;;;x
PROV511;Zhufshm¼;;;;;;;;;;;;;x
PROV512;Duhâk;;;;;;;;;;;;;x
PROV513;Kodii;;;;;;;;;;;;;x
PROV514;Gizh¼k;;;;;;;;;;;;;x
PROV515;Kashfta;;;;;;;;;;;;;x
PROV516;Miish;;;;;;;;;;;;;x
PROV517;Pauk;;;;;;;;;;;;;x
PROV518;Jug;;;;;;;;;;;;;x
PROV519;Gaufk;;;;;;;;;;;;;x
PROV520;Vab¼zt;;;;;;;;;;;;;x
PROV521;Zhâftâzht;;;;;;;;;;;;;x
PROV522;N¼zht;;;;;;;;;;;;;x
PROV523;Mâchâv;;;;;;;;;;;;;x
PROV524;Kâjit;;;;;;;;;;;;;x
PROV525;Piidho;;;;;;;;;;;;;x
PROV526;Sh¼z;;;;;;;;;;;;;x
PROV527;Nizh;;;;;;;;;;;;;x
PROV528;Pihâp;;;;;;;;;;;;;x
PROV529;Viidzzhiibhii;;;;;;;;;;;;;x
PROV530;Zhaztiishftaum;;;;;;;;;;;;;x
PROV531;Pamnâ;;;;;;;;;;;;;x
PROV532;F¼dt;;;;;;;;;;;;;x
PROV533;Pâshdzii;;;;;;;;;;;;;x
PROV534;Bâzofk;;;;;;;;;;;;;x
PROV535;Dâfshi;;;;;;;;;;;;;x
PROV536;Paud;;;;;;;;;;;;;x
PROV537;Fafta;;;;;;;;;;;;;x
PROV538;Shaumii;;;;;;;;;;;;;x
PROV539;Jaf¼bazd;;;;;;;;;;;;;x
PROV540;Shiizu;;;;;;;;;;;;;x
PROV541;Vakftog;;;;;;;;;;;;;x
PROV542;Kumâ;;;;;;;;;;;;;x
PROV543;Bafti;;;;;;;;;;;;;x
PROV544;Sh¼b;;;;;;;;;;;;;x
PROV545;Bâchii;;;;;;;;;;;;;x
PROV546;Shodhii;;;;;;;;;;;;;x
PROV547;Z¼f;;;;;;;;;;;;;x
PROV548;Isha;;;;;;;;;;;;;x
PROV549;Jiim;;;;;;;;;;;;;x
PROV550;Zhiâ;;;;;;;;;;;;;x
PROV551;Nâzht;;;;;;;;;;;;;x
PROV552;Zân;;;;;;;;;;;;;x
PROV553;B¼dt;;;;;;;;;;;;;x
PROV554;Fiikd;;;;;;;;;;;;;x
PROV555;Nabau;;;;;;;;;;;;;x
PROV556;Miidag;;;;;;;;;;;;;x
PROV557;Gâdzzhat;;;;;;;;;;;;;x
PROV558;Padâ;;;;;;;;;;;;;x
PROV559;Afshmi;;;;;;;;;;;;;x
PROV560;Nazhpt;;;;;;;;;;;;;x
PROV561;Pozd;;;;;;;;;;;;;x
PROV562;M¼bhi;;;;;;;;;;;;;x
PROV563;Zudsh¼fk;;;;;;;;;;;;;x
PROV564;Nop;;;;;;;;;;;;;x
PROV565;P¼p;;;;;;;;;;;;;x
PROV566;Duft¼j¼;;;;;;;;;;;;;x
PROV567;Pofshmajazhkt;;;;;;;;;;;;;x
PROV568;Shiip;;;;;;;;;;;;;x
PROV569;Fiivid;;;;;;;;;;;;;x
PROV570;Moft;;;;;;;;;;;;;x
PROV571;Vaukd;;;;;;;;;;;;;x
PROV572;Spuhnu;;;;;;;;;;;;;x
PROV573;Thromy;;;;;;;;;;;;;x
PROV574;Nomnaudmhâ;;;;;;;;;;;;;x
PROV575;Dhâz¼;;;;;;;;;;;;;x
PROV576;Tifeth;;;;;;;;;;;;;x
PROV577;Vogechy;;;;;;;;;;;;;x
PROV578;Eynothed;;;;;;;;;;;;;x
PROV579;Tohe;;;;;;;;;;;;;x
PROV580;Thurug;;;;;;;;;;;;;x
PROV581;Zom;;;;;;;;;;;;;x
PROV582;Pâkd;;;;;;;;;;;;;x
PROV583;Zid;;;;;;;;;;;;;x
PROV584;Shâdzzhâ;;;;;;;;;;;;;x
PROV585;Mâfa;;;;;;;;;;;;;x
PROV586;Pauft;;;;;;;;;;;;;x
PROV587;Kubhau;;;;;;;;;;;;;x
PROV588;Vofâg;;;;;;;;;;;;;x
PROV589;Niidzzhudship;;;;;;;;;;;;;x
PROV590;B¼d¼zhpt;;;;;;;;;;;;;x
PROV591;Viipt;;;;;;;;;;;;;x
PROV592;Gadmaushftu;;;;;;;;;;;;;x
PROV593;Jizd;;;;;;;;;;;;;x
PROV594;Vovauzht;;;;;;;;;;;;;x
PROV595;K¼mâ;;;;;;;;;;;;;x
PROV596;Jajau;;;;;;;;;;;;;x
PROV597;Gift¼zpt;;;;;;;;;;;;;x
PROV598;Diish;;;;;;;;;;;;;x
PROV599;M¼chi;;;;;;;;;;;;;x
PROV600;Nâdshau;;;;;;;;;;;;;x
PROV601;Fâkd;;;;;;;;;;;;;x
PROV602;Châftok;;;;;;;;;;;;;x
PROV603;Gaug;;;;;;;;;;;;;x
PROV604;M¼fk;;;;;;;;;;;;;x
PROV605;Fâzt;;;;;;;;;;;;;x
PROV606;Daudhi;;;;;;;;;;;;;x
PROV607;Bauztât;;;;;;;;;;;;;x
PROV608;Dhukft¼d;;;;;;;;;;;;;x
PROV609;Jaum;;;;;;;;;;;;;x
PROV610;Bâzpt;;;;;;;;;;;;;x
PROV611;Midod;;;;;;;;;;;;;x
PROV612;Miin;;;;;;;;;;;;;x
PROV613;Shit;;;;;;;;;;;;;x
PROV614;Shizh¼dzzhof;;;;;;;;;;;;;x
PROV615;Dazhpt;;;;;;;;;;;;;x
PROV616;Zog;;;;;;;;;;;;;x
PROV617;D¼sh;;;;;;;;;;;;;x
PROV618;Baftik;;;;;;;;;;;;;x
PROV619;Dauzhzdâchaubt;;;;;;;;;;;;;x
PROV620;Bid;;;;;;;;;;;;;x
PROV621;B¼dhâ;;;;;;;;;;;;;x
PROV622;M¼dhâg;;;;;;;;;;;;;x
PROV623;Vaufo;;;;;;;;;;;;;x
PROV624;Nift;;;;;;;;;;;;;x
PROV625;Mazt;;;;;;;;;;;;;x
PROV626;Viimi;;;;;;;;;;;;;x
PROV627;Nauna;;;;;;;;;;;;;x
PROV628;Jaudt;;;;;;;;;;;;;x
PROV629;Puz;;;;;;;;;;;;;x
PROV630;Chush¼;;;;;;;;;;;;;x
PROV631;Modijov;;;;;;;;;;;;;x
PROV632;Sphuhmid;;;;;;;;;;;;;x
PROV633;Sohi;;;;;;;;;;;;;x
PROV634;Hehuoh;;;;;;;;;;;;;x
PROV635;Kubue;;;;;;;;;;;;;x
PROV636;Oshu;;;;;;;;;;;;;x
PROV637;Duihuo;;;;;;;;;;;;;x
PROV638;K¼ftiig;;;;;;;;;;;;;x
PROV639;Nomiin;;;;;;;;;;;;;x
PROV640;Kuamue;;;;;;;;;;;;;x
PROV641;Kuhuog;;;;;;;;;;;;;x
PROV642;Toshi;;;;;;;;;;;;;x
PROV643;Hibosho;;;;;;;;;;;;;x
PROV644;Tuakuom;;;;;;;;;;;;;x
PROV645;Fumua;;;;;;;;;;;;;x
PROV646;N¼kd;;;;;;;;;;;;;x
PROV647;Daha;;;;;;;;;;;;;x
PROV648;Dhiizt;;;;;;;;;;;;;x
PROV649;Bupo;;;;;;;;;;;;;x
PROV650;Faum;;;;;;;;;;;;;x
PROV651;Bâmabok;;;;;;;;;;;;;x
PROV652;Faushush;;;;;;;;;;;;;x
PROV653;Pavâ;;;;;;;;;;;;;x
PROV654;M¼zhkt;;;;;;;;;;;;;x
PROV655;Shafâg;;;;;;;;;;;;;x
PROV656;Diifshmâdt;;;;;;;;;;;;;x
PROV657;Pipt;;;;;;;;;;;;;x
PROV658;Dhokfti;;;;;;;;;;;;;x
PROV659;Shazâv;;;;;;;;;;;;;x
PROV660;Dhibausha;;;;;;;;;;;;;x
PROV661;Mov;;;;;;;;;;;;;x
PROV662;Vâzh;;;;;;;;;;;;;x
PROV663;Zikft¼zpt;;;;;;;;;;;;;x
PROV664;V¼dt;;;;;;;;;;;;;x
PROV665;Fuke;;;;;;;;;;;;;x
PROV666;Mâzh¼di;;;;;;;;;;;;;x
PROV667;Guzhazh;;;;;;;;;;;;;x
PROV668;Kadaut;;;;;;;;;;;;;x
PROV669;Zhachufshoft;;;;;;;;;;;;;x
PROV670;Kuochyheh;;;;;;;;;;;;;x
PROV671;Zh¼bi;;;;;;;;;;;;;x
PROV672;Fâzza;;;;;;;;;;;;;x
PROV673;Kufsh¼;;;;;;;;;;;;;x
PROV674;Châztozhn¼;;;;;;;;;;;;;x
PROV675;Iiva;;;;;;;;;;;;;x
PROV676;Kav;;;;;;;;;;;;;x
PROV677;M¼shdzâda;;;;;;;;;;;;;x
PROV678;Shaup;;;;;;;;;;;;;x
PROV679;Vâji;;;;;;;;;;;;;x
PROV680;Kuikig;;;;;;;;;;;;;x
PROV681;Tevu;;;;;;;;;;;;;x
PROV682;Duguivuab;;;;;;;;;;;;;x
PROV683;F¼huz;;;;;;;;;;;;;x
PROV684;Choz;;;;;;;;;;;;;x
PROV685;G¼fk;;;;;;;;;;;;;x
PROV686;Fiik;;;;;;;;;;;;;x
PROV687;Dodzhof;;;;;;;;;;;;;x
PROV688;Zhânik;;;;;;;;;;;;;x
PROV689;D¼fâ;;;;;;;;;;;;;x
PROV690;Mit;;;;;;;;;;;;;x
PROV691;Monâ;;;;;;;;;;;;;x
PROV692;Pizto;;;;;;;;;;;;;x
PROV693;Pohmith;;;;;;;;;;;;;x
PROV694;Thumu;;;;;;;;;;;;;x
PROV695;Haho;;;;;;;;;;;;;x
PROV696;Tìhnù;;;;;;;;;;;;;x
PROV697;Sphùhmehmet;;;;;;;;;;;;;x
PROV698;Thùmet;;;;;;;;;;;;;x
PROV699;Bigueg;;;;;;;;;;;;;x
PROV700;Dhìthùd;;;;;;;;;;;;;x
PROV701;Dukua;;;;;;;;;;;;;x
PROV702;Sphihmì;;;;;;;;;;;;;x
PROV703;Pumuhrt;;;;;;;;;;;;;x
PROV704;Kibuim;;;;;;;;;;;;;x
PROV705;Sutho;;;;;;;;;;;;;x
PROV706;Thùìme;;;;;;;;;;;;;x
PROV707;Tuhmu;;;;;;;;;;;;;x
PROV708;Pùhnoh;;;;;;;;;;;;;x
PROV709;Spìghudot;;;;;;;;;;;;;x
PROV710;Suhùhd;;;;;;;;;;;;;x
PROV711;Dhode;;;;;;;;;;;;;x
PROV712;Sphùghu;;;;;;;;;;;;;x
PROV713;Dhehnohrt;;;;;;;;;;;;;x
PROV714;Thìthumohrt;;;;;;;;;;;;;x
PROV715;Sidùhneht;;;;;;;;;;;;;x
PROV716;Spìmu;;;;;;;;;;;;;x
PROV717;Gogu;;;;;;;;;;;;;x
PROV718;Guthu;;;;;;;;;;;;;x
PROV719;Gasog Hidga;;;;;;;;;;;;;x
PROV720;Spuhneh;;;;;;;;;;;;;x
PROV721;Ethù;;;;;;;;;;;;;x
PROV722;Tìhoht;;;;;;;;;;;;;x
PROV723;Pehmuth;;;;;;;;;;;;;x
PROV724;Sighi;;;;;;;;;;;;;x
PROV725;Sehnùht;;;;;;;;;;;;;x
PROV726;Sphùthuhmeh;;;;;;;;;;;;;x
PROV727;Dhohnut;;;;;;;;;;;;;x
PROV728;Dhohetho;;;;;;;;;;;;;x
PROV729;Ehme;;;;;;;;;;;;;x
PROV730;Thìhmeh;;;;;;;;;;;;;x
PROV731;Sphighet;;;;;;;;;;;;;x
PROV732;Spìghud;;;;;;;;;;;;;x
PROV733;Tide;;;;;;;;;;;;;x
PROV734;Sithehd;;;;;;;;;;;;;x
PROV735;Thughùhe;;;;;;;;;;;;;x
PROV736;Sohno;;;;;;;;;;;;;x
PROV737;Sothu;;;;;;;;;;;;;x
PROV738;Tughi;;;;;;;;;;;;;x
PROV739;Sodihmo;;;;;;;;;;;;;x
PROV740;Jopht;;;;;;;;;;;;;x
PROV741;Vûtta;;;;;;;;;;;;;x
PROV742;Omed;;;;;;;;;;;;;x
PROV743;Sphehù;;;;;;;;;;;;;x
PROV744;Ùghuhd;;;;;;;;;;;;;x
PROV745;Thihnùhd;;;;;;;;;;;;;x
PROV746;Gênnu;;;;;;;;;;;;;x
PROV747;Pougou;;;;;;;;;;;;;x
PROV748;Thìhuhd;;;;;;;;;;;;;x
PROV749;Youja;;;;;;;;;;;;;x
PROV750;Yau;;;;;;;;;;;;;x
PROV751;Boheg;;;;;;;;;;;;;x
PROV752;Goume;;;;;;;;;;;;;x
PROV753;Youndz;;;;;;;;;;;;;x
PROV754;Saswat;;;;;;;;;;;;;x
PROV755;Zout;;;;;;;;;;;;;x
PROV756;Sphiheht;;;;;;;;;;;;;x
PROV757;Ngôgô;;;;;;;;;;;;;x
PROV758;Thuhohd;;;;;;;;;;;;;x
PROV759;Dhughehrt;;;;;;;;;;;;;x
PROV760;Spehmohrt;;;;;;;;;;;;;x
PROV761;Thùmo;;;;;;;;;;;;;x
PROV762;Dhìhi;;;;;;;;;;;;;x
PROV763;Tehmohrt;;;;;;;;;;;;;x
PROV764;Dêth;;;;;;;;;;;;;x
PROV765;Spìghehd;;;;;;;;;;;;;x
PROV766;Vôpht;;;;;;;;;;;;;x
PROV767;Vuttûgh;;;;;;;;;;;;;x
PROV768;Huchyheh;;;;;;;;;;;;;x
PROV769;Viik;;;;;;;;;;;;;x
PROV770;Hishuah;;;;;;;;;;;;;x
PROV771;Paushum;;;;;;;;;;;;;x
PROV772;M¼nu;;;;;;;;;;;;;x
PROV773;Fiizt;;;;;;;;;;;;;x
PROV774;Kiif¼;;;;;;;;;;;;;x
PROV775;Burug;;;;;;;;;;;;;x
PROV776;Fayig;;;;;;;;;;;;;x
PROV777;Podt;;;;;;;;;;;;;x
PROV778;Tuomew;;;;;;;;;;;;;x
PROV779;Tuiyih;;;;;;;;;;;;;x
PROV780;Huyig;;;;;;;;;;;;;x
PROV781;Boyab;;;;;;;;;;;;;x
PROV782;V¼jo;;;;;;;;;;;;;x
PROV783;Chip;;;;;;;;;;;;;x
PROV784;Zaushâpt;;;;;;;;;;;;;x
PROV785;Naubt;;;;;;;;;;;;;x
PROV786;Shazhfiina;;;;;;;;;;;;;x
PROV787;Dâzhpt;;;;;;;;;;;;;x
PROV788;Teshue;;;;;;;;;;;;;x
PROV789;Gunâ;;;;;;;;;;;;;x
PROV790;Foshftâk;;;;;;;;;;;;;x
PROV791;Biip;;;;;;;;;;;;;x
PROV792;Pazhâdzho;;;;;;;;;;;;;x
PROV793;Shaft;;;;;;;;;;;;;x
PROV794;B¼fshmi;;;;;;;;;;;;;x
PROV795;B¼zh;;;;;;;;;;;;;x
PROV796;Chadzha;;;;;;;;;;;;;x
PROV797;Hoyim;;;;;;;;;;;;;x
PROV798;Kukue;;;;;;;;;;;;;x
PROV799;Bichyhog;;;;;;;;;;;;;x
PROV800;Buebuo;;;;;;;;;;;;;x
PROV801;Tuthìth;;;;;;;;;;;;;x
PROV802;Bashome;;;;;;;;;;;;;x
PROV803;Buoga;;;;;;;;;;;;;x
PROV804;Dueshuabuo;;;;;;;;;;;;;x
PROV805;Keki;;;;;;;;;;;;;x
PROV806;Ihue;;;;;;;;;;;;;x
PROV807;Diguige;;;;;;;;;;;;;x
PROV808;Tuivu;;;;;;;;;;;;;x
PROV809;Kushog;;;;;;;;;;;;;x
PROV810;Kukui;;;;;;;;;;;;;x
PROV811;Bichui;;;;;;;;;;;;;x
PROV812;Tuoshivaw;;;;;;;;;;;;;x
PROV813;Fahua;;;;;;;;;;;;;x
PROV814;Korueb;;;;;;;;;;;;;x
PROV815;Buya;;;;;;;;;;;;;x
PROV816;Tashom;;;;;;;;;;;;;x
PROV817;Fuaki;;;;;;;;;;;;;x
PROV818;Kuege;;;;;;;;;;;;;x
PROV819;Huvui;;;;;;;;;;;;;x
PROV820;Bere;;;;;;;;;;;;;x
PROV821;Timuo;;;;;;;;;;;;;x
PROV822;Hueyow;;;;;;;;;;;;;x
PROV823;Thùmoht;;;;;;;;;;;;;x
PROV824;Soghihmùhrt;;;;;;;;;;;;;x
PROV825;Duoko;;;;;;;;;;;;;x
PROV826;Kavoshi;;;;;;;;;;;;;x
PROV827;Keuoh;;;;;;;;;;;;;x
PROV828;Divuamaw;;;;;;;;;;;;;x
PROV829;Bukamo;;;;;;;;;;;;;x
PROV830;Thuhned;;;;;;;;;;;;;x
PROV831;Spomo;;;;;;;;;;;;;x
PROV832;Udê;;;;;;;;;;;;;x
PROV833;Ngûny;;;;;;;;;;;;;x
PROV834;Negedû;;;;;;;;;;;;;x
PROV835;Yugor;;;;;;;;;;;;;x
PROV836;Kuoshuab;;;;;;;;;;;;;x
PROV837;Jogû;;;;;;;;;;;;;x
PROV838;Pâbâ;;;;;;;;;;;;;x
PROV839;Avâfrt;;;;;;;;;;;;;x
PROV840;Râhû;;;;;;;;;;;;;x
PROV841;Thuhnoth;;;;;;;;;;;;;x
PROV842;Pùthih;;;;;;;;;;;;;x
PROV843;Spihne;;;;;;;;;;;;;x
PROV844;Tohot;;;;;;;;;;;;;x
PROV845;Sutheht;;;;;;;;;;;;;x
PROV846;Spùthì;;;;;;;;;;;;;x
PROV847;Dâv;;;;;;;;;;;;;x
PROV848;Bâdâth;;;;;;;;;;;;;x
PROV849;Hôvap;;;;;;;;;;;;;x
PROV850;Gêdâv;;;;;;;;;;;;;x
PROV851;Nôbo;;;;;;;;;;;;;x
PROV852;Ônnu;;;;;;;;;;;;;x
PROV853;Yujâ;;;;;;;;;;;;;x
PROV854;Nohêpht;;;;;;;;;;;;;x
PROV855;Duny;;;;;;;;;;;;;x
PROV856;Ngâdafrt;;;;;;;;;;;;;x
PROV857;Tihi;;;;;;;;;;;;;x
PROV858;Gud;;;;;;;;;;;;;x
PROV859;Ugê;;;;;;;;;;;;;x
PROV860;Gur;;;;;;;;;;;;;x
PROV861;Peth;;;;;;;;;;;;;x
PROV862;Ngôjabê;;;;;;;;;;;;;x
PROV863;Yôb;;;;;;;;;;;;;x
PROV864;Yûnnê;;;;;;;;;;;;;x
PROV865;Yunnofrt;;;;;;;;;;;;;x
PROV866;Nohô;;;;;;;;;;;;;x
PROV867;Hunnêg;;;;;;;;;;;;;x
PROV868;Ûd;;;;;;;;;;;;;x
PROV869;Pâttug;;;;;;;;;;;;;x
PROV870;Ngov;;;;;;;;;;;;;x
PROV871;Bath;;;;;;;;;;;;;x
PROV872;Uni;;;;;;;;;;;;;x
PROV873;Begâ;;;;;;;;;;;;;x
PROV874;Dannâgo;;;;;;;;;;;;;x
PROV875;Nûhep;;;;;;;;;;;;;x
PROV876;Nâdâgh;;;;;;;;;;;;;x
PROV877;Gony;;;;;;;;;;;;;x
PROV878;Ettû;;;;;;;;;;;;;x
PROV879;Vepht;;;;;;;;;;;;;x
PROV880;Ngôg;;;;;;;;;;;;;x
PROV881;Gûddûgh;;;;;;;;;;;;;x
PROV882;Rônnugh;;;;;;;;;;;;;x
PROV883;Gu'ôfrt;;;;;;;;;;;;;x
PROV884;Adunnô;;;;;;;;;;;;;x
PROV885;Juhû;;;;;;;;;;;;;x
PROV886;Râgug;;;;;;;;;;;;;x
PROV887;Rubû;;;;;;;;;;;;;x
PROV888;Tìmo;;;;;;;;;;;;;x
PROV889;Yê;;;;;;;;;;;;;x
PROV890;Dodar;;;;;;;;;;;;;x
PROV891;Hugê;;;;;;;;;;;;;x
PROV892;Hub;;;;;;;;;;;;;x
PROV893;Thithùh;;;;;;;;;;;;;x
PROV894;Yêtta;;;;;;;;;;;;;x
PROV895;Hôp;;;;;;;;;;;;;x
PROV896;Nehênnê;;;;;;;;;;;;;x
PROV897;Râder;;;;;;;;;;;;;x
PROV898;Yê'uvuth;;;;;;;;;;;;;x
PROV899;Rattugh;;;;;;;;;;;;;x
PROV900;Râg;;;;;;;;;;;;;x
PROV901;Dûgâ;;;;;;;;;;;;;x
PROV902;Bêr;;;;;;;;;;;;;x
PROV903;Moujouje;;;;;;;;;;;;;x
PROV904;Go'êr;;;;;;;;;;;;;x
PROV905;Sem;;;;;;;;;;;;;x
PROV906;Attôg;;;;;;;;;;;;;x
PROV907;Jogâ;;;;;;;;;;;;;x
PROV908;Pegam;;;;;;;;;;;;;x
PROV909;Siewhapz;;;;;;;;;;;;;x
PROV910;Iekou;;;;;;;;;;;;;x
PROV911;Yejaum;;;;;;;;;;;;;x
PROV912;Kikihub;;;;;;;;;;;;;x
PROV913;Huige;;;;;;;;;;;;;x
PROV914;Hame;;;;;;;;;;;;;x
PROV915;Kekui;;;;;;;;;;;;;x
PROV916;Ouga;;;;;;;;;;;;;x
PROV917;Zouswou;;;;;;;;;;;;;x
PROV918;Wousz;;;;;;;;;;;;;x
PROV919;Suxam;;;;;;;;;;;;;x
PROV920;Xaeve;;;;;;;;;;;;;x
PROV921;Naekiarechk;;;;;;;;;;;;;x
PROV922;Xian;;;;;;;;;;;;;x
PROV923;Xaexachk;;;;;;;;;;;;;x
PROV924;Raemiab;;;;;;;;;;;;;x
PROV925;Mukou;;;;;;;;;;;;;x
PROV926;Rouxaem;;;;;;;;;;;;;x
PROV927;Bukochk;;;;;;;;;;;;;x
PROV928;Nokixiochk;;;;;;;;;;;;;x
PROV929;Sobio;;;;;;;;;;;;;x
PROV930;Tiotu;;;;;;;;;;;;;x
PROV931;Saep;;;;;;;;;;;;;x
PROV932;Tatou;;;;;;;;;;;;;x
PROV933;Saema;;;;;;;;;;;;;x
PROV934;Xamun;;;;;;;;;;;;;x
PROV935;Xasa;;;;;;;;;;;;;x
PROV936;Rouxu;;;;;;;;;;;;;x
PROV937;Rorichk;;;;;;;;;;;;;x
PROV938;Mouxu;;;;;;;;;;;;;x
PROV939;Iar;;;;;;;;;;;;;x
PROV940;Haumhu;;;;;;;;;;;;;x
PROV941;Noub;;;;;;;;;;;;;x
PROV942;Vuppia;;;;;;;;;;;;;x
PROV943;Emaema;;;;;;;;;;;;;x
PROV944;Tabia;;;;;;;;;;;;;x
PROV945;Marou;;;;;;;;;;;;;x
PROV946;Nion;;;;;;;;;;;;;x
PROV947;Fomog;;;;;;;;;;;;;x
PROV948;Ghuigo;;;;;;;;;;;;;x
PROV949;Bhaju;;;;;;;;;;;;;x
PROV950;Ghoiuh;;;;;;;;;;;;;x
PROV951;Mhaucha;;;;;;;;;;;;;x
PROV952;Mhaukh;;;;;;;;;;;;;x
PROV953;Mhoiugig;;;;;;;;;;;;;x
PROV954;Bhoiubhe;;;;;;;;;;;;;x
PROV955;Chandhoiuh;;;;;;;;;;;;;x
PROV956;Habhi;;;;;;;;;;;;;x
PROV957;Sebim;;;;;;;;;;;;;x
PROV958;Xakas;;;;;;;;;;;;;x
PROV959;Mhuinau;;;;;;;;;;;;;x
PROV960;Ghuboiu;;;;;;;;;;;;;x
PROV961;Xiop;;;;;;;;;;;;;x
PROV962;Nokio;;;;;;;;;;;;;x
PROV963;Xave;;;;;;;;;;;;;x
PROV964;Bhabhui;;;;;;;;;;;;;x
PROV965;Ghindhuikh;;;;;;;;;;;;;x
PROV966;Vesae;;;;;;;;;;;;;x
PROV967;Beke;;;;;;;;;;;;;x
PROV968;Boppaen;;;;;;;;;;;;;x
PROV969;Bhabind;;;;;;;;;;;;;x
PROV970;Chaumhi;;;;;;;;;;;;;x
PROV971;Buivo;;;;;;;;;;;;;x
PROV972;Boxa;;;;;;;;;;;;;x
PROV973;Nebitchk;;;;;;;;;;;;;x
PROV974;Xamir;;;;;;;;;;;;;x
PROV975;Vouka;;;;;;;;;;;;;x
PROV976;Vawo;;;;;;;;;;;;;x
PROV977;Bivae;;;;;;;;;;;;;x
PROV978;Sarutchk;;;;;;;;;;;;;x
PROV979;Tuxis;;;;;;;;;;;;;x
PROV980;Niakise;;;;;;;;;;;;;x
PROV981;Rivoun;;;;;;;;;;;;;x
PROV982;Remom;;;;;;;;;;;;;x
PROV983;Rawiotchk;;;;;;;;;;;;;x
PROV984;Buren;;;;;;;;;;;;;x
PROV985;Bioxaes;;;;;;;;;;;;;x
PROV986;Miab;;;;;;;;;;;;;x
PROV987;Numochk;;;;;;;;;;;;;x
PROV988;Natio;;;;;;;;;;;;;x
PROV989;Mete;;;;;;;;;;;;;x
PROV990;Soup;;;;;;;;;;;;;x
PROV991;Robom;;;;;;;;;;;;;x
PROV992;Motian;;;;;;;;;;;;;x
PROV993;Wrikyoi;;;;;;;;;;;;;x
PROV994;Zoirk;;;;;;;;;;;;;x
PROV995;Noriap;;;;;;;;;;;;;x
PROV996;Zh¾zhyi;;;;;;;;;;;;;x
PROV997;Mexiakam;;;;;;;;;;;;;x
PROV998;Ghauvo;;;;;;;;;;;;;x
PROV999;Nhindhuig;;;;;;;;;;;;;x
PROV1000;Tinae;;;;;;;;;;;;;x
PROV1001;Riab;;;;;;;;;;;;;x
PROV1002;Vinutchk;;;;;;;;;;;;;x
PROV1003;Eksing;;;;;;;;;;;;;x
PROV1004;Resappim;;;;;;;;;;;;;x
PROV1005;Rume;;;;;;;;;;;;;x
PROV1006;Memoter;;;;;;;;;;;;;x
PROV1007;Qiksi;;;;;;;;;;;;;x
PROV1008;Ninga;;;;;;;;;;;;;x
PROV1009;Ksikeon;;;;;;;;;;;;;x
PROV1010;Qege;;;;;;;;;;;;;x
PROV1011;Fojos;;;;;;;;;;;;;x
PROV1012;Madu;;;;;;;;;;;;;x
PROV1013;Ihe;;;;;;;;;;;;;x
PROV1014;Meorus;;;;;;;;;;;;;x
PROV1015;Teoneos;;;;;;;;;;;;;x
PROV1016;Kseon;;;;;;;;;;;;;x
PROV1017;Idha;;;;;;;;;;;;;x
PROV1018;Qoowad;;;;;;;;;;;;;x
PROV1019;Bena;;;;;;;;;;;;;x
PROV1020;Kanang;;;;;;;;;;;;;x
PROV1021;Ikuni;;;;;;;;;;;;;x
PROV1022;Bawob;;;;;;;;;;;;;x
PROV1023;Qeomum;;;;;;;;;;;;;x
PROV1024;Qete;;;;;;;;;;;;;x
PROV1025;Ksanung;;;;;;;;;;;;;x
PROV1026;Hodoob;;;;;;;;;;;;;x
PROV1027;Quef;;;;;;;;;;;;;x
PROV1028;Qingu;;;;;;;;;;;;;x
PROV1029;Hiko;;;;;;;;;;;;;x
PROV1030;Quhedh;;;;;;;;;;;;;x
PROV1031;Manu;;;;;;;;;;;;;x
PROV1032;Fungung;;;;;;;;;;;;;x
PROV1033;Masu;;;;;;;;;;;;;x
PROV1034;Eoging;;;;;;;;;;;;;x
PROV1035;Edwud;;;;;;;;;;;;;x
PROV1036;Negaji;;;;;;;;;;;;;x
PROV1037;Hoduwad;;;;;;;;;;;;;x
PROV1038;Bikan;;;;;;;;;;;;;x
PROV1039;Boodwu;;;;;;;;;;;;;x
PROV1040;Booxi;;;;;;;;;;;;;x
PROV1041;Uhub;;;;;;;;;;;;;x
PROV1042;Owebwe;;;;;;;;;;;;;x
PROV1043;Deko;;;;;;;;;;;;;x
PROV1044;Soxib;;;;;;;;;;;;;x
PROV1045;Godwib;;;;;;;;;;;;;x
PROV1046;Buhu;;;;;;;;;;;;;x
PROV1047;Mowe;;;;;;;;;;;;;x
PROV1048;Mewud;;;;;;;;;;;;;x
PROV1049;Kuksing;;;;;;;;;;;;;x
PROV1050;Meojif;;;;;;;;;;;;;x
PROV1051;Bachaboq;;;;;;;;;;;;;x
PROV1052;Teokung;;;;;;;;;;;;;x
PROV1053;Gotinat;;;;;;;;;;;;;x
PROV1054;Niakin;;;;;;;;;;;;;x
PROV1055;Ksokig;;;;;;;;;;;;;x
PROV1056;Ineng;;;;;;;;;;;;;x
PROV1057;Siochk;;;;;;;;;;;;;x
PROV1058;Eou;;;;;;;;;;;;;x
PROV1059;Nemiob;;;;;;;;;;;;;x
PROV1060;Ksiksikh;;;;;;;;;;;;;x
PROV1061;Geoimu;;;;;;;;;;;;;x
PROV1062;Bohasi;;;;;;;;;;;;;x
PROV1063;Guned;;;;;;;;;;;;;x
PROV1064;Domud;;;;;;;;;;;;;x
PROV1065;Momi;;;;;;;;;;;;;x
PROV1066;Qori;;;;;;;;;;;;;x
PROV1067;Qaradwoor;;;;;;;;;;;;;x
PROV1068;Chiwyira;;;;;;;;;;;;;x
PROV1069;Y¾zhyou;;;;;;;;;;;;;x
PROV1070;Chåchrourf;;;;;;;;;;;;;x
PROV1071;Zhr¾rg;;;;;;;;;;;;;x
PROV1072;Zhigak;;;;;;;;;;;;;x
PROV1073;Gureom;;;;;;;;;;;;;x
PROV1074;Gaka;;;;;;;;;;;;;x
PROV1075;Ksaki;;;;;;;;;;;;;x
PROV1076;Zhroiny¾;;;;;;;;;;;;;x
PROV1077;Ksegat;;;;;;;;;;;;;x
PROV1078;Zhur¾roi;;;;;;;;;;;;;x
PROV1079;Riwyiyrou;;;;;;;;;;;;;x
PROV1080;Yåchk;;;;;;;;;;;;;x
PROV1081;Guzhr¾y;;;;;;;;;;;;;x
PROV1082;Zhråvun;;;;;;;;;;;;;x
PROV1083;Chårf;;;;;;;;;;;;;x
PROV1084;N¾yri;;;;;;;;;;;;;x
PROV1085;Yrånyu;;;;;;;;;;;;;x
PROV1086;Krazoiroun;;;;;;;;;;;;;x
PROV1087;Oir¾;;;;;;;;;;;;;x
PROV1088;Vfouchk;;;;;;;;;;;;;x
PROV1089;Noin;;;;;;;;;;;;;x
PROV1090;Kroichk;;;;;;;;;;;;;x
PROV1091;Vr¾va;;;;;;;;;;;;;x
PROV1092;Zhr¾voi;;;;;;;;;;;;;x
PROV1093;Finyow;;;;;;;;;;;;;x
PROV1094;Kwuw;;;;;;;;;;;;;x
PROV1095;Ghaukho;;;;;;;;;;;;;x
PROV1096;Okrouy;;;;;;;;;;;;;x
PROV1097;Zhrouwroiy;;;;;;;;;;;;;x
PROV1098;Yroruw;;;;;;;;;;;;;x
PROV1099;Yanyoivu;;;;;;;;;;;;;x
PROV1100;Vf¾ch;;;;;;;;;;;;;x
PROV1101;Fouwrif¾w;;;;;;;;;;;;;x
PROV1102;Zazhr¾;;;;;;;;;;;;;x
PROV1103;Chuni;;;;;;;;;;;;;x
PROV1104;Chourg;;;;;;;;;;;;;x
PROV1105;Yrag;;;;;;;;;;;;;x
PROV1106;Rarg;;;;;;;;;;;;;x
PROV1107;Vouzh¾y;;;;;;;;;;;;;x
PROV1108;F¾vv¾;;;;;;;;;;;;;x
PROV1109;Zhroivo;;;;;;;;;;;;;x
PROV1110;Roiugumhaukh;;;;;;;;;;;;;x
PROV1111;Ghaugoiuh;;;;;;;;;;;;;x
PROV1112;Nich¾;;;;;;;;;;;;;x
PROV1113;Ghubheh;;;;;;;;;;;;;x
PROV1114;Vrouw;;;;;;;;;;;;;x
PROV1115;Vroin;;;;;;;;;;;;;x
PROV1116;Yirg;;;;;;;;;;;;;x
PROV1117;Zhirouy;;;;;;;;;;;;;x
PROV1118;Najuh;;;;;;;;;;;;;x
PROV1119;Hundharr;;;;;;;;;;;;;x
PROV1120;Mhuinghuh;;;;;;;;;;;;;x
PROV1121;Andhuspkh;;;;;;;;;;;;;x
PROV1122;Thistraio;;;;;;;;;;;;;x
PROV1123;N¾k;;;;;;;;;;;;;x
PROV1124;Nhabhaumho;;;;;;;;;;;;;x
PROV1125;Uibhi;;;;;;;;;;;;;x
PROV1126;Bhoiur;;;;;;;;;;;;;x
PROV1127;Oiukh;;;;;;;;;;;;;x
PROV1128;Bhuspkh;;;;;;;;;;;;;x
PROV1129;Aubha;;;;;;;;;;;;;x
PROV1130;Noiug;;;;;;;;;;;;;x
PROV1131;Bakhaur;;;;;;;;;;;;;x
PROV1132;Nhoiukhoiur;;;;;;;;;;;;;x
PROV1133;Bangher;;;;;;;;;;;;;x
PROV1134;Roiunghe;;;;;;;;;;;;;x
PROV1135;Nhauspkh;;;;;;;;;;;;;x
PROV1136;Roiukhospkh;;;;;;;;;;;;;x
PROV1137;Bhivaujukh;;;;;;;;;;;;;x
PROV1138;Chaundhikhah;;;;;;;;;;;;;x
PROV1139;Mhiga;;;;;;;;;;;;;x
PROV1140;Mhekh;;;;;;;;;;;;;x
PROV1141;Mhobaur;;;;;;;;;;;;;x
PROV1142;Nhuiq;;;;;;;;;;;;;x
PROV1143;Acho;;;;;;;;;;;;;x
PROV1144;Boiunui;;;;;;;;;;;;;x
PROV1145;Baundho;;;;;;;;;;;;;x
PROV1146;Roiubhirr;;;;;;;;;;;;;x
PROV1147;Hoiuchag;;;;;;;;;;;;;x
PROV1148;Runghau;;;;;;;;;;;;;x
PROV1149;Ghivo;;;;;;;;;;;;;x
PROV1150;Naundhind;;;;;;;;;;;;;x
PROV1151;Anau;;;;;;;;;;;;;x
PROV1152;Bigo;;;;;;;;;;;;;x
PROV1153;Ghaund;;;;;;;;;;;;;x
PROV1154;Boiubhir;;;;;;;;;;;;;x
PROV1155;Bhoiuchau;;;;;;;;;;;;;x
PROV1156;Oiuchu;;;;;;;;;;;;;x
PROV1157;Boiubhe;;;;;;;;;;;;;x
PROV1158;Nhebhuh;;;;;;;;;;;;;x
PROV1159;Raunoiukh;;;;;;;;;;;;;x
PROV1160;Pior;;;;;;;;;;;;;x
PROV1161;Babhokh;;;;;;;;;;;;;x
PROV1162;Ondha;;;;;;;;;;;;;x
PROV1163;Uiq;;;;;;;;;;;;;x
PROV1164;Tiaser;;;;;;;;;;;;;x
PROV1165;Moui;;;;;;;;;;;;;x
PROV1166;Miorio;;;;;;;;;;;;;x
PROV1167;Mhaundhekhoiu;;;;;;;;;;;;;x
PROV1168;Ghoiug;;;;;;;;;;;;;x
PROV1169;Nindhebher;;;;;;;;;;;;;x
PROV1170;Rugui;;;;;;;;;;;;;x
PROV1171;Bhoiundhoq;;;;;;;;;;;;;x
PROV1172;Bhemho;;;;;;;;;;;;;x
PROV1173;Rossou;;;;;;;;;;;;;x
PROV1174;Prusous;;;;;;;;;;;;;x
PROV1175;Fimong;;;;;;;;;;;;;x
PROV1176;Ussessog;;;;;;;;;;;;;x
PROV1177;Peingeig;;;;;;;;;;;;;x
PROV1178;Bhibuq;;;;;;;;;;;;;x
PROV1179;Iju;;;;;;;;;;;;;x
PROV1180;Nhanavu;;;;;;;;;;;;;x
PROV1181;Toube;;;;;;;;;;;;;x
PROV1182;Stousu;;;;;;;;;;;;;x
PROV1183;Patu;;;;;;;;;;;;;x
PROV1184;Taiokio;;;;;;;;;;;;;x
PROV1185;Piofou;;;;;;;;;;;;;x
PROV1186;Ibei;;;;;;;;;;;;;x
PROV1187;Stessi;;;;;;;;;;;;;x
PROV1188;Trer;;;;;;;;;;;;;x
PROV1189;Tissaiok;;;;;;;;;;;;;x
PROV1190;Stouni;;;;;;;;;;;;;x
PROV1191;Gouiagas;;;;;;;;;;;;;x
PROV1192;Pagufu;;;;;;;;;;;;;x
PROV1193;Seime;;;;;;;;;;;;;x
PROV1194;Treiq;;;;;;;;;;;;;x
PROV1195;Nofio;;;;;;;;;;;;;x
PROV1196;Niopaks;;;;;;;;;;;;;x
PROV1197;Remo;;;;;;;;;;;;;x
PROV1198;Ibourg;;;;;;;;;;;;;x
PROV1199;Giatu;;;;;;;;;;;;;x
PROV1200;Kouks;;;;;;;;;;;;;x
PROV1201;Tupenu;;;;;;;;;;;;;x
PROV1202;Rioks;;;;;;;;;;;;;x
PROV1203;Niari;;;;;;;;;;;;;x
PROV1204;Giq;;;;;;;;;;;;;x
PROV1205;Thouro;;;;;;;;;;;;;x
PROV1206;Jodzq;;;;;;;;;;;;;x
PROV1207;Taksu;;;;;;;;;;;;;x
PROV1208;Kiokou;;;;;;;;;;;;;x
PROV1209;Tmoz;;;;;;;;;;;;;x
PROV1210;Jaju;;;;;;;;;;;;;x
PROV1211;Bæd;;;;;;;;;;;;;x
PROV1212;Usiq;;;;;;;;;;;;;x
PROV1213;Tmen;;;;;;;;;;;;;x
PROV1214;Piogo;;;;;;;;;;;;;x
PROV1215;Thaki;;;;;;;;;;;;;x
PROV1216;Stufia;;;;;;;;;;;;;x
PROV1217;Rastria;;;;;;;;;;;;;x
PROV1218;Nuki;;;;;;;;;;;;;x
PROV1219;Thoukaga;;;;;;;;;;;;;x
PROV1220;Stapoug;;;;;;;;;;;;;x
PROV1221;Dadiq;;;;;;;;;;;;;x
PROV1222;Tesi;;;;;;;;;;;;;x
PROV1223;Taiog;;;;;;;;;;;;;x
PROV1224;Sengei;;;;;;;;;;;;;x
PROV1225;Donig;;;;;;;;;;;;;x
PROV1226;Joq;;;;;;;;;;;;;x
PROV1227;Chouso;;;;;;;;;;;;;x
PROV1228;Uqim;;;;;;;;;;;;;x
PROV1229;Jeuq;;;;;;;;;;;;;x
PROV1230;Gijo;;;;;;;;;;;;;x
PROV1231;Daizo;;;;;;;;;;;;;x
PROV1232;Tmoz;;;;;;;;;;;;;x
PROV1233;Touksou;;;;;;;;;;;;;x
PROV1234;Thout;;;;;;;;;;;;;x
PROV1235;Niogft;;;;;;;;;;;;;x
PROV1236;Onbufug;;;;;;;;;;;;;x
PROV1237;Beres;;;;;;;;;;;;;x
PROV1238;Eijousoung;;;;;;;;;;;;;x
PROV1239;Omoji;;;;;;;;;;;;;x
PROV1240;Ringeiq;;;;;;;;;;;;;x
PROV1241;Doumu;;;;;;;;;;;;;x
PROV1242;Troneiq;;;;;;;;;;;;;x
PROV1243;Kouneig;;;;;;;;;;;;;x
PROV1244;Teiji;;;;;;;;;;;;;x
PROV1245;Isi;;;;;;;;;;;;;x
PROV1246;Feiq;;;;;;;;;;;;;x
PROV1247;Doun;;;;;;;;;;;;;x
PROV1248;Dito;;;;;;;;;;;;;x
PROV1249;Bzusgitmn;;;;;;;;;;;;;x
PROV1250;Iob;;;;;;;;;;;;;x
PROV1251;Gon;;;;;;;;;;;;;x
PROV1252;Trer;;;;;;;;;;;;;x
PROV1253;Faig;;;;;;;;;;;;;x
PROV1254;Sounguso;;;;;;;;;;;;;x
PROV1255;Trurg;;;;;;;;;;;;;x
PROV1256;Chemo;;;;;;;;;;;;;x
PROV1257;Domig;;;;;;;;;;;;;x
PROV1258;Penou;;;;;;;;;;;;;x
PROV1259;Trerou;;;;;;;;;;;;;x
PROV1260;Rijou;;;;;;;;;;;;;x
PROV1261;Tiusos;;;;;;;;;;;;;x
PROV1262;Qofeu;;;;;;;;;;;;;x
PROV1263;Tminbo;;;;;;;;;;;;;x
PROV1264;Botmn;;;;;;;;;;;;;x
PROV1265;Tog;;;;;;;;;;;;;x
PROV1266;Zaif;;;;;;;;;;;;;x
PROV1267;Gioa;;;;;;;;;;;;;x
PROV1268;F¾vya;;;;;;;;;;;;;x
PROV1269;Råch¾ny;;;;;;;;;;;;;x
PROV1270;Z¾vå;;;;;;;;;;;;;x
PROV1271;Buoth;;;;;;;;;;;;;x
PROV1272;Ibæ;;;;;;;;;;;;;x
PROV1273;Nyeri;;;;;;;;;;;;;x
PROV1274;Nyæmb;;;;;;;;;;;;;x
PROV1275;Butuo;;;;;;;;;;;;;x
PROV1276;Buetogghog;;;;;;;;;;;;;x
PROV1277;Tigghae;;;;;;;;;;;;;x
PROV1278;Rimuoruemf;;;;;;;;;;;;;x
PROV1279;Reny;;;;;;;;;;;;;x
PROV1280;Juonyaeh;;;;;;;;;;;;;x
PROV1281;Ora;;;;;;;;;;;;;x
PROV1282;Guorib;;;;;;;;;;;;;x
PROV1283;Fuatu;;;;;;;;;;;;;x
PROV1284;Tuhæh;;;;;;;;;;;;;x
PROV1285;Huaguog;;;;;;;;;;;;;x
PROV1286;Fuad;;;;;;;;;;;;;x
PROV1287;Rohuo;;;;;;;;;;;;;x
PROV1288;Fuomn;;;;;;;;;;;;;x
PROV1289;Tigghuny;;;;;;;;;;;;;x
PROV1290;Noghae;;;;;;;;;;;;;x
PROV1291;Famaeth;;;;;;;;;;;;;x
PROV1292;Maeth;;;;;;;;;;;;;x
PROV1293;Bmaen;;;;;;;;;;;;;x
PROV1294;Nuammuaj;;;;;;;;;;;;;x
PROV1295;Nin;;;;;;;;;;;;;x
PROV1296;Baeære;;;;;;;;;;;;;x
PROV1297;Nyohuar;;;;;;;;;;;;;x
PROV1298;Bujh;;;;;;;;;;;;;x
PROV1299;Ruem;;;;;;;;;;;;;x
PROV1300;Rafemf;;;;;;;;;;;;;x
PROV1301;Begghuh;;;;;;;;;;;;;x
PROV1302;Bzar;;;;;;;;;;;;;x
PROV1303;Zanem-ij;;;;;;;;;;;;;x
PROV1304;Heir;;;;;;;;;;;;;x
PROV1305;Esam;;;;;;;;;;;;;x
PROV1306;Ochysko;;;;;;;;;;;;;x
PROV1307;Guj;;;;;;;;;;;;;x
PROV1308;Hut;;;;;;;;;;;;;x
PROV1309;Szube;;;;;;;;;;;;;x
PROV1310;Dnej;;;;;;;;;;;;;x
PROV1311;Bazta;;;;;;;;;;;;;x
PROV1312;Z¼shftâ;;;;;;;;;;;;;x
PROV1313;Chufk;;;;;;;;;;;;;x
PROV1314;Mâdh¼;;;;;;;;;;;;;x
PROV1315;Ugûjâ;;;;;;;;;;;;;x
PROV1316;Pob;;;;;;;;;;;;;x
PROV1317;Ibazoj;;;;;;;;;;;;;x
PROV1318;Bezachys;;;;;;;;;;;;;x
PROV1319;Fisat;;;;;;;;;;;;;x
PROV1320;Gokuk;;;;;;;;;;;;;x
PROV1321;Ghog;;;;;;;;;;;;;x
PROV1322;Zabu;;;;;;;;;;;;;x
PROV1323;Dneu;;;;;;;;;;;;;x
PROV1324;Poneru;;;;;;;;;;;;;x
PROV1325;Vahu;;;;;;;;;;;;;x
PROV1326;Vuh;;;;;;;;;;;;;x
PROV1327;Nânnuttu;;;;;;;;;;;;;x
PROV1328;Dnus;;;;;;;;;;;;;x
PROV1329;Ghasd;;;;;;;;;;;;;x
PROV1330;Buzob;;;;;;;;;;;;;x
PROV1331;Jûjuho;;;;;;;;;;;;;x
PROV1332;Nab;;;;;;;;;;;;;x
PROV1333;Gubu;;;;;;;;;;;;;x
PROV1334;Nôhêth;;;;;;;;;;;;;x
PROV1335;Vehes;;;;;;;;;;;;;x
PROV1336;Joth;;;;;;;;;;;;;x
PROV1337;Râjug;;;;;;;;;;;;;x
PROV1338;Rohuth;;;;;;;;;;;;;x
PROV1339;Jegh;;;;;;;;;;;;;x
PROV1340;Huttag;;;;;;;;;;;;;x
PROV1341;Yêjânnuv;;;;;;;;;;;;;x
PROV1342;Dê'ô;;;;;;;;;;;;;x
PROV1343;Vâp;;;;;;;;;;;;;x
PROV1344;Zumebun;;;;;;;;;;;;;x
PROV1345;Dnap;;;;;;;;;;;;;x
PROV1346;Gukus;;;;;;;;;;;;;x
PROV1347;Ghub;;;;;;;;;;;;;x
PROV1348;Tojvak;;;;;;;;;;;;;x
PROV1349;Muk;;;;;;;;;;;;;x
PROV1350;Fesd;;;;;;;;;;;;;x
PROV1351;Fusd;;;;;;;;;;;;;x
PROV1352;Szik;;;;;;;;;;;;;x
PROV1353;Dechys;;;;;;;;;;;;;x
PROV1354;Vanan;;;;;;;;;;;;;x
PROV1355;Pus;;;;;;;;;;;;;x
PROV1356;Jed;;;;;;;;;;;;;x
PROV1357;Hêgh;;;;;;;;;;;;;x
PROV1358;Deso;;;;;;;;;;;;;x
PROV1359;Fonez;;;;;;;;;;;;;x
PROV1360;Dedi;;;;;;;;;;;;;x
PROV1361;Fibuha;;;;;;;;;;;;;x
PROV1362;Tur-Mak;;;;;;;;;;;;;x
PROV1363;Zapeguk;;;;;;;;;;;;;x
PROV1364;Zezbo;;;;;;;;;;;;;x
PROV1365;Sepa;;;;;;;;;;;;;x
PROV1366;Tabob;;;;;;;;;;;;;x
PROV1367;Ganisd;;;;;;;;;;;;;x
PROV1368;Muchys;;;;;;;;;;;;;x
PROV1369;Jochyskog;;;;;;;;;;;;;x
PROV1370;Dnar;;;;;;;;;;;;;x
PROV1371;Tehu;;;;;;;;;;;;;x
PROV1372;Ov-Juttepht;;;;;;;;;;;;;x
PROV1373;Ettuhôg;;;;;;;;;;;;;x
PROV1374;Hobu;;;;;;;;;;;;;x
PROV1375;Ava;;;;;;;;;;;;;x
PROV1376;Pu'â;;;;;;;;;;;;;x
PROV1377;Ngûg;;;;;;;;;;;;;x
PROV1378;Szuj;;;;;;;;;;;;;x
PROV1379;Nuzsis;;;;;;;;;;;;;x
PROV1380;Bêttu;;;;;;;;;;;;;x
PROV1381;Odugh;;;;;;;;;;;;;x
PROV1382;Vuhakh;;;;;;;;;;;;;x
PROV1383;Rûgath;;;;;;;;;;;;;x
PROV1384;Rûnna;;;;;;;;;;;;;x
PROV1385;Odêg;;;;;;;;;;;;;x
PROV1386;Yâgû;;;;;;;;;;;;;x
PROV1387;Gad;;;;;;;;;;;;;x
PROV1388;Ruvô;;;;;;;;;;;;;x
PROV1389;Ngoth;;;;;;;;;;;;;x
PROV1390;Dnuchys;;;;;;;;;;;;;x
PROV1391;Rikou;;;;;;;;;;;;;x
PROV1392;Shau Gaubja;;;;;;;;;;;;;x
PROV1393;Shau Vaufo;;;;;;;;;;;;;x
PROV1394;Yesy;;;;;;;;;;;;;x
PROV1395;San;;;;;;;;;;;;;x
PROV1396;D’acharch;;;;;;;;;;;;;x
PROV1397;Vum;;;;;;;;;;;;;x
PROV1398;Shau Maug;;;;;;;;;;;;;x
PROV1399;Fikwat;;;;;;;;;;;;;x
PROV1400;J’ess;;;;;;;;;;;;;x
PROV1401;Pwasy;;;;;;;;;;;;;x
PROV1402;Zhkaudhri;;;;;;;;;;;;;x
PROV1403;Swo;;;;;;;;;;;;;x
PROV1404;Achakwur;;;;;;;;;;;;;x
PROV1405;Mrap;;;;;;;;;;;;;x
PROV1406;J’oyi;;;;;;;;;;;;;x
PROV1407;Omkokat;;;;;;;;;;;;;x
PROV1408;Niiz Dhoung;;;;;;;;;;;;;x
PROV1409;Reaau;;;;;;;;;;;;;x
PROV1410;Sinywumo;;;;;;;;;;;;;x
PROV1411;Guzhu;;;;;;;;;;;;;x
PROV1412;Sengau;;;;;;;;;;;;;x
PROV1413;Chiezhie;;;;;;;;;;;;;x
PROV1414;Thothos;;;;;;;;;;;;;x
PROV1415;Trag;;;;;;;;;;;;;x
PROV1416;Get;;;;;;;;;;;;;x
PROV1417;Zhezko;;;;;;;;;;;;;x
PROV1418;Dhrokekshiedh;;;;;;;;;;;;;x
PROV1419;Front;;;;;;;;;;;;;x
PROV1420;Ob’wa;;;;;;;;;;;;;x
PROV1421;Sew;;;;;;;;;;;;;x
PROV1422;Mg’okib’wa;;;;;;;;;;;;;x
PROV1423;Nokh;;;;;;;;;;;;;x
PROV1424;Krant;;;;;;;;;;;;;x
PROV1425;B’lerch;;;;;;;;;;;;;x
PROV1426;Mj’ut;;;;;;;;;;;;;x
PROV1427;Nggub’osy;;;;;;;;;;;;;x
PROV1428;Mosar;;;;;;;;;;;;;x
PROV1429;Nyah;;;;;;;;;;;;;x
PROV1430;Dhinja;;;;;;;;;;;;;x
PROV1431;Mshet;;;;;;;;;;;;;x
PROV1432;Mass;;;;;;;;;;;;;x
PROV1433;Ukwa;;;;;;;;;;;;;x
PROV1434;Atty;;;;;;;;;;;;;x
PROV1435;Kow;;;;;;;;;;;;;x
PROV1436;Mnyo;;;;;;;;;;;;;x
PROV1437;Hoss;;;;;;;;;;;;;x
PROV1438;Weh;;;;;;;;;;;;;x
PROV1439;Gakah;;;;;;;;;;;;;x
PROV1440;Gunt;;;;;;;;;;;;;x
PROV1441;Mg’uta;;;;;;;;;;;;;x
PROV1442;G’umya;;;;;;;;;;;;;x
PROV1443;Hrnid;;;;;;;;;;;;;x
PROV1444;Wib’u;;;;;;;;;;;;;x
PROV1445;B’upi;;;;;;;;;;;;;x
PROV1446;Renggwo;;;;;;;;;;;;;x
PROV1447;J’ayib’d’u;;;;;;;;;;;;;x
PROV1448;Msosy;;;;;;;;;;;;;x
PROV1449;Mbwarch;;;;;;;;;;;;;x
PROV1450;Sass;;;;;;;;;;;;;x
PROV1451;J’ekh;;;;;;;;;;;;;x
PROV1452;Mus;;;;;;;;;;;;;x
PROV1453;J'ejai;;;;;;;;;;;;;x
PROV1454;Y'gain;;;;;;;;;;;;;x
PROV1455;Dzuoz;;;;;;;;;;;;;x
PROV1456;Arch;;;;;;;;;;;;;x
PROV1457;Krumte;;;;;;;;;;;;;x
PROV1458;J'oz;;;;;;;;;;;;;x
PROV1459;J'oje;;;;;;;;;;;;;x
PROV1460;Y'dou'naag;;;;;;;;;;;;;x
PROV1461;Dhrau;;;;;;;;;;;;;x
PROV1462;Tuazhdu;;;;;;;;;;;;;x
PROV1463;Jia;;;;;;;;;;;;;x
PROV1464;Vauz;;;;;;;;;;;;;x
PROV1465;J'ayk;;;;;;;;;;;;;x
PROV1466;Vaiy;;;;;;;;;;;;;x
PROV1467;Zhkihw;;;;;;;;;;;;;x
PROV1468;Ngan;;;;;;;;;;;;;x
PROV1469;Thiethdun;;;;;;;;;;;;;x
PROV1470;Zhkua;;;;;;;;;;;;;x
PROV1471;Vouhw;;;;;;;;;;;;;x
PROV1472;Deswe;;;;;;;;;;;;;x
PROV1473;Wruot;;;;;;;;;;;;;x
PROV1474;Dhâmit;;;;;;;;;;;;;x
PROV1475;Eza;;;;;;;;;;;;;x
PROV1476;Mrefua;;;;;;;;;;;;;x
PROV1477;Rierif;;;;;;;;;;;;;x
PROV1478;Maf;;;;;;;;;;;;;x
PROV1479;K'ok;;;;;;;;;;;;;x
PROV1480;Khroush;;;;;;;;;;;;;x
PROV1481;Bayz;;;;;;;;;;;;;x
PROV1482;Wiech;;;;;;;;;;;;;x
PROV1483;Wruaztie;;;;;;;;;;;;;x
PROV1484;Vak;;;;;;;;;;;;;x
PROV1485;Mref;;;;;;;;;;;;;x
PROV1486;Gead;;;;;;;;;;;;;x
PROV1487;Zkimmauv;;;;;;;;;;;;;x
PROV1488;Mrozkuo;;;;;;;;;;;;;x
PROV1489;Chemom;;;;;;;;;;;;;x
PROV1490;Chihwo;;;;;;;;;;;;;x
PROV1491;Zent;;;;;;;;;;;;;x
PROV1492;Fruazka;;;;;;;;;;;;;x
PROV1493;Dokofrie;;;;;;;;;;;;;x
PROV1494;Zhek;;;;;;;;;;;;;x
PROV1495;Zieth;;;;;;;;;;;;;x
PROV1496;Taasha;;;;;;;;;;;;;x
PROV1497;Tzet;;;;;;;;;;;;;x
PROV1498;Jeyvaag;;;;;;;;;;;;;x
PROV1499;Joubbak;;;;;;;;;;;;;x
PROV1500;Kouj;;;;;;;;;;;;;x
PROV1501;Tsayeg;;;;;;;;;;;;;x
PROV1502;T'ijaay;;;;;;;;;;;;;x
PROV1503;Dzeëd;;;;;;;;;;;;;x
PROV1504;Zoöjud;;;;;;;;;;;;;x
PROV1505;Goru;;;;;;;;;;;;;x
PROV1506;Qëzuru;;;;;;;;;;;;;x
PROV1507;Adzödz;;;;;;;;;;;;;x
PROV1508;Shroash;;;;;;;;;;;;;x
PROV1509;Dzöshdzeëreënd;;;;;;;;;;;;;x
PROV1510;Dibö;;;;;;;;;;;;;x
PROV1511;Dzur;;;;;;;;;;;;;x
PROV1512;Qedz;;;;;;;;;;;;;x
PROV1513;Choz;;;;;;;;;;;;;x
PROV1514;Bek;;;;;;;;;;;;;x
PROV1515;Ruzh;;;;;;;;;;;;;x
PROV1516;Souz;;;;;;;;;;;;;x
PROV1517;Tzoukh;;;;;;;;;;;;;x
PROV1518;Gaynai;;;;;;;;;;;;;x
PROV1519;Tayb;;;;;;;;;;;;;x
PROV1520;Tadhaig;;;;;;;;;;;;;x
PROV1521;Y'tairay;;;;;;;;;;;;;x
PROV1522;Y'tatai;;;;;;;;;;;;;x
PROV1523;Tsout;;;;;;;;;;;;;x
PROV1524;Rayb;;;;;;;;;;;;;x
PROV1525;Tsou'og;;;;;;;;;;;;;x
PROV1526;Tsain;;;;;;;;;;;;;x
PROV1527;Y'deto;;;;;;;;;;;;;x
PROV1528;Frez;;;;;;;;;;;;;x
PROV1529;Hwauthde;;;;;;;;;;;;;x
PROV1530;Min;;;;;;;;;;;;;x
PROV1531;Reazi;;;;;;;;;;;;;x
PROV1532;Zoshez;;;;;;;;;;;;;x
PROV1533;Riyog;;;;;;;;;;;;;x
PROV1534;Kouavan;;;;;;;;;;;;;x
PROV1535;Boush;;;;;;;;;;;;;x
PROV1536;T'aaszer;;;;;;;;;;;;;x
PROV1537;Hùm;;;;;;;;;;;;;x
PROV1538;Mriez;;;;;;;;;;;;;x
PROV1539;Voweg;;;;;;;;;;;;;x
PROV1540;Dhreamiv;;;;;;;;;;;;;x
PROV1541;Dzifemn;;;;;;;;;;;;;x
PROV1542;Dhok;;;;;;;;;;;;;x
PROV1543;Shrochi;;;;;;;;;;;;;x
PROV1544;Zkiet;;;;;;;;;;;;;x
PROV1545;Zhkiem;;;;;;;;;;;;;x
PROV1546;Thakuod;;;;;;;;;;;;;x
PROV1547;Vosh;;;;;;;;;;;;;x
PROV1548;Shruthde;;;;;;;;;;;;;x
PROV1549;J'ota;;;;;;;;;;;;;x
PROV1550;Borayv;;;;;;;;;;;;;x
PROV1551;Yeda;;;;;;;;;;;;;x
PROV1552;Jebko;;;;;;;;;;;;;x
PROV1553;K'aayve;;;;;;;;;;;;;x
PROV1554;Yij;;;;;;;;;;;;;x
PROV1555;Eowug;;;;;;;;;;;;;x
PROV1556;Dugjaej;;;;;;;;;;;;;x
PROV1557;Guepab;;;;;;;;;;;;;x
PROV1558;Uechyhj'i;;;;;;;;;;;;;x
PROV1559;Hinye;;;;;;;;;;;;;x
PROV1560;Chömno;;;;;;;;;;;;;x
PROV1561;Noön;;;;;;;;;;;;;x
PROV1562;Charm;;;;;;;;;;;;;x
PROV1563;Dzerzu;;;;;;;;;;;;;x
PROV1564;Bhrahshe;;;;;;;;;;;;;x
PROV1565;Qor;;;;;;;;;;;;;x
PROV1566;Chim;;;;;;;;;;;;;x
PROV1567;Zrein;;;;;;;;;;;;;x
PROV1568;Hrnibe;;;;;;;;;;;;;x
PROV1569;Bub;;;;;;;;;;;;;x
PROV1570;Roashb;;;;;;;;;;;;;x
PROV1571;Zanzo;;;;;;;;;;;;;x
PROV1572;Zrozrb;;;;;;;;;;;;;x
PROV1573;Hrneinzuhshi;;;;;;;;;;;;;x
PROV1574;Bhroahsheshbei;;;;;;;;;;;;;x
PROV1575;Shruzrd;;;;;;;;;;;;;x
PROV1576;Mnom;;;;;;;;;;;;;x
PROV1577;Pön;;;;;;;;;;;;;x
PROV1578;Dzoöb;;;;;;;;;;;;;x
PROV1579;Nid;;;;;;;;;;;;;x
PROV1580;Shreshb;;;;;;;;;;;;;x
PROV1581;Cheëpeëdz;;;;;;;;;;;;;x
PROV1582;Papuen;;;;;;;;;;;;;x
PROV1583;Tguk;;;;;;;;;;;;;x
PROV1584;Hunåns;;;;;;;;;;;;;x
PROV1585;Piehis;;;;;;;;;;;;;x
PROV1586;Dguhta;;;;;;;;;;;;;x
PROV1587;Tgure;;;;;;;;;;;;;x
PROV1588;Ngerang;;;;;;;;;;;;;x
PROV1589;Dkaenktå;;;;;;;;;;;;;x
PROV1590;Tsaetsu;;;;;;;;;;;;;x
PROV1591;Ngut;;;;;;;;;;;;;x
PROV1592;Dgeutk;;;;;;;;;;;;;x
PROV1593;Knutsk;;;;;;;;;;;;;x
PROV1594;Saehtaed;;;;;;;;;;;;;x
PROV1595;Kåhkstå;;;;;;;;;;;;;x
PROV1596;Rurahtskå;;;;;;;;;;;;;x
PROV1597;Tneugktu;;;;;;;;;;;;;x
PROV1598;Dats;;;;;;;;;;;;;x
PROV1599;Tnang;;;;;;;;;;;;;x
PROV1600;Pifaf;;;;;;;;;;;;;x
PROV1601;Toesuemun;;;;;;;;;;;;;x
PROV1602;Goesa;;;;;;;;;;;;;x
PROV1603;Abtusfo;;;;;;;;;;;;;x
PROV1604;Tguep;;;;;;;;;;;;;x
PROV1605;Toed;;;;;;;;;;;;;x
PROV1606;Huhuehugst;;;;;;;;;;;;;x
PROV1607;Hospmue;;;;;;;;;;;;;x
PROV1608;Tgiehonoeh;;;;;;;;;;;;;x
PROV1609;Hgaed;;;;;;;;;;;;;x
PROV1610;Enae;;;;;;;;;;;;;x
PROV1611;Pehue;;;;;;;;;;;;;x
PROV1612;Upies;;;;;;;;;;;;;x
PROV1613;Hummed;;;;;;;;;;;;;x
PROV1614;Iespmas;;;;;;;;;;;;;x
PROV1615;Puedh;;;;;;;;;;;;;x
PROV1616;Fanae;;;;;;;;;;;;;x
PROV1617;Oebedh;;;;;;;;;;;;;x
PROV1618;Baepoet;;;;;;;;;;;;;x
PROV1619;Huvah;;;;;;;;;;;;;x
PROV1620;Tganae;;;;;;;;;;;;;x
PROV1621;Nasfaeb;;;;;;;;;;;;;x
PROV1622;Tgueboemmueb;;;;;;;;;;;;;x
PROV1623;Huespmi;;;;;;;;;;;;;x
PROV1624;Hgehas;;;;;;;;;;;;;x
PROV1625;Göp;;;;;;;;;;;;;x
PROV1626;Nujo;;;;;;;;;;;;;x
PROV1627;Puegst;;;;;;;;;;;;;x
PROV1628;Chep;;;;;;;;;;;;;x
PROV1629;Rushdzeën;;;;;;;;;;;;;x
PROV1630;Garoshed;;;;;;;;;;;;;x
PROV1631;Toep;;;;;;;;;;;;;x
PROV1632;Dzeda;;;;;;;;;;;;;x
PROV1633;Gafuf;;;;;;;;;;;;;x
PROV1634;Abab;;;;;;;;;;;;;x
PROV1635;Umi;;;;;;;;;;;;;x
PROV1636;Nimö;;;;;;;;;;;;;x
PROV1637;Gödza;;;;;;;;;;;;;x
PROV1638;Peju;;;;;;;;;;;;;x
PROV1639;Noör;;;;;;;;;;;;;x
PROV1640;Chishud;;;;;;;;;;;;;x
PROV1641;Gisha;;;;;;;;;;;;;x
PROV1642;Khetsk;;;;;;;;;;;;;x
PROV1643;Tgåheng;;;;;;;;;;;;;x
PROV1644;Tgaeng;;;;;;;;;;;;;x
PROV1645;Khaes;;;;;;;;;;;;;x
PROV1646;Eutskåhskant;;;;;;;;;;;;;x
PROV1647;Råkhå;;;;;;;;;;;;;x
PROV1648;Kåhå;;;;;;;;;;;;;x
PROV1649;Tångku;;;;;;;;;;;;;x
PROV1650;Dennåtskug;;;;;;;;;;;;;x
PROV1651;Tnåtkå;;;;;;;;;;;;;x
PROV1652;Knesae;;;;;;;;;;;;;x
PROV1653;Knedae;;;;;;;;;;;;;x
PROV1654;Reunt;;;;;;;;;;;;;x
PROV1655;Såtkeu;;;;;;;;;;;;;x
PROV1656;Knens;;;;;;;;;;;;;x
PROV1657;Tseutk;;;;;;;;;;;;;x
PROV1658;Nödb;;;;;;;;;;;;;x
PROV1659;Tåggu;;;;;;;;;;;;;x
PROV1660;Rëdzë;;;;;;;;;;;;;x
PROV1661;Noöp;;;;;;;;;;;;;x
PROV1662;Tåhke;;;;;;;;;;;;;x
PROV1663;Döshumnö;;;;;;;;;;;;;x
PROV1664;Qëdz;;;;;;;;;;;;;x
PROV1665;åhkå;;;;;;;;;;;;;x
PROV1666;Tgaetkas;;;;;;;;;;;;;x
PROV1667;Amno;;;;;;;;;;;;;x
PROV1668;Qojar;;;;;;;;;;;;;x
PROV1669;Råg;;;;;;;;;;;;;x
PROV1670;Ngeukntug;;;;;;;;;;;;;x
PROV1671;Mazu;;;;;;;;;;;;;x
PROV1672;Ipodza;;;;;;;;;;;;;x
PROV1673;Dzuna;;;;;;;;;;;;;x
PROV1674;Göshëz;;;;;;;;;;;;;x
PROV1675;Eëdaz;;;;;;;;;;;;;x
PROV1676;Ëshoö;;;;;;;;;;;;;x
PROV1677;Oödzënd;;;;;;;;;;;;;x
PROV1678;Qemnar;;;;;;;;;;;;;x
PROV1679;Zönd;;;;;;;;;;;;;x
PROV1680;Chameë;;;;;;;;;;;;;x
PROV1681;Tgeuketske;;;;;;;;;;;;;x
PROV1682;Bab;;;;;;;;;;;;;x
PROV1683;Zoöd;;;;;;;;;;;;;x
PROV1684;Dumneërm;;;;;;;;;;;;;x
PROV1685;Zarza;;;;;;;;;;;;;x
PROV1686;Dennå;;;;;;;;;;;;;x
PROV1687;Göpe;;;;;;;;;;;;;x
PROV1688;Bebo;;;;;;;;;;;;;x
PROV1689;Böp;;;;;;;;;;;;;x
PROV1690;Dide;;;;;;;;;;;;;x
PROV1691;Gurm;;;;;;;;;;;;;x
PROV1692;Gaznpeë;;;;;;;;;;;;;x
PROV1693;Mnib;;;;;;;;;;;;;x
PROV1694;Pëju;;;;;;;;;;;;;x
PROV1695;Choörzi;;;;;;;;;;;;;x
PROV1696;Dhreih;;;;;;;;;;;;;x
PROV1697;Deirb;;;;;;;;;;;;;x
PROV1698;Bebhdoa;;;;;;;;;;;;;x
PROV1699;Dhroazd;;;;;;;;;;;;;x
PROV1700;Ushoö;;;;;;;;;;;;;x
PROV1701;Deëz;;;;;;;;;;;;;x
PROV1702;Nëbeëpi;;;;;;;;;;;;;x
PROV1703;Ruju;;;;;;;;;;;;;x
PROV1704;Bëd;;;;;;;;;;;;;x
PROV1705;Zeid;;;;;;;;;;;;;x
PROV1706;Hoan;;;;;;;;;;;;;x
PROV1707;Shabhdoarsho;;;;;;;;;;;;;x
PROV1708;Shrenzoa;;;;;;;;;;;;;x
PROV1709;Bhroabur;;;;;;;;;;;;;x
PROV1710;Hrnurdhir;;;;;;;;;;;;;x
PROV1711;Zehe;;;;;;;;;;;;;x
PROV1712;Shbazrd;;;;;;;;;;;;;x
PROV1713;Ardho;;;;;;;;;;;;;x
PROV1714;Zebird;;;;;;;;;;;;;x
PROV1715;Joöshu;;;;;;;;;;;;;x
PROV1716;Poöshdzur;;;;;;;;;;;;;x
PROV1717;Ujoöde;;;;;;;;;;;;;x
PROV1718;Qudb;;;;;;;;;;;;;x
PROV1719;Neëb;;;;;;;;;;;;;x
PROV1720;Mnënd;;;;;;;;;;;;;x
PROV1721;Garzörë;;;;;;;;;;;;;x
PROV1722;Joöq;;;;;;;;;;;;;x
PROV1723;Taen;;;;;;;;;;;;;x
PROV1724;Mnab;;;;;;;;;;;;;x
PROV1725;Reëm;;;;;;;;;;;;;x
PROV1726;Bare;;;;;;;;;;;;;x
PROV1727;Dashdzam;;;;;;;;;;;;;x
PROV1728;Qoshö;;;;;;;;;;;;;x
PROV1729;Dyaugg;;;;;;;;;;;;;x
PROV1730;Poödb;;;;;;;;;;;;;x
PROV1731;Reëju;;;;;;;;;;;;;x
PROV1732;Durm;;;;;;;;;;;;;x
PROV1733;Qeëp;;;;;;;;;;;;;x
PROV1734;Pëdu;;;;;;;;;;;;;x
PROV1735;Rëjö;;;;;;;;;;;;;x
PROV1736;Odhba;;;;;;;;;;;;;x
PROV1737;Nibeëpi;;;;;;;;;;;;;x
PROV1738;Choshod;;;;;;;;;;;;;x
PROV1739;Qödz;;;;;;;;;;;;;x
PROV1740;Dëri;;;;;;;;;;;;;x
PROV1741;Nujö;;;;;;;;;;;;;x
PROV1742;Jësheësho;;;;;;;;;;;;;x
PROV1743;Gënd;;;;;;;;;;;;;x
PROV1744;Ryayfsaaf;;;;;;;;;;;;;x
PROV1745;Redza;;;;;;;;;;;;;x
PROV1746;Chëq;;;;;;;;;;;;;x
PROV1747;Zöm;;;;;;;;;;;;;x
PROV1748;Izoö;;;;;;;;;;;;;x
PROV1749;Zeëshum;;;;;;;;;;;;;x
PROV1750;Hun;;;;;;;;;;;;;x
PROV1751;Njinye;;;;;;;;;;;;;x
PROV1752;Mress;;;;;;;;;;;;;x
PROV1753;Garoshed;;;;;;;;;;;;;x
PROV1754;B'owa;;;;;;;;;;;;;x
PROV1755;Dzeda;;;;;;;;;;;;;x
PROV1756;Abab;;;;;;;;;;;;;x
PROV1757;Duwa;;;;;;;;;;;;;x
PROV1758;Nimö;;;;;;;;;;;;;x
PROV1759;Doutbon;;;;;;;;;;;;;x
PROV1760;Gödza;;;;;;;;;;;;;x
PROV1761;Chishud;;;;;;;;;;;;;x
PROV1762;Nent;;;;;;;;;;;;;x
PROV1763;Gisha;;;;;;;;;;;;;x
PROV1764;D'jour;;;;;;;;;;;;;x
PROV1765;Hkaku;;;;;;;;;;;;;x
PROV1766;Gauhaags;;;;;;;;;;;;;x
PROV1767;Nödb;;;;;;;;;;;;;x
PROV1768;Rëdzë;;;;;;;;;;;;;x
PROV1769;Ipodza;;;;;;;;;;;;;x
PROV1770;Hkaakya;;;;;;;;;;;;;x
PROV1771;Hyiehyvid;;;;;;;;;;;;;x
PROV1772;Hieka;;;;;;;;;;;;;x
PROV1773;Fuvyka;;;;;;;;;;;;;x
PROV1774;Rygaas;;;;;;;;;;;;;x
PROV1775;Rykiyaasrv;;;;;;;;;;;;;x
PROV1776;Ghaudirf;;;;;;;;;;;;;x
PROV1777;Tutyau;;;;;;;;;;;;;x
PROV1778;Ryksauyfsaav;;;;;;;;;;;;;x
PROV1779;Rygaavka;;;;;;;;;;;;;x
PROV1780;Rausa;;;;;;;;;;;;;x
PROV1781;Ieva;;;;;;;;;;;;;x
PROV1782;Huhyaa;;;;;;;;;;;;;x
PROV1783;Khrad;;;;;;;;;;;;;x
PROV1784;Ryafa;;;;;;;;;;;;;x
PROV1785;Hyvaf;;;;;;;;;;;;;x
PROV1786;Ghagrsk;;;;;;;;;;;;;x
PROV1787;Kautyaar;;;;;;;;;;;;;x
PROV1788;Tyksavaa;;;;;;;;;;;;;x
PROV1789;Ryakur;;;;;;;;;;;;;x
PROV1790;Graas;;;;;;;;;;;;;x
PROV1791;Ryksauhvaav;;;;;;;;;;;;;x
PROV1792;Hyiev;;;;;;;;;;;;;x
PROV1793;Git;;;;;;;;;;;;;x
PROV1794;Hyvaafksat;;;;;;;;;;;;;x
PROV1795;Khrauvaa;;;;;;;;;;;;;x
PROV1796;Hykauhyusk;;;;;;;;;;;;;x
PROV1797;Rykaavks;;;;;;;;;;;;;x
PROV1798;Hkuyau;;;;;;;;;;;;;x
PROV1799;Dyivkika;;;;;;;;;;;;;x
PROV1800;Kyrif;;;;;;;;;;;;;x
PROV1801;Ryksafrie;;;;;;;;;;;;;x
PROV1802;Shau Zhaktno;;;;;;;;;;;;;x
PROV1803;Hkurf;;;;;;;;;;;;;x
PROV1804;Ryksaukaakyrsi;;;;;;;;;;;;;x
PROV1805;Tyadaavrau;;;;;;;;;;;;;x
PROV1806;Hyaks;;;;;;;;;;;;;x
PROV1807;Hyiegyrsie;;;;;;;;;;;;;x
PROV1808;Hkaavsk;;;;;;;;;;;;;x
PROV1809;Gyrivrsk;;;;;;;;;;;;;x
PROV1810;Daataa;;;;;;;;;;;;;x
PROV1811;Gaaf;;;;;;;;;;;;;x
PROV1812;Gyakie;;;;;;;;;;;;;x
PROV1813;Dzuna;;;;;;;;;;;;;x
PROV1814;Ouir;;;;;;;;;;;;;x
PROV1815;T'hodont;;;;;;;;;;;;;x
PROV1816;Huhrumif;;;;;;;;;;;;;x
PROV1817;Göshëz;;;;;;;;;;;;;x
PROV1818;Eëdaz;;;;;;;;;;;;;x
PROV1819;Ëshoö;;;;;;;;;;;;;x
PROV1820;Tohour;;;;;;;;;;;;;x
PROV1821;Ouzu;;;;;;;;;;;;;x
PROV1822;D'jadt;;;;;;;;;;;;;x
PROV1823;Megha;;;;;;;;;;;;;x
PROV1824;Odumsi;;;;;;;;;;;;;x
PROV1825;Forob;;;;;;;;;;;;;x
PROV1826;Hate;;;;;;;;;;;;;x
PROV1827;Dughu;;;;;;;;;;;;;x
PROV1828;T'hefor;;;;;;;;;;;;;x
PROV1829;Deti;;;;;;;;;;;;;x
PROV1830;Timso;;;;;;;;;;;;;x
PROV1831;B'outhouigga;;;;;;;;;;;;;x
PROV1832;Kimiht;;;;;;;;;;;;;x
PROV1833;M'houimsi;;;;;;;;;;;;;x
PROV1834;Tuthe;;;;;;;;;;;;;x
PROV1835;T'houwu;;;;;;;;;;;;;x
PROV1836;D'jo'i;;;;;;;;;;;;;x
PROV1837;T'hof;;;;;;;;;;;;;x
PROV1838;Konou;;;;;;;;;;;;;x
PROV1839;Bouith;;;;;;;;;;;;;x
PROV1840;Otem;;;;;;;;;;;;;x
PROV1841;M'hum;;;;;;;;;;;;;x
PROV1842;Douif;;;;;;;;;;;;;x
PROV1843;Ute;;;;;;;;;;;;;x
PROV1844;Rajom;;;;;;;;;;;;;x
PROV1845;B'atou;;;;;;;;;;;;;x
PROV1846;M'hidt;;;;;;;;;;;;;x
PROV1847;M'hewou;;;;;;;;;;;;;x
PROV1848;Fouht;;;;;;;;;;;;;x
PROV1849;Kunoth;;;;;;;;;;;;;x
PROV1850;Dufou;;;;;;;;;;;;;x
PROV1851;Rykaug;;;;;;;;;;;;;x
PROV1852;Dauyrsisrf;;;;;;;;;;;;;x
PROV1853;Aahiryisrk;;;;;;;;;;;;;x
PROV1854;Raht;;;;;;;;;;;;;x
PROV1855;D'jatbuzont;;;;;;;;;;;;;x
PROV1856;M'houifa;;;;;;;;;;;;;x
PROV1857;Dezount;;;;;;;;;;;;;x
PROV1858;Touigit;;;;;;;;;;;;;x
PROV1859;Niiz Kush;;;;;;;;;;;;;x
PROV1860;Kiegyrsaar;;;;;;;;;;;;;x
PROV1861;Shau Nozh¼;;;;;;;;;;;;;x
PROV1862;B'ago;;;;;;;;;;;;;x
PROV1863;Siesrv;;;;;;;;;;;;;x
PROV1864;Kyraurv;;;;;;;;;;;;;x
PROV1865;Tuks;;;;;;;;;;;;;x
PROV1866;Amou;;;;;;;;;;;;;x
PROV1867;M'houin;;;;;;;;;;;;;x
PROV1868;Toage;;;;;;;;;;;;;x
PROV1869;M'houf;;;;;;;;;;;;;x
PROV1870;D'jaht;;;;;;;;;;;;;x
PROV1871;Nofur;;;;;;;;;;;;;x
PROV1872;Refam;;;;;;;;;;;;;x
PROV1873;Ghurv;;;;;;;;;;;;;x
PROV1874;Taafraavsk;;;;;;;;;;;;;x
PROV1875;Gyausrv;;;;;;;;;;;;;x
PROV1876;Rukv;;;;;;;;;;;;;x
PROV1877;Hug’o;;;;;;;;;;;;;x
PROV1878;Maw;;;;;;;;;;;;;x
PROV1879;Zob’d’a;;;;;;;;;;;;;x
PROV1880;Mfakusy;;;;;;;;;;;;;x
PROV1881;Nchunah;;;;;;;;;;;;;x
PROV1882;Inchent;;;;;;;;;;;;;x
PROV1883;Aop;;;;;;;;;;;;;x
PROV1884;Nggib’om;;;;;;;;;;;;;x
PROV1885;Nzumru;;;;;;;;;;;;;x
PROV1886;Pem;;;;;;;;;;;;;x
PROV1887;Mche;;;;;;;;;;;;;x
PROV1888;Mstet;;;;;;;;;;;;;x
PROV1889;Zem;;;;;;;;;;;;;x
PROV1890;D’eh;;;;;;;;;;;;;x
PROV1891;Swiku;;;;;;;;;;;;;x
PROV1892;Swo;;;;;;;;;;;;;x
PROV1893;Ndep;;;;;;;;;;;;;x
PROV1894;Shasu;;;;;;;;;;;;;x
PROV1895;Ata;;;;;;;;;;;;;x
PROV1896;Poh;;;;;;;;;;;;;x
PROV1897;Zeg;;;;;;;;;;;;;x
PROV1898;Swont;;;;;;;;;;;;;x
PROV1899;Mvig;;;;;;;;;;;;;x
PROV1900;Mstet;;;;;;;;;;;;;x
PROV1901;Prarch;;;;;;;;;;;;;x
PROV1902;Mtimar;;;;;;;;;;;;;x
PROV1903;Mzanggont;;;;;;;;;;;;;x
PROV1904;Gaffa;;;;;;;;;;;;;x
PROV1905;Mvess;;;;;;;;;;;;;x
PROV1906;Hur;;;;;;;;;;;;;x
PROV1907;Mkent;;;;;;;;;;;;;x
PROV1908;Kupu;;;;;;;;;;;;;x
PROV1909;Zah;;;;;;;;;;;;;x
PROV1910;Man;;;;;;;;;;;;;x
PROV1911;Hinseo;;;;;;;;;;;;;x
PROV1912;Dhore;;;;;;;;;;;;;x
PROV1913;Mstindah;;;;;;;;;;;;;x
PROV1914;Pasit;;;;;;;;;;;;;x
PROV1915;Nzot;;;;;;;;;;;;;x
PROV1916;Aincha;;;;;;;;;;;;;x
PROV1917;Nyut;;;;;;;;;;;;;x
PROV1918;Ej'u;;;;;;;;;;;;;x
PROV1919;D’ur;;;;;;;;;;;;;x
PROV1920;Mshumu;;;;;;;;;;;;;x
PROV1921;Mj’op;;;;;;;;;;;;;x
PROV1922;Foh;;;;;;;;;;;;;x
PROV1923;Chukwa;;;;;;;;;;;;;x
PROV1924;Thint;;;;;;;;;;;;;x
PROV1925;Ndur;;;;;;;;;;;;;x
PROV1926;J’on;;;;;;;;;;;;;x
PROV1927;Sekum;;;;;;;;;;;;;x
PROV1928;J'akh;;;;;;;;;;;;;x
PROV1929;Tent;;;;;;;;;;;;;x
PROV1930;Tug;;;;;;;;;;;;;x
PROV1931;Hor;;;;;;;;;;;;;x
PROV1932;Mfeya;;;;;;;;;;;;;x
PROV1933;Usy;;;;;;;;;;;;;x
PROV1934;Mvatty;;;;;;;;;;;;;x
PROV1935;Ndirnem;;;;;;;;;;;;;x
PROV1936;Mkup;;;;;;;;;;;;;x
PROV1937;Mshag;;;;;;;;;;;;;x
PROV1938;Swid’ew;;;;;;;;;;;;;x
PROV1939;Nyukut;;;;;;;;;;;;;x
PROV1940;B’agistan;;;;;;;;;;;;;x
PROV1941;Pitsaa;;;;;;;;;;;;;x
PROV1942;Miirnur;;;;;;;;;;;;;x
PROV1943;Angii;;;;;;;;;;;;;x
PROV1944;Uurngiik;;;;;;;;;;;;;x
PROV1945;Baankaa;;;;;;;;;;;;;x
PROV1946;Viqquu;;;;;;;;;;;;;x
PROV1947;Dumuu;;;;;;;;;;;;;x
PROV1948;Vaap;;;;;;;;;;;;;x
PROV1949;Padug;;;;;;;;;;;;;x
PROV1950;Sirpaa;;;;;;;;;;;;;x
PROV1951;Usuu;;;;;;;;;;;;;x
PROV1952;Kanguqsa;;;;;;;;;;;;;x
PROV1953;Babi;;;;;;;;;;;;;x
PROV1954;Iirmankaa;;;;;;;;;;;;;x
PROV1955;Giiv;;;;;;;;;;;;;x
PROV1956;Jaaniik;;;;;;;;;;;;;x
PROV1957;Hippi;;;;;;;;;;;;;x
PROV1958;Uummut;;;;;;;;;;;;;x
PROV1959;Juutqaa;;;;;;;;;;;;;x
PROV1960;Duk;;;;;;;;;;;;;x
PROV1961;Nguuq;;;;;;;;;;;;;x
PROV1962;Qaataa;;;;;;;;;;;;;x
PROV1963;Qaatii;;;;;;;;;;;;;x
PROV1964;Ngag;;;;;;;;;;;;;x
PROV1965;Siit;;;;;;;;;;;;;x
PROV1966;Kaqka;;;;;;;;;;;;;x
PROV1967;Hiik;;;;;;;;;;;;;x
PROV1968;Danat;;;;;;;;;;;;;x
PROV1969;Gituu;;;;;;;;;;;;;x
PROV1970;Diimuu;;;;;;;;;;;;;x
PROV1971;Niikniirrud;;;;;;;;;;;;;x
PROV1972;Kaaup;;;;;;;;;;;;;x
PROV1973;Iiqtiid;;;;;;;;;;;;;x
PROV1974;Daaggaa;;;;;;;;;;;;;x
PROV1975;Baaip;;;;;;;;;;;;;x
PROV1976;Jaas;;;;;;;;;;;;;x
PROV1977;Nginid;;;;;;;;;;;;;x
PROV1978;Dirkkuu;;;;;;;;;;;;;x
PROV1979;Biggu;;;;;;;;;;;;;x
PROV1980;Nguqian;;;;;;;;;;;;;x
PROV1981;Unaa;;;;;;;;;;;;;x
PROV1982;Iiqsiiq;;;;;;;;;;;;;x
PROV1983;Sittut;;;;;;;;;;;;;x
PROV1984;Inuu;;;;;;;;;;;;;x
PROV1985;Ngiisus;;;;;;;;;;;;;x
PROV1986;Jinu;;;;;;;;;;;;;x
PROV1987;Kiknukpiq;;;;;;;;;;;;;x
PROV1988;Taatquu;;;;;;;;;;;;;x
PROV1989;Gar;;;;;;;;;;;;;x
PROV1990;Iippi;;;;;;;;;;;;;x
PROV1991;Huvir;;;;;;;;;;;;;x
PROV1992;Itsaa;;;;;;;;;;;;;x
PROV1993;Hujaav;;;;;;;;;;;;;x
PROV1994;Uvir;;;;;;;;;;;;;x
PROV1995;Mav;;;;;;;;;;;;;x
PROV1996;Ngistaa;;;;;;;;;;;;;x
PROV1997;Aammii;;;;;;;;;;;;;x
PROV1998;Aagi;;;;;;;;;;;;;x
PROV1999;Guuk;;;;;;;;;;;;;x
PROV2000;Disa;;;;;;;;;;;;;x
PROV2001;Fios;;;;;;;;;;;;;x
PROV2002;Pat;;;;;;;;;;;;;x
PROV2003;Pees;;;;;;;;;;;;;x
PROV2004;Wff;;;;;;;;;;;;;x
PROV2005;Sipdish Isles;;;;;;;;;;;;;x
PROV2006;Ptudg;;;;;;;;;;;;;x
PROV2007;Khito;;;;;;;;;;;;;x
PROV2008;Ruwos;;;;;;;;;;;;;x
PROV2009;Chewta;;;;;;;;;;;;;x
PROV2010;Pifi;;;;;;;;;;;;;x
PROV2011;Tt'apj'anm;;;;;;;;;;;;;x
PROV2012;Mfj'ags'atpj'a;;;;;;;;;;;;;x
PROV2013;Tt'ags'akhs;;;;;;;;;;;;;x
PROV2014;J'atpj'aspt;;;;;;;;;;;;;x
PROV2015;Tr'aphj'abb'atg;;;;;;;;;;;;;x
PROV2016;Dt'ajj'aphj'abb;;;;;;;;;;;;;x
PROV2017;'Ath'afchf'atg;;;;;;;;;;;;;x
PROV2018;Dfj'ags'atg;;;;;;;;;;;;;x
PROV2019;Ps'ajj'abb;;;;;;;;;;;;;x
PROV2020;Wm'afchf'anm;;;;;;;;;;;;;x
PROV2021;Tt'a'appht;;;;;;;;;;;;;x
PROV2022;Wm'aphj'aggch'ath;;;;;;;;;;;;;x
PROV2023;Gtj'ajj'az;;;;;;;;;;;;;x
PROV2024;'Atpj'asb;;;;;;;;;;;;;x
PROV2025;J'asks'apj'a;;;;;;;;;;;;;x
PROV2026;Tt'ath'aspt;;;;;;;;;;;;;x
PROV2027;Ch'aphj'akhs;;;;;;;;;;;;;x
PROV2028;Mhm'afchf'abb;;;;;;;;;;;;;x
PROV2029;Dt'ags'ath'ath;;;;;;;;;;;;;x
PROV2030;Tr'ajj'akhs;;;;;;;;;;;;;x
PROV2031;Gtj'abb'aggch'a;;;;;;;;;;;;;x
PROV2032;Gtj'apj'ajj'appht;;;;;;;;;;;;;x
PROV2033;Tr'ath'ajj'akhs;;;;;;;;;;;;;x
PROV2034;Dt'ags'atg;;;;;;;;;;;;;x
PROV2035;Ptj'apj'afchf'akhs;;;;;;;;;;;;;x
PROV2036;Wh'afchf'ajj'asb;;;;;;;;;;;;;x
PROV2037;'Ath'amm'apjp;;;;;;;;;;;;;x
PROV2038;Mjhm'a'asb;;;;;;;;;;;;;x
PROV2039;Dt'ath'ath'a;;;;;;;;;;;;;x
PROV2040;Tt'amm'abb'a;;;;;;;;;;;;;x
PROV2041;Wm'ath'akhs;;;;;;;;;;;;;x
PROV2042;Gtj'ags'appht;;;;;;;;;;;;;x
PROV2043;Dt'aphj'aspt;;;;;;;;;;;;;x
PROV2044;Mfj'afchf'appht;;;;;;;;;;;;;x
PROV2045;'Ath'ajs;;;;;;;;;;;;;x
PROV2046;'Amm'ath'anm;;;;;;;;;;;;;x
PROV2047;Tr'ath'akhs;;;;;;;;;;;;;x
PROV2048;Ps'asks'atg;;;;;;;;;;;;;x
PROV2049;J'asks'asks'a;;;;;;;;;;;;;x
PROV2050;Tt'afchf'afchf'anm;;;;;;;;;;;;;x
PROV2051;Mhm'afchf'amm'a;;;;;;;;;;;;;x
PROV2052;Dt'asks'akhs;;;;;;;;;;;;;x
PROV2053;Th'atpj'aspt;;;;;;;;;;;;;x
PROV2054;Wm'a'ann;;;;;;;;;;;;;x
PROV2055;Dfj'ath'aspt;;;;;;;;;;;;;x
PROV2056;Wh'amm'ath'a;;;;;;;;;;;;;x
PROV2057;Wh'ags'asb;;;;;;;;;;;;;x
PROV2058;Dt'apj'afchf'aspt;;;;;;;;;;;;;x
PROV2059;Mfj'asks'arz;;;;;;;;;;;;;x
PROV2060;J'asks'anm;;;;;;;;;;;;;x
PROV2061;'Amm'apjp;;;;;;;;;;;;;x
PROV2062;Dfj'apj'ath;;;;;;;;;;;;;x
PROV2063;'Afchf'arz;;;;;;;;;;;;;x
PROV2064;Wh'ath'ags'a;;;;;;;;;;;;;x
PROV2065;Tt'ags'az;;;;;;;;;;;;;x
PROV2066;Wh'abb'ajj'a;;;;;;;;;;;;;x
PROV2067;Ch'abb'abb'atg;;;;;;;;;;;;;x
PROV2068;'Aggch'ags'ath;;;;;;;;;;;;;x
PROV2069;Aepiesa;;;;;;;;;;;;;x
PROV2070;Asfo;;;;;;;;;;;;;x
PROV2071;Epoe;;;;;;;;;;;;;x
PROV2072;Uemae;;;;;;;;;;;;;x
PROV2073;Fofieg;;;;;;;;;;;;;x
PROV2074;Tgetes;;;;;;;;;;;;;x
PROV2075;Oefahe;;;;;;;;;;;;;x
PROV2076;Nanue;;;;;;;;;;;;;x
PROV2077;Hapa;;;;;;;;;;;;;x
PROV2078;Pagadh;;;;;;;;;;;;;x
PROV2079;Uefae;;;;;;;;;;;;;x
PROV2080;Aevoe;;;;;;;;;;;;;x
PROV2081;Hgiehiefaedh;;;;;;;;;;;;;x
PROV2082;Nied;;;;;;;;;;;;;x
PROV2083;Atue;;;;;;;;;;;;;x
PROV2084;Fabif;;;;;;;;;;;;;x
PROV2085;Hgipa;;;;;;;;;;;;;x
PROV2086;Uepae;;;;;;;;;;;;;x
PROV2087;Oemigst;;;;;;;;;;;;;x
PROV2088;Hapue;;;;;;;;;;;;;x
PROV2089;Paeshejg;;;;;;;;;;;;;x
PROV2090;Buebaej;;;;;;;;;;;;;x
PROV2091;Fabtued;;;;;;;;;;;;;x
PROV2092;Muefue;;;;;;;;;;;;;x
PROV2093;Notu;;;;;;;;;;;;;x
PROV2094;Tgen;;;;;;;;;;;;;x
PROV2095;Hemmoes;;;;;;;;;;;;;x
PROV2096;Gjùmeoj;;;;;;;;;;;;;x
PROV2097;Jeopajùb;;;;;;;;;;;;;x
PROV2098;Paed;;;;;;;;;;;;;x
PROV2099;Kyeba;;;;;;;;;;;;;x
PROV2100;Hoedh;;;;;;;;;;;;;x
PROV2101;Pgegst;;;;;;;;;;;;;x
PROV2102;Aefae;;;;;;;;;;;;;x
PROV2103;Ospmas;;;;;;;;;;;;;x
PROV2104;Suew'ijg;;;;;;;;;;;;;x
PROV2105;Sogùn;;;;;;;;;;;;;x
PROV2106;Piet;;;;;;;;;;;;;x
PROV2107;Nyegjù;;;;;;;;;;;;;x
PROV2108;Nibue;;;;;;;;;;;;;x
PROV2109;Oemma;;;;;;;;;;;;;x
PROV2110;Dëshdzin;;;;;;;;;;;;;x
PROV2111;Jojoödb;;;;;;;;;;;;;x
PROV2112;Zeëdz;;;;;;;;;;;;;x
PROV2113;Gëshdzen;;;;;;;;;;;;;x
PROV2114;Eper;;;;;;;;;;;;;x
PROV2115;Mëdeë;;;;;;;;;;;;;x
PROV2116;Jëznpushud;;;;;;;;;;;;;x
PROV2117;Roöp;;;;;;;;;;;;;x
PROV2118;Chushëdz;;;;;;;;;;;;;x
PROV2119;Ban;;;;;;;;;;;;;x
PROV2120;Jiwo;;;;;;;;;;;;;x
PROV2121;Hechyhju;;;;;;;;;;;;;x
PROV2122;Pinit;;;;;;;;;;;;;x
PROV2123;Pgit;;;;;;;;;;;;;x
PROV2124;Haeh;;;;;;;;;;;;;x
PROV2125;Pjaew;;;;;;;;;;;;;x
PROV2126;Kahem;;;;;;;;;;;;;x
PROV2127;J'ib;;;;;;;;;;;;;x
PROV2128;Gepo;;;;;;;;;;;;;x
PROV2129;Kùjg;;;;;;;;;;;;;x
PROV2130;Nonjo;;;;;;;;;;;;;x
PROV2131;Pjae;;;;;;;;;;;;;x
PROV2132;Gamed;;;;;;;;;;;;;x
PROV2133;Peow;;;;;;;;;;;;;x
PROV2134;Jyenu;;;;;;;;;;;;;x
PROV2135;Buenjed;;;;;;;;;;;;;x
PROV2136;Gugi;;;;;;;;;;;;;x
PROV2137;Nin;;;;;;;;;;;;;x
PROV2138;Owon;;;;;;;;;;;;;x
PROV2139;Kijnd;;;;;;;;;;;;;x
PROV2140;Tzouj;;;;;;;;;;;;;x
PROV2141;Y'tadhai;;;;;;;;;;;;;x
PROV2142;Daadoun;;;;;;;;;;;;;x
PROV2143;Kokou;;;;;;;;;;;;;x
PROV2144;Tzor;;;;;;;;;;;;;x
PROV2145;Y'teo;;;;;;;;;;;;;x
PROV2146;Thrik;;;;;;;;;;;;;x
PROV2147;Redz;;;;;;;;;;;;;x
PROV2148;Zuam;;;;;;;;;;;;;x
PROV2149;Vizh;;;;;;;;;;;;;x
PROV2150;Thedhon;;;;;;;;;;;;;x
PROV2151;Druas;;;;;;;;;;;;;x
PROV2152;Dhuza;;;;;;;;;;;;;x
PROV2153;Chaum;;;;;;;;;;;;;x
PROV2154;Mezhauw;;;;;;;;;;;;;x
PROV2155;Dezhduoch;;;;;;;;;;;;;x
PROV2156;Seshethdua;;;;;;;;;;;;;x
PROV2157;Fuog;;;;;;;;;;;;;x
PROV2158;Zhkun;;;;;;;;;;;;;x
PROV2159;Uow;;;;;;;;;;;;;x
PROV2160;Wriedrath;;;;;;;;;;;;;x
PROV2161;Dhruo;;;;;;;;;;;;;x
PROV2162;Muzko;;;;;;;;;;;;;x
PROV2163;Chak;;;;;;;;;;;;;x
PROV2164;Roujdiehwu;;;;;;;;;;;;;x
PROV2165;Moud;;;;;;;;;;;;;x
PROV2166;Shan;;;;;;;;;;;;;x
PROV2167;Tham;;;;;;;;;;;;;x
PROV2168;Sufraumn;;;;;;;;;;;;;x
PROV2169;Kaungech;;;;;;;;;;;;;x
PROV2170;Shrean;;;;;;;;;;;;;x
PROV2171;Wraudz;;;;;;;;;;;;;x
PROV2172;Dhuzhihw;;;;;;;;;;;;;x
PROV2173;Zhouv;;;;;;;;;;;;;x
PROV2174;Hwemef;;;;;;;;;;;;;x
PROV2175;Tawang;;;;;;;;;;;;;x
PROV2176;Nguw;;;;;;;;;;;;;x
PROV2177;Shras;;;;;;;;;;;;;x
PROV2178;Fung;;;;;;;;;;;;;x
PROV2179;Sauzhdie;;;;;;;;;;;;;x
PROV2180;Wiengoummau;;;;;;;;;;;;;x
PROV2181;Fucho;;;;;;;;;;;;;x
PROV2182;Faztu;;;;;;;;;;;;;x
PROV2183;Kant;;;;;;;;;;;;;x
PROV2184;Dhroumn;;;;;;;;;;;;;x
PROV2185;Zhkuadhdi;;;;;;;;;;;;;x
PROV2186;Zkea;;;;;;;;;;;;;x
PROV2187;Wiezhtauta;;;;;;;;;;;;;x
PROV2188;Gyej;;;;;;;;;;;;;x
PROV2189;Mued;;;;;;;;;;;;;x
PROV2190;Oshedzeëb;;;;;;;;;;;;;x
PROV2191;Reërq;;;;;;;;;;;;;x
PROV2192;Ashe;;;;;;;;;;;;;x
PROV2193;Ugi;;;;;;;;;;;;;x
PROV2194;Iman;;;;;;;;;;;;;x
PROV2195;Fodh;;;;;;;;;;;;;x
PROV2196;Pgube-Pi;;;;;;;;;;;;;x
PROV2197;Poefue;;;;;;;;;;;;;x
PROV2198;Bommaef;;;;;;;;;;;;;x
PROV2199;Hod;;;;;;;;;;;;;x
PROV2200;Gibtasfu;;;;;;;;;;;;;x
PROV2201;Upue;;;;;;;;;;;;;x
PROV2202;Taspma;;;;;;;;;;;;;x
PROV2203;Begst;;;;;;;;;;;;;x
PROV2204;Iemes;;;;;;;;;;;;;x
PROV2205;Giep;;;;;;;;;;;;;x
PROV2206;Esoespma;;;;;;;;;;;;;x
PROV2207;Hammoebos;;;;;;;;;;;;;x
PROV2208;Tuemaet;;;;;;;;;;;;;x
PROV2209;Gub-Fosoe;;;;;;;;;;;;;x
PROV2210;Huespmit;;;;;;;;;;;;;x
PROV2211;Pgape;;;;;;;;;;;;;x
PROV2212;Aho;;;;;;;;;;;;;x
PROV2213;Gegin;;;;;;;;;;;;;x
PROV2214;Gjon;;;;;;;;;;;;;x
PROV2215;Bied;;;;;;;;;;;;;x
PROV2216;Buesfiet;;;;;;;;;;;;;x
PROV2217;Dongu;;;;;;;;;;;;;x
PROV2218;Thuach;;;;;;;;;;;;;x
PROV2219;Dhomn;;;;;;;;;;;;;x
PROV2220;Dzehw;;;;;;;;;;;;;x
PROV2221;Zhuash;;;;;;;;;;;;;x
PROV2222;Muag;;;;;;;;;;;;;x
PROV2223;Ruozh;;;;;;;;;;;;;x
PROV2224;Zhkuad;;;;;;;;;;;;;x
PROV2225;Thauchau;;;;;;;;;;;;;x
PROV2226;Dhekehwea;;;;;;;;;;;;;x
PROV2227;Hwef;;;;;;;;;;;;;x
PROV2228;Freathdoung;;;;;;;;;;;;;x
PROV2229;Dauzhuzh;;;;;;;;;;;;;x
PROV2230;Dhuad;;;;;;;;;;;;;x
PROV2231;Gefu;;;;;;;;;;;;;x
PROV2232;Wrouthdie;;;;;;;;;;;;;x
PROV2233;Zhuze;;;;;;;;;;;;;x
PROV2234;Suzkedz;;;;;;;;;;;;;x
PROV2235;Thufre;;;;;;;;;;;;;x
PROV2236;Diehw;;;;;;;;;;;;;x
PROV2237;Chemn;;;;;;;;;;;;;x
PROV2238;Mrou;;;;;;;;;;;;;x
PROV2239;Mezi;;;;;;;;;;;;;x
PROV2240;Vezhtedhdou;;;;;;;;;;;;;x
PROV2241;Rouzhokshie;;;;;;;;;;;;;x
PROV2242;Thissou;;;;;;;;;;;;;x
PROV2243;Riemie;;;;;;;;;;;;;x
PROV2244;Dhiewu;;;;;;;;;;;;;x  
PROV3055;Niiz Moji;x
PROV3056;Mra-ouswun;x
PROV3057;Niiz Jadhov;x
PROV3058;Niiz Kan;x
PROV3059;Ragor;x
PROV3060;Bir;x
PROV3061;Mójib;x##### BODIES OF WATER BELOW #######
PROV2245;Nozh¼ Bay;;;;;;;;;;;;;x
PROV2246;Coast of Dhuknâg;;;;;;;;;;;;;x
PROV2247;Coast of Ashouw Island;;;;;;;;;;;;;x
PROV2248;North Diwvish Bay;;;;;;;;;;;;;x
PROV2249;Pruuntish Rocks;;;;;;;;;;;;;x
PROV2250;South Diwvish Bay;;;;;;;;;;;;;x
PROV2251;Diwvish Seamounts;;;;;;;;;;;;;x
PROV2252;Coast of Jiishanâg;;;;;;;;;;;;;x
PROV2253;Nozhbau Bay;;;;;;;;;;;;;x
PROV2254;Cape Jozha;;;;;;;;;;;;;x
PROV2255;Bay of the Reuhriz;;;;;;;;;;;;;x
PROV2256;Gulf of Tahsrot;;;;;;;;;;;;;x
PROV2257;Cape Fâdt;;;;;;;;;;;;;x
PROV2258;Coast of the Kovan Isles;;;;;;;;;;;;;x
PROV2259;The Foggy Coast;;;;;;;;;;;;;x
PROV2260;West Cape Nexabo;;;;;;;;;;;;;x
PROV2261;Eastern Cape;;;;;;;;;;;;;x
PROV2262;Bay of V¼zza;;;;;;;;;;;;;x
PROV2263;The Tzykoums;;;;;;;;;;;;;x
PROV2264;Mruudiw Sea;;;;;;;;;;;;;x
PROV2265;Saema's Haven;;;;;;;;;;;;;x
PROV2266;Kovan Shoals;;;;;;;;;;;;;x
PROV2267;Cape Tykaaw;;;;;;;;;;;;;x
PROV2268;Sea of Thaykum;;;;;;;;;;;;;x
PROV2269;Coast of Chyivit;;;;;;;;;;;;;x
PROV2270;Great Red Bay;;;;;;;;;;;;;x
PROV2271;Strait of Gochhuib;;;;;;;;;;;;;x
PROV2272;Coast of Tovu;;;;;;;;;;;;;x
PROV2273;Hithy Bight;;;;;;;;;;;;;x
PROV2274;Mouth of the Habmogy;;;;;;;;;;;;;x
PROV2275;Firth of Hoob;;;;;;;;;;;;;x
PROV2276;Coast of Pieme;;;;;;;;;;;;;x
PROV2277;South Paup Sat;;;;;;;;;;;;;x
PROV2278;North Paup Sat;;;;;;;;;;;;;x
PROV2279;The Iron Straits;;;;;;;;;;;;;x
PROV2280;North Vazunak Sea;;;;;;;;;;;;;x
PROV2281;Mum Meke;;;;;;;;;;;;;x
PROV2282;Coast of Bog;;;;;;;;;;;;;x
PROV2283;Coast of Tufume Archipelago;;;;;;;;;;;;;x
PROV2284;South Vazunak Sea;;;;;;;;;;;;;x
PROV2285;Coast of Ojap;;;;;;;;;;;;;x
PROV2286;Bay of Takemog;;;;;;;;;;;;;x
PROV2287;Cape Tegou;;;;;;;;;;;;;x
PROV2288;Coast of Maus;;;;;;;;;;;;;x
PROV2289;Miegpaup Bay;;;;;;;;;;;;;x
PROV2290;Mouth of the Zoa;;;;;;;;;;;;;x
PROV2291;Coast of Yamajoury;;;;;;;;;;;;;x
PROV2292;Bogoran Sea;;;;;;;;;;;;;x
PROV2293;Coast of Kahem;;;;;;;;;;;;;x
PROV2294;Pentapode Bay;;;;;;;;;;;;;x
PROV2295;Vepht Head;;;;;;;;;;;;;x
PROV2296;King's Causeway;;;;;;;;;;;;;x
PROV2297;Paukzhodo Channel;;;;;;;;;;;;;x
PROV2298;Coast of Vadobeth;;;;;;;;;;;;;x
PROV2299;Bay of Fire;;;;;;;;;;;;;x
PROV2300;Troglodytic Coast;;;;;;;;;;;;;x
PROV2301;Cape Bukamo;;;;;;;;;;;;;x
PROV2302;Imperial Coast;;;;;;;;;;;;;x
PROV2303;Coast of Boyab;;;;;;;;;;;;;x
PROV2304;Throne's Mouth;;;;;;;;;;;;;x
PROV2305;Bay of the Throne;;;;;;;;;;;;;x
PROV2306;Bay of the Chamberlain;;;;;;;;;;;;;x
PROV2307;Western Paukzhodo Sea;;;;;;;;;;;;;x
PROV2308;Coast of Spears;;;;;;;;;;;;;x
PROV2309;Bight of Paukzhodo;;;;;;;;;;;;;x
PROV2310;The Sandy Sea;;;;;;;;;;;;;x
PROV2311;Zadak Coast;;;;;;;;;;;;;x
PROV2312;Teshue Channel;;;;;;;;;;;;;x
PROV2313;Mouth of the Vodt;;;;;;;;;;;;;x
PROV2314;The Silent Sea;;;;;;;;;;;;;x
PROV2315;Land's End;;;;;;;;;;;;;x
PROV2316;Cliff Coast;;;;;;;;;;;;;x
PROV2317;Spear-point Gulf;;;;;;;;;;;;;x
PROV2318;Coast of Gaub;;;;;;;;;;;;;x
PROV2319;Cliffs of Shinja;;;;;;;;;;;;;x
PROV2320;Aptzivan Bight;;;;;;;;;;;;;x
PROV2321;The Savage Cape;;;;;;;;;;;;;x
PROV2322;Burning Approaches;;;;;;;;;;;;;x
PROV2323;East Cape Nexabo;;;;;;;;;;;;;x
PROV2324;Great Kovan Reefs;;;;;;;;;;;;;x
PROV2325;The Rechtkist Coast;;;;;;;;;;;;;x
PROV2326;The Dry Coast;;;;;;;;;;;;;x
PROV2327;The Shibun Current;;;;;;;;;;;;;x
PROV2328;Coast of Theaz;;;;;;;;;;;;;x
PROV2329;Fazh Nopt Coast;;;;;;;;;;;;;x
PROV2330;The Fucho Joms;;;;;;;;;;;;;x
PROV2331;Qooxib's Crossing;;;;;;;;;;;;;x
PROV2332;Bight of Suzkedz;;;;;;;;;;;;;x
PROV2333;North Zhafkupo Sea;;;;;;;;;;;;;x
PROV2334;The Galley Coast;;;;;;;;;;;;;x
PROV2335;Mouth of the Vetchk;;;;;;;;;;;;;x
PROV2336;Coast of Chiwyira;;;;;;;;;;;;;x
PROV2337;Cape Finyow;;;;;;;;;;;;;x
PROV2338;Sea of Ohochk;;;;;;;;;;;;;x
PROV2339;The Grain Coast;;;;;;;;;;;;;x
PROV2340;Great Wrikyin Persyps;;;;;;;;;;;;;x
PROV2341;King's Coast;;;;;;;;;;;;;x
PROV2342;Cape Caigur;;;;;;;;;;;;;x
PROV2343;Mouth of the Caigur;;;;;;;;;;;;;x
PROV2344;Cape Bangher;;;;;;;;;;;;;x
PROV2345;The Gussan Beds;;;;;;;;;;;;;x
PROV2346;Bhuspaubhan Rocks;;;;;;;;;;;;;x
PROV2347;Coast of Jaju;;;;;;;;;;;;;x
PROV2348;The Founders;;;;;;;;;;;;;x
PROV2349;Rainy Cape;;;;;;;;;;;;;x
PROV2350;Coast of Usiq;;;;;;;;;;;;;x
PROV2351;Coast of Chrurg Island;;;;;;;;;;;;;x
PROV2352;The Tea Coast;;;;;;;;;;;;;x
PROV2353;Bight of the Great Khan;;;;;;;;;;;;;x
PROV2354;Bziog Delta;;;;;;;;;;;;;x
PROV2355;South Cape Tiamten;;;;;;;;;;;;;x
PROV2356;North Cape Tiamten;;;;;;;;;;;;;x
PROV2357;Cape Zhek;;;;;;;;;;;;;x
PROV2358;Twin Bay Bight;;;;;;;;;;;;;x
PROV2359;Left Thumb Bay;;;;;;;;;;;;;x
PROV2360;Cape Bozzak;;;;;;;;;;;;;x
PROV2361;Right Thumb Bay;;;;;;;;;;;;;x
PROV2362;Bight of Cherassland;;;;;;;;;;;;;x
PROV2363;Mozzo's Rock;;;;;;;;;;;;;x
PROV2364;Coast of Rurch;;;;;;;;;;;;;x
PROV2365;Strait of Midod;;;;;;;;;;;;;x
PROV2366;Juruntine Channel;;;;;;;;;;;;;x
PROV2367;Channel's Mouth;;;;;;;;;;;;;x
PROV2368;Bay of Charchland;;;;;;;;;;;;;x
PROV2369;Sea of Charchland;;;;;;;;;;;;;x
PROV2370;Sea of Lights;;;;;;;;;;;;;x
PROV2371;Bight of The Juruntine;;;;;;;;;;;;;x
PROV2372;Coast of Mosar;;;;;;;;;;;;;x
PROV2373;Coast of Njinye;;;;;;;;;;;;;x
PROV2374;Yussangum Bay;;;;;;;;;;;;;x
PROV2375;Blue Coast;;;;;;;;;;;;;x
PROV2376;Sea of Hrnid;;;;;;;;;;;;;x
PROV2377;Dhob Island;;;;;;;;;;;;;x
PROV2378;Frurgid Sea;;;;;;;;;;;;;x
PROV2379;Coast of the Dhruzd;;;;;;;;;;;;;x
PROV2380;Bay of Dzöshdzeëreënd;;;;;;;;;;;;;x
PROV2381;Coast of Bösharë;;;;;;;;;;;;;x
PROV2382;Cape Krumte;;;;;;;;;;;;;x
PROV2383;Bight of Khrayland;;;;;;;;;;;;;x
PROV2384;Outer Long Tongue Gulf;;;;;;;;;;;;;x
PROV2385;Inner Long Tongue Gulf;;;;;;;;;;;;;x
PROV2386;Coast of Redza;;;;;;;;;;;;;x
PROV2387;Bay of Chömebed;;;;;;;;;;;;;x
PROV2388;Bodshii Seadbed;;;;;;;;;;;;;x
PROV2389;Great Northern Bay;;;;;;;;;;;;;x
PROV2390;Zhadnozo Channel;;;;;;;;;;;;;x
PROV2391;Coast of Sesy;;;;;;;;;;;;;x
PROV2392;Coast of Mress;;;;;;;;;;;;;x
PROV2393;Zhadnozogid Sea;;;;;;;;;;;;;x
PROV2394;Mstindah Head;;;;;;;;;;;;;x
PROV2395;South Cape Nywut;;;;;;;;;;;;;x
PROV2396;North Cape Nywut;;;;;;;;;;;;;x
PROV2397;Bay of Nikwiss;;;;;;;;;;;;;x
PROV2398;Coast of Niiz Zhidzha;;;;;;;;;;;;;x
PROV2399;Coast of Ata;;;;;;;;;;;;;x
PROV2400;The Blubber Coast;;;;;;;;;;;;;x
PROV2401;The Green Coast;;;;;;;;;;;;;x
PROV2402;Bay of Tuthe;;;;;;;;;;;;;x
PROV2403;Chömebed Head;;;;;;;;;;;;;x
PROV2404;The Beastial Coast;;;;;;;;;;;;;x
PROV2405;Coast of Ute;;;;;;;;;;;;;x
PROV2406;Coast of Rajom;;;;;;;;;;;;;x
PROV2407;Channel of Hohraethy;;;;;;;;;;;;;x
PROV2408;Cape Amou;;;;;;;;;;;;;x
PROV2409;Pizhpt Mellows;;;;;;;;;;;;;x
PROV2410;Cape of the Hruss;;;;;;;;;;;;;x
PROV2411;Little Dozh Bight;;;;;;;;;;;;;x
PROV2412;Coast of Hyutdaav;;;;;;;;;;;;;x
PROV2413;Ghurv Rocks;;;;;;;;;;;;;x
PROV2414;Bay of the Hruss;;;;;;;;;;;;;x
PROV2415;Paha Coast;;;;;;;;;;;;;x
PROV2416;Coast of the Sarengi;;;;;;;;;;;;;x
PROV2417;Bay of Isaudaav;;;;;;;;;;;;;x
PROV2418;The Fetid Coast;;;;;;;;;;;;;x
PROV2419;Pöb Delta;;;;;;;;;;;;;x
PROV2420;Sea of Idarm;;;;;;;;;;;;;x
PROV2421;Coast of Nan Tsetk;;;;;;;;;;;;;x
PROV2422;Lower Tsetk Islands;;;;;;;;;;;;;x
PROV2423;The Calm Sea;;;;;;;;;;;;;x
PROV2424;Bay of the Great Cape;;;;;;;;;;;;;x
PROV2425;North Great Cape;;;;;;;;;;;;;x
PROV2426;South Great Cape;;;;;;;;;;;;;x
PROV2427;Coast of Dats;;;;;;;;;;;;;x
PROV2428;Coast of Hospmue;;;;;;;;;;;;;x
PROV2429;Coast of Flowers;;;;;;;;;;;;;x
PROV2430;Bâzajop Islands;;;;;;;;;;;;;x
PROV2431;Bay of Blue Bile;;;;;;;;;;;;;x
PROV2432;Kadnua Delta;;;;;;;;;;;;;x
PROV2433;Pig's Head;;;;;;;;;;;;;x
PROV2434;Kizzanat's Rest;;;;;;;;;;;;;x
PROV2435;Mae Island Channel;;;;;;;;;;;;;x
PROV2436;The Sea of the Pomigs;;;;;;;;;;;;;x
PROV2437;Coast of Asfo;;;;;;;;;;;;;x
PROV2438;Cape of Kizzanat;;;;;;;;;;;;;x
PROV2439;Coast of Epoe;;;;;;;;;;;;;x
PROV2440;The Frigid Coast;;;;;;;;;;;;;x
PROV2441;Coast of Nanue;;;;;;;;;;;;;x
PROV2442;Coast of Fofieg;;;;;;;;;;;;;x
PROV2443;Eastern Wushauw Coast;;;;;;;;;;;;;x
PROV2444;Central Wushauw Coast;;;;;;;;;;;;x
PROV2445;Western Wushauw Coast;;;;;;;;;;;;;x
PROV2446;Coast of Dhekehwea;;;;;;;;;;;;;x
PROV2447;Admiral Praashab Bay;;;;;;;;;;;;;x
PROV2448;Firth of Chemn;;;;;;;;;;;;;x
PROV2449;Bay of Mezi;;;;;;;;;;;;;x
PROV2450;Coast of Ruasi;;;;;;;;;;;;;x
PROV2451;Kizzanat's Current;;;;;;;;;;;;;x
PROV2452;Off Great Cape;;;;;;;;;;;;;x
PROV2453;Ishnapt Ocean;;;;;;;;;;;;;x
PROV2454;Coast of Gozomedes Island;;;;;;;;;;;;;x
PROV2455;Coast of the Hrusaan Isles;;;;;;;;;;;;;x
PROV2456;Great Hrusaan Bight;;;;;;;;;;;;;x
PROV2457;Coast of Taafraavsk;;;;;;;;;;;;;x
PROV2458;Coast of Vivkied;;;;;;;;;;;;;x
PROV2459;Hrusaan Micronesia;;;;;;;;;;;;;x
PROV2460;The Eastern Doldrums;;;;;;;;;;;;;x
PROV2461;The Shobgizob Current;;;;;;;;;;;;;x
PROV2462;The Shobgizob Pull;;;;;;;;;;;;;x
PROV2463;Northern Sea of Daunuk;;;;;;;;;;;;;x
PROV2464;Southern Sea of Daunuk;;;;;;;;;;;;;x
PROV2465;Coast of Shobgizob;;;;;;;;;;;;;x
PROV2466;Bay of Uurngiik;;;;;;;;;;;;;x
PROV2467;Real Gizob Coast;;;;;;;;;;;;;x
PROV2468;Coast of Mav;;;;;;;;;;;;;x
PROV2469;Coast of Parrots;;;;;;;;;;;;;x
PROV2470;Bay of Kaqka;;;;;;;;;;;;;x
PROV2471;Coast of Hujaav;;;;;;;;;;;;;x
PROV2472;Bay of Tribute Ships;;;;;;;;;;;;;x
PROV2473;Coast of Jinu;;;;;;;;;;;;;x
PROV2474;Bay of the Great Vewug;;;;;;;;;;;;;x
PROV2475;Strait of Baastuu;;;;;;;;;;;;;x
PROV2476;Maagland Coast;;;;;;;;;;;;;x
PROV2477;Land's End;;;;;;;;;;;;;x
PROV2478;The Blessed Coast;;;;;;;;;;;;;x
PROV2479;The Jagged Coast;;;;;;;;;;;;;x
PROV2480;Cape Qaatii;;;;;;;;;;;;;x
PROV2481;Bay of Niiz Qaataa;;;;;;;;;;;;;x
PROV2482;Coast of Duk;;;;;;;;;;;;;x
PROV2483;Coast of Juutqaa;;;;;;;;;;;;;x
PROV2484;Coast of Chet;;;;;;;;;;;;;x
PROV2485;The Pees Banks;;;;;;;;;;;;;x
PROV2486;The Fid Volcanic Seabed;;;;;;;;;;;;;x
PROV2487;Gibberishling's Bay;;;;;;;;;;;;;x
PROV2488;The Stony Coast;;;;;;;;;;;;;x
PROV2489;ApMoswie's Haven;;;;;;;;;;;;;x
PROV2490;The Jellyfish Coast;;;;;;;;;;;;;x
PROV2491;Wind's End;;;;;;;;;;;;;x
PROV2492;Northern Haven;;;;;;;;;;;;;x
PROV2493;The Stormy Coast;;;;;;;;;;;;;x
PROV2494;The Cape of Storms;;;;;;;;;;;;;x
PROV2495;The Gale Coast;;;;;;;;;;;;;x
PROV2496;Turntail Coast;;;;;;;;;;;;;x
PROV2497;Eastern Coast;;;;;;;;;;;;;x
PROV2498;Bay of Reprieve;;;;;;;;;;;;;x
PROV2499;The Southern Rocks;;;;;;;;;;;;;x
PROV2500;Northern Sea of Shobgizob;;;;;;;;;;;;;x
PROV2501;Bâzajop's Bight;;;;;;;;;;;;;x
PROV2502;Northern Shobgizob Fissure;;;;;;;;;;;;;x
PROV2503;The Southeasterlies;;;;;;;;;;;;;x
PROV2504;Kadnua Sedimentaries;;;;;;;;;;;;;x
PROV2505;Central Shobgizob Fissure;;;;;;;;;;;;;x
PROV2506;Central Shobgizob Sea;;;;;;;;;;;;;x
PROV2507;The Bountiful Sea;;;;;;;;;;;;;x
PROV2508;Western Shobgizob Sea;;;;;;;;;;;;;x
PROV2509;Frezhine Sea;;;;;;;;;;;;;x
PROV2510;Coast of Pazh Island;;;;;;;;;;;;;x
PROV2511;Coast of Aammii;;;;;;;;;;;;;x
PROV2512;Frezine Micronesia;;;;;;;;;;;;;x
PROV2513;Coast of Ngistaa;;;;;;;;;;;;;x
PROV2514;Shobgizob Approaches;;;;;;;;;;;;;x
PROV2515;Coast of Guuk;;;;;;;;;;;;;x
PROV2516;Coast of Slaughter;;;;;;;;;;;;;x
PROV2517;Chetine Corals;;;;;;;;;;;;;x
PROV2518;Coast of Aagi;;;;;;;;;;;;;x
PROV2519;Western Sea of the Vewug;;;;;;;;;;;;;x
PROV2520;Coast of Vopud Island;;;;;;;;;;;;;x
PROV2521;Sea of the Vewug;;;;;;;;;;;;;x
PROV2522;The Shining Sea;;;;;;;;;;;;;x
PROV2523;Sea of Atolls;;;;;;;;;;;;;x
PROV2524;Lesser Chet Atoll;;;;;;;;;;;;;x
PROV2525;Sea of Devils;;;;;;;;;;;;;x
PROV2526;Eastern Sea of the Vewug;;;;;;;;;;;;;x
PROV2527;Chet Oceanic Seabed;;;;;;;;;;;;;x
PROV2528;West Wff Reefs;;;;;;;;;;;;;x
PROV2529;East Wff Reefs;;;;;;;;;;;;;x
PROV2530;The Wff Moluscing Grounds;;;;;;;;;;;;;x
PROV2531;The Wff Gyres;;;;;;;;;;;;;x
PROV2532;The Wff Fisheries;;;;;;;;;;;;;x
PROV2533;Wff Approaches;;;;;;;;;;;;;x
PROV2534;The Little Siplings;;;;;;;;;;;;;x
PROV2535;Off Cape Hruss;;;;;;;;;;;;;x
PROV2536;The Hrussan Fisheries;;;;;;;;;;;;;x
PROV2537;The North Hruss Current;;;;;;;;;;;;;x
PROV2538;Admiral Oauzhau's Sounding;;;;;;;;;;;;;x
PROV2539;The Oauzhau Enscarpment;;;;;;;;;;;;;x
PROV2540;Sea of Cormorants;;;;;;;;;;;;;x
PROV2541;Vathony's Abyss;;;;;;;;;;;;;x
PROV2542;Jabbutup's Seamounts;;;;;;;;;;;;;x
PROV2543;Shobgizob Seamounts;;;;;;;;;;;;;x
PROV2544;The Ashen Sea;;;;;;;;;;;;;x
PROV2545;Zagkhan Drifts;;;;;;;;;;;;;x
PROV2546;Sippling Approaches;;;;;;;;;;;;;x
PROV2547;Ishnapt Ocean;;;;;;;;;;;;;x
PROV2548;Ishnapt Ocean;;;;;;;;;;;;;x
PROV2549;Ishnapt Ocean;;;;;;;;;;;;;x
PROV2550;Ishnapt Ocean;;;;;;;;;;;;;x
PROV2551;Ishnapt Ocean;;;;;;;;;;;;;x
PROV2552;Ishnapt Ocean;;;;;;;;;;;;;x
PROV2553;Ishnapt Ocean;;;;;;;;;;;;;x
PROV2554;The Siplings;;;;;;;;;;;;;x
PROV2555;Ishnapt Ocean;;;;;;;;;;;;;x
PROV2556;Ishnapt Ocean;;;;;;;;;;;;;x
PROV2557;Ishnapt Ocean;;;;;;;;;;;;;x
PROV2558;Ishnapt Ocean;;;;;;;;;;;;;x
PROV2559;Ishnapt Ocean;;;;;;;;;;;;;x
PROV2560;Ishnapt Ocean;;;;;;;;;;;;;x
PROV2561;Ishnapt Ocean;;;;;;;;;;;;;x
PROV2562;Paznapt Ocean;;;;;;;;;;;;;x
PROV2563;Blue-weed Seas;;;;;;;;;;;;;x
PROV2564;Ishnapt Ocean;;;;;;;;;;;;;x
PROV2565;Ishnapt Ocean;;;;;;;;;;;;;x
PROV2566;Ishnapt Ocean;;;;;;;;;;;;;x
PROV2567;Ishnapt Ocean;;;;;;;;;;;;;x
PROV2568;Ishnapt Ocean;;;;;;;;;;;;;x
PROV2569;Ishnapt Ocean;;;;;;;;;;;;;x
PROV2570;Ishnapt Ocean;;;;;;;;;;;;;x
PROV2571;Paznapt Ocean;;;;;;;;;;;;;x
PROV2572;Ishnapt Ocean;;;;;;;;;;;;;x
PROV2573;Sha-Pomon's Passage;;;;;;;;;;;;;x
PROV2574;Ishnapt Ocean;;;;;;;;;;;;;x
PROV2575;Ishnapt Ocean;;;;;;;;;;;;;x
PROV2576;Ishnapt Ocean;;;;;;;;;;;;;x
PROV2577;Ishnapt Ocean;;;;;;;;;;;;;x
PROV2578;Ishnapt Ocean;;;;;;;;;;;;;x
PROV2579;Ishnapt Ocean;;;;;;;;;;;;;x
PROV2580;Ishnapt Ocean;;;;;;;;;;;;;x
PROV2581;Ishnapt Ocean;;;;;;;;;;;;;x
PROV2582;Paznapt Ocean;;;;;;;;;;;;;x
PROV2583;Ishnapt Ocean;;;;;;;;;;;;;x
PROV2584;Ishnapt Ocean;;;;;;;;;;;;;x
PROV2585;Ishnapt Ocean;;;;;;;;;;;;;x
PROV2586;The Whaapjan Shoals;;;;;;;;;;;;;x
PROV2587;Ishnapt Ocean;;;;;;;;;;;;;x
PROV2588;Ishnapt Ocean;;;;;;;;;;;;;x
PROV2589;Ishnapt Ocean;;;;;;;;;;;;;x
PROV2590;Ishnapt Ocean;;;;;;;;;;;;;x
PROV2591;Ishnapt Ocean;;;;;;;;;;;;;x
PROV2592;Ishnapt Ocean;;;;;;;;;;;;;x
PROV2593;Ishnapt Ocean;;;;;;;;;;;;;x
PROV2594;Ishnapt Ocean;;;;;;;;;;;;;x
PROV2595;Ishnapt Ocean;;;;;;;;;;;;;x
PROV2596;Ishnapt Ocean;;;;;;;;;;;;;x
PROV2597;Coast of Whaapja;;;;;;;;;;;;;x
PROV2598;Ishnapt Ocean;;;;;;;;;;;;;x
PROV2599;Ishnapt Ocean;;;;;;;;;;;;;x
PROV2600;The Northwestern Current;;;;;;;;;;;;;x
PROV2601;Coast of Maskaz Island;;;;;;;;;;;;;x
PROV2602;Sea of Clouds;;;;;;;;;;;;;x
PROV2603;Gojep Rocks;;;;;;;;;;;;;x
PROV2604;The Billows;;;;;;;;;;;;;x
PROV2605;The Blighted Sea;;;;;;;;;;;;;x
PROV2606;The Great Banks;;;;;;;;;;;;;x
PROV2607;The Southeast Current;;;;;;;;;;;;;x
PROV2608;Drangupt Sea;;;;;;;;;;;;;x
PROV2609;Giant's Meeting;;;;;;;;;;;;;x
PROV2610;Praashabs's Current;;;;;;;;;;;;;x
PROV2611;Fathe Approaches;;;;;;;;;;;;;x
PROV2612;Praashabs's Forest;;;;;;;;;;;;;x
PROV2613;The Curved Currents;;;;;;;;;;;;;x
PROV2614;Open Ishnapt;;;;;;;;;;;;;x
PROV2615;Tzau-Orom's Disfigurement;;;;;;;;;;;;;x
PROV2616;Ishnapt Ocean;;;;;;;;;;;;;x
PROV2617;Ishnapt Ocean;;;;;;;;;;;;;x
PROV2618;Ishnapt Ocean;;;;;;;;;;;;;x
PROV2619;Ishnapt Ocean;;;;;;;;;;;;;x
PROV2620;Ishnapt Ocean;;;;;;;;;;;;;x
PROV2621;Ishnapt Ocean;;;;;;;;;;;;;x
PROV2622;Daunu Island;;;;;;;;;;;;;x
PROV2623;The Wousz Kelp Forests;;;;;;;;;;;;;x
PROV2624;Sea of Wousz;;;;;;;;;;;;;x
PROV2625;Coast of Teizzau;;;;;;;;;;;;;x
PROV2626;Ishnapt Ocean;;;;;;;;;;;;;x
PROV2627;Ishnapt Ocean;;;;;;;;;;;;;x
PROV2628;Ishnapt Ocean;;;;;;;;;;;;;x
PROV2629;Ishnapt Ocean;;;;;;;;;;;;;x
PROV2630;Juttepht's Rocks;;;;;;;;;;;;;x
PROV2631;Ishnapt Ocean;;;;;;;;;;;;;x
PROV2632;Ishnapt Ocean;;;;;;;;;;;;;x
PROV2633;Ishnapt Ocean;;;;;;;;;;;;;x
PROV2634;Ishnapt Ocean;;;;;;;;;;;;;x
PROV2635;Ishnapt Ocean;;;;;;;;;;;;;x
PROV2636;Ishnapt Ocean;;;;;;;;;;;;;x
PROV2637;Ishnapt Ocean;;;;;;;;;;;;;x
PROV2638;Ishnapt Ocean;;;;;;;;;;;;;x
PROV2639;Ishnapt Ocean;;;;;;;;;;;;;x
PROV2640;Ishnapt Ocean;;;;;;;;;;;;;x
PROV2641;Ishnapt Ocean;;;;;;;;;;;;;x
PROV2642;Coast of Wousz;;;;;;;;;;;;;x
PROV2643;Ishnapt Ocean;;;;;;;;;;;;;x
PROV2644;Ishnapt Ocean;;;;;;;;;;;;;x
PROV2645;Ishnapt Ocean;;;;;;;;;;;;;x
PROV2646;Ishnapt Ocean;;;;;;;;;;;;;x
PROV2647;Ishnapt Ocean;;;;;;;;;;;;;x
PROV2648;Ishnapt Ocean;;;;;;;;;;;;;x
PROV2649;Ishnapt Ocean;;;;;;;;;;;;;x
PROV2650;Ishnapt Ocean;;;;;;;;;;;;;x
PROV2651;Ishnapt Ocean;;;;;;;;;;;;;x
PROV2652;Ishnapt Ocean;;;;;;;;;;;;;x
PROV2653;Ishnapt Ocean;;;;;;;;;;;;;x
PROV2654;Ishnapt Ocean;;;;;;;;;;;;;x
PROV2655;Ishnapt Ocean;;;;;;;;;;;;;x
PROV2656;Ishnapt Ocean;;;;;;;;;;;;;x
PROV2657;Ishnapt Ocean;;;;;;;;;;;;;x
PROV2658;Ishnapt Ocean;;;;;;;;;;;;;x
PROV2659;Ishnapt Ocean;;;;;;;;;;;;;x
PROV2660;Ishnapt Ocean;;;;;;;;;;;;;x
PROV2661;Ishnapt Ocean;;;;;;;;;;;;;x
PROV2662;Eastern Paukzhodo Sea;;;;;;;;;;;;;x
PROV2663;Shovamedes' Basin;;;;;;;;;;;;;x
PROV2664;The Leeward Currents;;;;;;;;;;;;;x
PROV2665;The Warm Current;;;;;;;;;;;;;x
PROV2666;Ibu's Shoals;;;;;;;;;;;;;x
PROV2667;Great Southern Bight;;;;;;;;;;;;;x
PROV2668;Coast of Pudwou Island;;;;;;;;;;;;;x
PROV2669;The Burning Rises;;;;;;;;;;;;;x
PROV2670;Western Zhibomgid Sea;;;;;;;;;;;;;x
PROV2671;The Savage Sea;;;;;;;;;;;;;x
PROV2672;Southern Zhibomgid Sea;;;;;;;;;;;;;x
PROV2673;The Kovan Rise;;;;;;;;;;;;;x
PROV2674;The Bright Sea;;;;;;;;;;;;;x
PROV2675;Western Zhibom Basin;;;;;;;;;;;;;x
PROV2676;The Sea of Praw;;;;;;;;;;;;;x
PROV2677;Coast of Wrumukiru Island;;;;;;;;;;;;;x
PROV2678;The Bafozhi Current;;;;;;;;;;;;;x
PROV2679;Eastern Zhibomgid Sea;;;;;;;;;;;;;x
PROV2680;The Sea of Shells;;;;;;;;;;;;;x
PROV2681;The Eastward Current;;;;;;;;;;;;;x
PROV2682;Central Zhibomgid Basin;;;;;;;;;;;;;x
PROV2683;Zhakt Drift;;;;;;;;;;;;;x
PROV2684;Mâdh¼ Deeps;;;;;;;;;;;;;x
PROV2685;Coast of Mâdh¼;;;;;;;;;;;;;x
PROV2686;The Zhibom Doldrums;;;;;;;;;;;;;x
PROV2687;Central Zhibomgid Sea;;;;;;;;;;;;;x
PROV2688;Bozza's Sea;;;;;;;;;;;;;x
PROV2689;The Sea of Gales;;;;;;;;;;;;;x
PROV2690;Bight of Dhore;;;;;;;;;;;;;x
PROV2691;The Dhore Rise;;;;;;;;;;;;;x
PROV2692;The Dhore Abyssal Plain;;;;;;;;;;;;;x
PROV2693;Sea of Nywut;;;;;;;;;;;;;x
PROV2694;Kadpuvo Delta;;;;;;;;;;;;;x
PROV2695;The Ashid Seamount;;;;;;;;;;;;;x
PROV2696;The Kiid Seamounts;;;;;;;;;;;;;x
PROV2697;Northeastern Zhibomgid Sea;;;;;;;;;;;;;x
PROV2698;Coast of Little Mâdh¼;;;;;;;;;;;;;x
PROV2699;The Westward Current;;;;;;;;;;;;;x
PROV2700;Ishnapt Ocean;;;;;;;;;;;;;x
PROV2701;Ishnapt Ocean;;;;;;;;;;;;;x
PROV2702;Ishnapt Ocean;;;;;;;;;;;;;x
PROV2703;Ishnapt Ocean;;;;;;;;;;;;;x
PROV2704;Ishnapt Ocean;;;;;;;;;;;;;x
PROV2705;Ishnapt Ocean;;;;;;;;;;;;;x
PROV2706;Ishnapt Ocean;;;;;;;;;;;;;x
PROV2707;Ishnapt Ocean;;;;;;;;;;;;;x
PROV2708;Ishnapt Ocean;;;;;;;;;;;;;x
PROV2709;Ishnapt Ocean;;;;;;;;;;;;;x
PROV2710;Ishnapt Ocean;;;;;;;;;;;;;x
PROV2711;Ishnapt Ocean;;;;;;;;;;;;;x
PROV2712;Ishnapt Ocean;;;;;;;;;;;;;x
PROV2713;Ishnapt Ocean;;;;;;;;;;;;;x
PROV2714;Ishnapt Ocean;;;;;;;;;;;;;x
PROV2715;Ishnapt Ocean;;;;;;;;;;;;;x
PROV2716;Ishnapt Ocean;;;;;;;;;;;;;x
PROV2717;Ishnapt Ocean;;;;;;;;;;;;;x
PROV2718;Ishnapt Ocean;;;;;;;;;;;;;x
PROV2719;Ishnapt Ocean;;;;;;;;;;;;;x
PROV2720;Ishnapt Ocean;;;;;;;;;;;;;x
PROV2721;Ishnapt Ocean;;;;;;;;;;;;;x
PROV2722;Ishnapt Ocean;;;;;;;;;;;;;x
PROV2723;Ishnapt Ocean;;;;;;;;;;;;;x
PROV2724;Ishnapt Ocean;;;;;;;;;;;;;x
PROV2725;Ishnapt Ocean;;;;;;;;;;;;;x
PROV2726;Ishnapt Ocean;;;;;;;;;;;;;x
PROV2727;Ishnapt Ocean;;;;;;;;;;;;;x
PROV2728;Ishnapt Ocean;;;;;;;;;;;;;x
PROV2729;Ishnapt Ocean;;;;;;;;;;;;;x
PROV2730;Ishnapt Ocean;;;;;;;;;;;;;x
PROV2731;Ishnapt Ocean;;;;;;;;;;;;;x
PROV2732;Ishnapt Ocean;;;;;;;;;;;;;x
PROV2733;Ishnapt Ocean;;;;;;;;;;;;;x
PROV2734;Ishnapt Ocean;;;;;;;;;;;;;x
PROV2735;Ishnapt Ocean;;;;;;;;;;;;;x
PROV2736;Ishnapt Ocean;;;;;;;;;;;;;x
PROV2737;Ishnapt Ocean;;;;;;;;;;;;;x
PROV2738;Ishnapt Ocean;;;;;;;;;;;;;x
PROV2739;Ishnapt Ocean;;;;;;;;;;;;;x
PROV2740;Ishnapt Ocean;;;;;;;;;;;;;x
PROV2741;Ishnapt Ocean;;;;;;;;;;;;;x
PROV2742;Ishnapt Ocean;;;;;;;;;;;;;x
PROV2743;Ishnapt Ocean;;;;;;;;;;;;;x
PROV2744;Ishnapt Ocean;;;;;;;;;;;;;x
PROV2745;Ishnapt Ocean;;;;;;;;;;;;;x
PROV2746;Ishnapt Ocean;;;;;;;;;;;;;x
PROV2747;Ishnapt Ocean;;;;;;;;;;;;;x
PROV2748;Ishnapt Ocean;;;;;;;;;;;;;x
PROV2749;Ishnapt Ocean;;;;;;;;;;;;;x
PROV2750;Ishnapt Ocean;;;;;;;;;;;;;x
PROV2751;Ishnapt Ocean;;;;;;;;;;;;;x
PROV2752;Ishnapt Ocean;;;;;;;;;;;;;x
PROV2753;Ishnapt Ocean;;;;;;;;;;;;;x
PROV2754;Ishnapt Ocean;;;;;;;;;;;;;x
PROV2755;Ishnapt Ocean;;;;;;;;;;;;;x
PROV2756;Ishnapt Ocean;;;;;;;;;;;;;x
PROV2757;Ishnapt Ocean;;;;;;;;;;;;;x
PROV2758;Ishnapt Ocean;;;;;;;;;;;;;x
PROV2759;Ishnapt Ocean;;;;;;;;;;;;;x
PROV2760;Ishnapt Ocean;;;;;;;;;;;;;x
PROV2761;Ishnapt Ocean;;;;;;;;;;;;;x
PROV2762;Ishnapt Ocean;;;;;;;;;;;;;x
PROV2763;Ishnapt Ocean;;;;;;;;;;;;;x
PROV2764;Ishnapt Ocean;;;;;;;;;;;;;x
PROV2765;Ishnapt Ocean;;;;;;;;;;;;;x
PROV2766;Ishnapt Ocean;;;;;;;;;;;;;x
PROV2767;Ishnapt Ocean;;;;;;;;;;;;;x
PROV2768;Ishnapt Ocean;;;;;;;;;;;;;x
PROV2769;Ishnapt Ocean;;;;;;;;;;;;;x
PROV2770;Ishnapt Ocean;;;;;;;;;;;;;x
PROV2771;Ishnapt Ocean;;;;;;;;;;;;;x
PROV2772;Ishnapt Ocean;;;;;;;;;;;;;x
PROV2773;Ishnapt Ocean;;;;;;;;;;;;;x
PROV2774;Ishnapt Ocean;;;;;;;;;;;;;x
PROV2775;Ishnapt Ocean;;;;;;;;;;;;;x
PROV2776;Ishnapt Ocean;;;;;;;;;;;;;x
PROV2777;Ishnapt Ocean;;;;;;;;;;;;;x
PROV2778;Dhov Paptazh Islands;;;;;;;;;;;;;x
PROV2779;Ishnapt Ocean;;;;;;;;;;;;;x
PROV2780;Ishnapt Ocean;;;;;;;;;;;;;x
PROV2781;Ishnapt Ocean;;;;;;;;;;;;;x
PROV2782;Ishnapt Ocean;;;;;;;;;;;;;x
PROV2783;Ishnapt Ocean;;;;;;;;;;;;;x
PROV2784;Ishnapt Ocean;;;;;;;;;;;;;x
PROV2785;Ishnapt Ocean;;;;;;;;;;;;;x
PROV2786;Ishnapt Ocean;;;;;;;;;;;;;x
PROV2787;Ishnapt Ocean;;;;;;;;;;;;;x
PROV2788;Ishnapt Ocean;;;;;;;;;;;;;x
PROV2789;Ishnapt Ocean;;;;;;;;;;;;;x
PROV2790;Ishnapt Ocean;;;;;;;;;;;;;x
PROV2791;Ishnapt Ocean;;;;;;;;;;;;;x
PROV2792;Ishnapt Ocean;;;;;;;;;;;;;x
PROV2793;Ishnapt Ocean;;;;;;;;;;;;;x
PROV2794;Ishnapt Ocean;;;;;;;;;;;;;x
PROV2795;Ishnapt Ocean;;;;;;;;;;;;;x
PROV2796;Ishnapt Ocean;;;;;;;;;;;;;x
PROV2797;Ishnapt Ocean;;;;;;;;;;;;;x
PROV2798;Ishnapt Ocean;;;;;;;;;;;;;x
PROV2799;Ishnapt Ocean;;;;;;;;;;;;;x
PROV2800;Ishnapt Ocean;;;;;;;;;;;;;x
PROV2801;Ishnapt Ocean;;;;;;;;;;;;;x
PROV2802;Ishnapt Ocean;;;;;;;;;;;;;x
PROV2803;Ishnapt Ocean;;;;;;;;;;;;;x
PROV2804;Ishnapt Ocean;;;;;;;;;;;;;x
PROV2805;Ishnapt Ocean;;;;;;;;;;;;;x
PROV2806;Ishnapt Ocean;;;;;;;;;;;;;x
PROV2807;Ishnapt Ocean;;;;;;;;;;;;;x
PROV2808;Ishnapt Ocean;;;;;;;;;;;;;x
PROV2809;Ishnapt Ocean;;;;;;;;;;;;;x
PROV2810;Ishnapt Ocean;;;;;;;;;;;;;x
PROV2811;Ishnapt Ocean;;;;;;;;;;;;;x
PROV2812;Ishnapt Ocean;;;;;;;;;;;;;x
PROV2813;Ishnapt Ocean;;;;;;;;;;;;;x
PROV2814;Ishnapt Ocean;;;;;;;;;;;;;x
PROV2815;Ishnapt Ocean;;;;;;;;;;;;;x
PROV2816;Ishnapt Ocean;;;;;;;;;;;;;x
PROV2817;Ishnapt Ocean;;;;;;;;;;;;;x
PROV2818;Ishnapt Ocean;;;;;;;;;;;;;x
PROV2819;Ishnapt Ocean;;;;;;;;;;;;;x
PROV2820;Ishnapt Ocean;;;;;;;;;;;;;x
PROV2821;Near Khosopd Isles;;;;;;;;;;;;;x
PROV2822;Ishnapt Ocean;;;;;;;;;;;;;x
PROV2823;Ishnapt Ocean;;;;;;;;;;;;;x
PROV2824;Ishnapt Ocean;;;;;;;;;;;;;x
PROV2825;Ishnapt Ocean;;;;;;;;;;;;;x
PROV2826;Ishnapt Ocean;;;;;;;;;;;;;x
PROV2827;Ishnapt Ocean;;;;;;;;;;;;;x
PROV2828;Ishnapt Ocean;;;;;;;;;;;;;x
PROV2829;Ishnapt Ocean;;;;;;;;;;;;;x
PROV2830;Ishnapt Ocean;;;;;;;;;;;;;x
PROV2831;Ishnapt Ocean;;;;;;;;;;;;;x
PROV2832;Ishnapt Ocean;;;;;;;;;;;;;x
PROV2833;Ishnapt Ocean;;;;;;;;;;;;;x
PROV2834;Ishnapt Ocean;;;;;;;;;;;;;x
PROV2835;Coast of the Hungry King;;;;;;;;;;;;;x
PROV2836;Coast of Chetwa;;;;;;;;;;;;;x
PROV2837;Ishnapt Ocean;;;;;;;;;;;;;x
PROV2838;Ishnapt Ocean;;;;;;;;;;;;;x
PROV2839;Ishnapt Ocean;;;;;;;;;;;;;x
PROV2840;Ishnapt Ocean;;;;;;;;;;;;;x
PROV2841;Ishnapt Ocean;;;;;;;;;;;;;x
PROV2842;Ishnapt Ocean;;;;;;;;;;;;;x
PROV2843;Ishnapt Ocean;;;;;;;;;;;;;x
PROV2844;Ishnapt Ocean;;;;;;;;;;;;;x
PROV2845;Ishnapt Ocean;;;;;;;;;;;;;x
PROV2846;Ishnapt Ocean;;;;;;;;;;;;;x
PROV2847;Ishnapt Ocean;;;;;;;;;;;;;x
PROV2848;Ishnapt Ocean;;;;;;;;;;;;;x
PROV2849;Ishnapt Ocean;;;;;;;;;;;;;x
PROV2850;Ishnapt Ocean;;;;;;;;;;;;;x
PROV2851;Ishnapt Ocean;;;;;;;;;;;;;x
PROV2852;Ishnapt Ocean;;;;;;;;;;;;;x
PROV2853;Ishnapt Ocean;;;;;;;;;;;;;x
PROV2854;Ishnapt Ocean;;;;;;;;;;;;;x
PROV2855;Ishnapt Ocean;;;;;;;;;;;;;x
PROV2856;Ishnapt Ocean;;;;;;;;;;;;;x
PROV2857;Ishnapt Ocean;;;;;;;;;;;;;x
PROV2858;Ishnapt Ocean;;;;;;;;;;;;;x
PROV2859;Ishnapt Ocean;;;;;;;;;;;;;x
PROV2860;Ishnapt Ocean;;;;;;;;;;;;;x
PROV2861;Ishnapt Ocean;;;;;;;;;;;;;x
PROV2862;Ishnapt Ocean;;;;;;;;;;;;;x
PROV2863;Ishnapt Ocean;;;;;;;;;;;;;x
PROV2864;Ishnapt Ocean;;;;;;;;;;;;;x
PROV2865;Coast of Mae Island;;;;;;;;;;;;;x
PROV2866;Fazhgid Ocean;;;;;;;;;;;;;x
PROV2867;Fazhgid Ocean;;;;;;;;;;;;;x
PROV2868;Fazhgid Ocean;;;;;;;;;;;;;x
PROV2869;Ishnapt Ocean;;;;;;;;;;;;;x
PROV2870;Ishnapt Ocean;;;;;;;;;;;;;x
PROV2871;Fazhgid Ocean;;;;;;;;;;;;;x
PROV2872;Fazhgid Ocean;;;;;;;;;;;;;x
PROV2873;Fazhgid Ocean;;;;;;;;;;;;;x
PROV2874;Fazhgid Ocean;;;;;;;;;;;;;x
PROV2875;Fazhgid Ocean;;;;;;;;;;;;;x
PROV2876;Sea of Pearls;;;;;;;;;;;;;x
PROV2877;Fazhgid Ocean;;;;;;;;;;;;;x
PROV2878;Fazhgid Ocean;;;;;;;;;;;;;x
PROV2879;Fazhgid Ocean;;;;;;;;;;;;;x
PROV2880;Fazhgid Ocean;;;;;;;;;;;;;x
PROV2881;Fazhgid Ocean;;;;;;;;;;;;;x
PROV2882;Fazhgid Ocean;;;;;;;;;;;;;x
PROV2883;South Zhafkupo Sea;;;;;;;;;;;;;x
PROV2884;The Southern Tributary Islands;;;;;;;;;;;;;x
PROV2885;Izhow Seamount Chain;;;;;;;;;;;;;x
PROV2886;Fazhgid Ocean;;;;;;;;;;;;;x
PROV2887;Fazhgid Ocean;;;;;;;;;;;;;x
PROV2888;Fazhgid Ocean;;;;;;;;;;;;;x
PROV2889;Fazhgid Ocean;;;;;;;;;;;;;x
PROV2890;Fazhgid Ocean;;;;;;;;;;;;;x
PROV2891;Fazhgid Ocean;;;;;;;;;;;;;x
PROV2892;Praashab's Doom;;;;;;;;;;;;;x
PROV2893;Great Bhuspaubha Bay;;;;;;;;;;;;;x
PROV2894;South Bhuspaubha Bay;;;;;;;;;;;;;x
PROV2895;Fazhgid Ocean;;;;;;;;;;;;;x
PROV2896;Fazhgid Ocean;;;;;;;;;;;;;x
PROV2897;Fazhgid Ocean;;;;;;;;;;;;;x
PROV2898;Fazhgid Ocean;;;;;;;;;;;;;x
PROV2899;Ishnapt Ocean;;;;;;;;;;;;;x
PROV2900;Ishnapt Ocean;;;;;;;;;;;;;x
PROV2901;Ishnapt Ocean;;;;;;;;;;;;;x
PROV2902;Ishnapt Ocean;;;;;;;;;;;;;x
PROV2903;Fazhgid Ocean;;;;;;;;;;;;;x
PROV2904;Ishnapt Ocean;;;;;;;;;;;;;x
PROV2905;Bay of Aèommuor;;;;;;;;;;;;;x
PROV2906;Bay of Nyeri;;;;;;;;;;;;;x
PROV2907;The Wretched Coast;;;;;;;;;;;;;x
PROV2908;The Windy Coast;;;;;;;;;;;;;x
PROV2909;Bay of Concord;;;;;;;;;;;;;x
PROV2910;Cape Bujh;;;;;;;;;;;;;x
PROV2911;Sea of Anyumb;;;;;;;;;;;;;x
PROV2912;General Gomon's Enscarpment;;;;;;;;;;;;;x
PROV2913;Ishnapt Ocean;;;;;;;;;;;;;x
PROV2914;Ishnapt Ocean;;;;;;;;;;;;;x
PROV2915;Ishnapt Ocean;;;;;;;;;;;;;x
PROV2916;Ishnapt Ocean;;;;;;;;;;;;;x
PROV2917;Ishnapt Ocean;;;;;;;;;;;;;x
PROV2918;Ishnapt Ocean;;;;;;;;;;;;;x
PROV2919;Ishnapt Ocean;;;;;;;;;;;;;x
PROV2920;Ishnapt Ocean;;;;;;;;;;;;;x
PROV2921;Ishnapt Ocean;;;;;;;;;;;;;x
PROV2922;Ishnapt Ocean;;;;;;;;;;;;;x
PROV2923;Ishnapt Ocean;;;;;;;;;;;;;x
PROV2924;Ishnapt Ocean;;;;;;;;;;;;;x
PROV2925;Ishnapt Ocean;;;;;;;;;;;;;x
PROV2926;Ishnapt Ocean;;;;;;;;;;;;;x
PROV2927;Ishnapt Ocean;;;;;;;;;;;;;x
PROV2928;Ishnapt Ocean;;;;;;;;;;;;;x
PROV2929;Ishnapt Ocean;;;;;;;;;;;;;x
PROV2930;Ishnapt Ocean;;;;;;;;;;;;;x
PROV2931;Southern Approaches;;;;;;;;;;;;;x
PROV2932;Ishnapt Ocean;;;;;;;;;;;;;x
PROV2933;Ishnapt Ocean;;;;;;;;;;;;;x
PROV2934;Ishnapt Ocean;;;;;;;;;;;;;x
PROV2935;Ishnapt Ocean;;;;;;;;;;;;;x
PROV2936;Ishnapt Ocean;;;;;;;;;;;;;x
PROV2937;Ishnapt Ocean;;;;;;;;;;;;;x
PROV2938;Ishnapt Ocean;;;;;;;;;;;;;x
PROV2939;Ishnapt Ocean;;;;;;;;;;;;;x
PROV2940;Ishnapt Ocean;;;;;;;;;;;;;x
PROV2941;Ishnapt Ocean;;;;;;;;;;;;;x
PROV2942;Ishnapt Ocean;;;;;;;;;;;;;x
PROV2943;Ishnapt Ocean;;;;;;;;;;;;;x
PROV2944;Ishnapt Ocean;;;;;;;;;;;;;x
PROV2945;Ishnapt Ocean;;;;;;;;;;;;;x
PROV2946;Ishnapt Ocean;;;;;;;;;;;;;x
PROV2947;Ishnapt Ocean;;;;;;;;;;;;;x
PROV2948;Ishnapt Ocean;;;;;;;;;;;;;x
PROV2949;Ishnapt Ocean;;;;;;;;;;;;;x
PROV2950;Ishnapt Ocean;;;;;;;;;;;;;x
PROV2951;Ishnapt Ocean;;;;;;;;;;;;;x
PROV2952;Ishnapt Ocean;;;;;;;;;;;;;x
PROV2953;Ishnapt Ocean;;;;;;;;;;;;;x
PROV2954;Ishnapt Ocean;;;;;;;;;;;;;x
PROV2955;Ishnapt Ocean;;;;;;;;;;;;;x
PROV2956;Ishnapt Ocean;;;;;;;;;;;;;x
PROV2957;Ishnapt Ocean;;;;;;;;;;;;;x
PROV2958;Ishnapt Ocean;;;;;;;;;;;;;x
PROV2959;Ishnapt Ocean;;;;;;;;;;;;;x
PROV2960;Ishnapt Ocean;;;;;;;;;;;;;x
PROV2961;Ishnapt Ocean;;;;;;;;;;;;;x
PROV2962;Ishnapt Ocean;;;;;;;;;;;;;x
PROV2963;Ishnapt Ocean;;;;;;;;;;;;;x
PROV2964;Ishnapt Ocean;;;;;;;;;;;;;x
PROV2965;Ishnapt Ocean;;;;;;;;;;;;;x
PROV2966;Ishnapt Ocean;;;;;;;;;;;;;x
PROV2967;Ishnapt Ocean;;;;;;;;;;;;;x
PROV2968;Ishnapt Ocean;;;;;;;;;;;;;x
PROV2969;Paznapt Ocean;;;;;;;;;;;;;x
PROV2970;Paznapt Ocean;;;;;;;;;;;;;x
PROV2971;Paznapt Ocean;;;;;;;;;;;;;x
PROV2972;Paznapt Ocean;;;;;;;;;;;;;x
PROV2973;Paznapt Ocean;;;;;;;;;;;;;x
PROV2974;Paznapt Ocean;;;;;;;;;;;;;x
PROV2975;Paznapt Ocean;;;;;;;;;;;;;x
PROV2976;Paznapt Ocean;;;;;;;;;;;;;x
PROV2977;Paznapt Ocean;;;;;;;;;;;;;x
PROV2978;Great Eastern Rise;;;;;;;;;;;;;x
PROV2979;Châzdan Barriers;;;;;;;;;;;;;x
PROV2980;Paznapt Ocean;;;;;;;;;;;;;x
PROV2981;Paznapt Ocean;;;;;;;;;;;;;x
PROV2982;Paznapt Ocean;;;;;;;;;;;;;x
PROV2983;Kuamu's Rest;;;;;;;;;;;;;x
PROV2984;Paznapt Ocean;;;;;;;;;;;;;x
PROV2985;Paznapt Ocean;;;;;;;;;;;;;x
PROV2986;Paznapt Ocean;;;;;;;;;;;;;x
PROV2987;North Zhibomgid Sea;;;;;;;;;;;;;x
PROV2988;The Vausho Ridge;;;;;;;;;;;;;x
PROV2989;Paznapt Ocean;;;;;;;;;;;;;x
PROV2990;Paznapt Ocean;;;;;;;;;;;;;x
PROV2991;Paznapt Ocean;;;;;;;;;;;;;x
PROV2992;Sea of Hiduherath;;;;;;;;;;;;;x
PROV2993;Paznapt Ocean;;;;;;;;;;;;;x
PROV2994;Paznapt Ocean;;;;;;;;;;;;;x
PROV2995;Paznapt Ocean;;;;;;;;;;;;;x
PROV2996;Paznapt Ocean;;;;;;;;;;;;;x
PROV2997;Paznapt Ocean;;;;;;;;;;;;;x
PROV2998;Paznapt Ocean;;;;;;;;;;;;;x
PROV2999;Paznapt Ocean;;;;;;;;;;;;;x
PROV3000;Paznapt Ocean;;;;;;;;;;;;;x
PROV3001;Paznapt Ocean;;;;;;;;;;;;;x
PROV3002;Paznapt Ocean;;;;;;;;;;;;;x
PROV3003;Bazta Drift;;;;;;;;;;;;;x
PROV3004;Paznapt Ocean;;;;;;;;;;;;;x
PROV3005;Paznapt Ocean;;;;;;;;;;;;;x
PROV3006;Paznapt Ocean;;;;;;;;;;;;;x
PROV3007;Paznapt Dandelions;;;;;;;;;;;;;x
PROV3008;Paznapt Ocean;;;;;;;;;;;;;x
PROV3009;Paznapt Ocean;;;;;;;;;;;;;x
PROV3010;Paznapt Ocean;;;;;;;;;;;;;x
PROV3011;Paznapt Ocean;;;;;;;;;;;;;x
PROV3012;Paznapt Ocean;;;;;;;;;;;;;x
PROV3013;Paznapt Ocean;;;;;;;;;;;;;x
PROV3014;Paznapt Ocean;;;;;;;;;;;;;x
PROV3015;Paznapt Ocean;;;;;;;;;;;;;x
PROV3016;Paznapt Ocean;;;;;;;;;;;;;x
PROV3017;Paznapt Ocean;;;;;;;;;;;;;x
PROV3018;Paznapt Ocean;;;;;;;;;;;;;x
PROV3019;Paznapt Ocean;;;;;;;;;;;;;x
PROV3020;Paznapt Ocean;;;;;;;;;;;;;x
PROV3021;Paznapt Ocean;;;;;;;;;;;;;x
PROV3022;Paznapt Ocean;;;;;;;;;;;;;x
PROV3023;Paznapt Ocean;;;;;;;;;;;;;x
PROV3024;Paznapt Ocean;;;;;;;;;;;;;x
PROV3025;Paznapt Ocean;;;;;;;;;;;;;x
PROV3026;Paznapt Ocean;;;;;;;;;;;;;x
PROV3027;Paznapt Ocean;;;;;;;;;;;;;x
PROV3028;Paznapt Ocean;;;;;;;;;;;;;x
PROV3029;Paznapt Ocean;;;;;;;;;;;;;x
PROV3030;Paznapt Ocean;;;;;;;;;;;;;x
PROV3031;Paznapt Ocean;;;;;;;;;;;;;x
PROV3032;Paznapt Ocean;;;;;;;;;;;;;x
PROV3033;Paznapt Ocean;;;;;;;;;;;;;x
PROV3034;Paznapt Ocean;;;;;;;;;;;;;x ######INLAND LAKES BELOW#############
PROV3035;Chyoohim;;;;;;;;;;;;;x
PROV3036;Chyufov;;;;;;;;;;;;;x
PROV3037;Bobu;;;;;;;;;;;;;x
PROV3038;Echk;;;;;;;;;;;;;x
PROV3039;Gonyi;;;;;;;;;;;;;x
PROV3040;Geshe;;;;;;;;;;;;;x
PROV3041;Doubidt;;;;;;;;;;;;;x
PROV3042;Gaaggis;;;;;;;;;;;;;x ##### MORE OCEAN TILES BELOW
PROV3043;Mariner's Mistake;;;;;;;;;;;;;x
PROV3044;Warding Cape;;;;;;;;;;;;;x
PROV3045;Flotsam Coast;;;;;;;;;;;;;x
PROV3046;Little Heir Bay;;;;;;;;;;;;;x
PROV3047;Bay of Gales;;;;;;;;;;;;;x
PROV3048;Terrible Bight;;;;;;;;;;;;;x
PROV3049;The Vai Coast;;;;;;;;;;;;;x
PROV3050;Cape Ibazoj;;;;;;;;;;;;;x
PROV3051;Timber Bay;;;;;;;;;;;;;x
PROV3052;Coast of Njuttô;;;;;;;;;;;;;x
PROV3053;The Diftless Waters;;;;;;;;;;;;;x 
PROV3054;Ishnapt Ocean;;;;;;;;;;;;;x ####### REGIONS/STATES BELOW ########
REG_1;Pudwouvas Delta;;;;;;;;;;;;;x
REG_2;Shoummid;;;;;;;;;;;;;x
REG_3;Diwvish Isles;;;;;;;;;;;;;x
REG_4;Drid;;;;;;;;;;;;;x
REG_5;Vopud;;;;;;;;;;;;;x
REG_6;Ibu;;;;;;;;;;;;;x
REG_7;Ouruumra;;;;;;;;;;;;;x
REG_8;Pangoukam;;;;;;;;;;;;;x
REG_9;Pabupti;;;;;;;;;;;;;x
REG_10;Prakuunt;;;;;;;;;;;;;x
REG_11;Wruuba;;;;;;;;;;;;;x
REG_12;Hwoump;;;;;;;;;;;;;x
REG_13;Wudrou;;;;;;;;;;;;;x
REG_14;Kogumuuvu Range;;;;;;;;;;;;;x
REG_15;Niipt;;;;;;;;;;;;;x
REG_16;Pikid;;;;;;;;;;;;;x
REG_17;Dhuknâg;;;;;;;;;;;;;x
REG_18;Doub;;;;;;;;;;;;;x
REG_19;Meuswun;;;;;;;;;;;;;x
REG_20;Weuzoth;;;;;;;;;;;;;x
REG_21;Ruteuz;;;;;;;;;;;;;x
REG_22;Worutho;;;;;;;;;;;;;x
REG_23;Roteupto;;;;;;;;;;;;;x
REG_24;Ravechy;;;;;;;;;;;;;x
REG_25;Deuug;;;;;;;;;;;;;x
REG_26;Thosúb;;;;;;;;;;;;;x
REG_27;Mushim;;;;;;;;;;;;;x
REG_28;Kumo;;;;;;;;;;;;;x
REG_29;Bobeyi;;;;;;;;;;;;;x
REG_30;Uguchy;;;;;;;;;;;;;x
REG_31;Sohith;;;;;;;;;;;;;x
REG_32;Gogoo;;;;;;;;;;;;;x
REG_33;Vothayat;;;;;;;;;;;;;x
REG_34;Sog;;;;;;;;;;;;;x
REG_35;Tebith;;;;;;;;;;;;;x
REG_36;Soofúb;;;;;;;;;;;;;x
REG_37;Hichyoosuv;;;;;;;;;;;;;x
REG_38;Vethuchyub;;;;;;;;;;;;;x
REG_39;Masogu;;;;;;;;;;;;;x
REG_40;Thohúat;;;;;;;;;;;;;x
REG_41;Hoob;;;;;;;;;;;;;x
REG_42;Bochyet;;;;;;;;;;;;;x
REG_43;Sesooga;;;;;;;;;;;;;x
REG_44;Guth-Gabob;;;;;;;;;;;;;x
REG_45;Qir;;;;;;;;;;;;;x
REG_46;Ghechamy;;;;;;;;;;;;;x
REG_47;Dhazâ;;;;;;;;;;;;;x
REG_48;Doddau;;;;;;;;;;;;;x
REG_49;Ginauzhno;;;;;;;;;;;;;x
REG_50;Fushdziish;;;;;;;;;;;;;x
REG_51;Paknâg;;;;;;;;;;;;;x
REG_52;Fadofk;;;;;;;;;;;;;x
REG_53;Faudmhâ;;;;;;;;;;;;;x
REG_54;Shubt;;;;;;;;;;;;;x
REG_55;Jiishzo;;;;;;;;;;;;;x
REG_56;Maufo;;;;;;;;;;;;;x
REG_57;Châpt;;;;;;;;;;;;;x
REG_58;Najii;;;;;;;;;;;;;x
REG_59;Joduzd;;;;;;;;;;;;;x
REG_60;Gadiid;;;;;;;;;;;;;x
REG_61;Vonjar;;;;;;;;;;;;;x
REG_62;Dashwü;;;;;;;;;;;;;x
REG_63;Yüwja;;;;;;;;;;;;;x
REG_64;Twobyub;;;;;;;;;;;;;x
REG_65;Burning Coast;;;;;;;;;;;;;x
REG_66;Iny¾twi;;;;;;;;;;;;;x
REG_67;Vinügh¾;;;;;;;;;;;;;x
REG_68;Voppüg;;;;;;;;;;;;;x
REG_69;Zh¾vo;;;;;;;;;;;;;x
REG_70;Ubna;;;;;;;;;;;;;x
REG_71;Junwa;;;;;;;;;;;;;x
REG_72;Zhüyi;;;;;;;;;;;;;x
REG_73;Dhauz;;;;;;;;;;;;;x
REG_74;Phonwo;;;;;;;;;;;;;x
REG_75;Nadâziig;;;;;;;;;;;;;x
REG_76;Azhpt;;;;;;;;;;;;;x
REG_77;Shaudma;;;;;;;;;;;;;x
REG_78;Ieswa Island;;;;;;;;;;;;;x
REG_79;Gudhiig;;;;;;;;;;;;;x
REG_80;Vidshau;;;;;;;;;;;;;x
REG_81;Nukftâ;;;;;;;;;;;;;x
REG_82;Chamaufiizh;;;;;;;;;;;;;x
REG_83;Ushdzo;;;;;;;;;;;;;x
REG_84;Dhiizhi;;;;;;;;;;;;;x
REG_85;Joshdzâ;;;;;;;;;;;;;x
REG_86;Dham¼bu;;;;;;;;;;;;;x
REG_87;Voshkt;;;;;;;;;;;;;x
REG_88;Biidomo;;;;;;;;;;;;;x
REG_89;Chaddât;;;;;;;;;;;;;x
REG_90;Madmhaut Coast;;;;;;;;;;;;;x
REG_91;Zhakgizob;;;;;;;;;;;;;x
REG_92;Fafshmi;;;;;;;;;;;;;x
REG_93;Kozhdo;;;;;;;;;;;;;x
REG_94;Hishua;;;;;;;;;;;;;x
REG_95;Bayasheg;;;;;;;;;;;;;x
REG_96;Kuabtashug;;;;;;;;;;;;;x
REG_97;Zhunâft;;;;;;;;;;;;;x
REG_98;Kuishaw;;;;;;;;;;;;;x
REG_99;Khâzhpt;;;;;;;;;;;;;x
REG_100;Nobhau;;;;;;;;;;;;;x
REG_101;Boshiddo;;;;;;;;;;;;;x
REG_102;Jabhik;;;;;;;;;;;;;x
REG_103;Zatgizob;;;;;;;;;;;;;x
REG_104;Shiivok;;;;;;;;;;;;;x
REG_105;Great Ishagizob;;;;;;;;;;;;;x
REG_106;Pâkd;;;;;;;;;;;;;x
REG_107;Pâshdzak;;;;;;;;;;;;;x
REG_108;Vodmhuimak;;;;;;;;;;;;;x
REG_109;Nibâdsho;;;;;;;;;;;;;x
REG_110;Miishu;;;;;;;;;;;;;x
REG_111;Fomâz;;;;;;;;;;;;;x
REG_112;Vobii;;;;;;;;;;;;;x
REG_113;Muftiik;;;;;;;;;;;;;x
REG_114;Zhaushi;;;;;;;;;;;;;x
REG_115;Gizhpt;;;;;;;;;;;;;x
REG_116;Fâshftu;;;;;;;;;;;;;x
REG_117;Mushiig;;;;;;;;;;;;;x
REG_118;Lower Vodt;;;;;;;;;;;;;x
REG_119;Upper Vodt;;;;;;;;;;;;;x
REG_120;Modash;;;;;;;;;;;;;x
REG_121;Dhamapaha;;;;;;;;;;;;;x
REG_122;Tùhi;;;;;;;;;;;;;x
REG_123;Sphedet;;;;;;;;;;;;;x
REG_124;Spuìth;;;;;;;;;;;;;x
REG_125;Pidudet;;;;;;;;;;;;;x
REG_126;Dhugheth;;;;;;;;;;;;;x
REG_127;Pieme;;;;;;;;;;;;;x
REG_128;Geswoup;;;;;;;;;;;;;x
REG_129;Miegtas;;;;;;;;;;;;;x
REG_130;Yamepz;;;;;;;;;;;;;x
REG_131;Ojap;;;;;;;;;;;;;x
REG_132;Moswat;;;;;;;;;;;;;x
REG_133;Awhas;;;;;;;;;;;;;x
REG_134;Maswopz;;;;;;;;;;;;;x
REG_135;Pokam;;;;;;;;;;;;;x
REG_136;Gaujo;;;;;;;;;;;;;x
REG_137;Souswaum;;;;;;;;;;;;;x
REG_138;Miegjas;;;;;;;;;;;;;x
REG_139;Kekui;;;;;;;;;;;;;x
REG_140;Duachyheg;;;;;;;;;;;;;x
REG_141;Fuokuge;;;;;;;;;;;;;x
REG_142;Tuikuog;;;;;;;;;;;;;x
REG_143;Dibab;;;;;;;;;;;;;x
REG_144;Ome;;;;;;;;;;;;;x
REG_145;Kuchyhum;;;;;;;;;;;;;x
REG_146;Dâttuttâ;;;;;;;;;;;;;x
REG_147;Vuttu;;;;;;;;;;;;;x
REG_148;Pannujâ;;;;;;;;;;;;;x
REG_149;Juubu;;;;;;;;;;;;;x
REG_150;Yuboth;;;;;;;;;;;;;x
REG_151;Buduhu;;;;;;;;;;;;;x
REG_152;Vûdekh;;;;;;;;;;;;;x
REG_153;Nuo;;;;;;;;;;;;;x
REG_154;Ujoth;;;;;;;;;;;;;x
REG_155;Yannâkh;;;;;;;;;;;;;x
REG_156;Jâdôgh;;;;;;;;;;;;;x
REG_157;Pudannâ;;;;;;;;;;;;;x
REG_158;Heder;;;;;;;;;;;;;x
REG_159;Dhihedu;;;;;;;;;;;;;x
REG_160;Yau Desert;;;;;;;;;;;;;x
REG_161;Jabûhegh;;;;;;;;;;;;;x
REG_162;Vôpht;;;;;;;;;;;;;x
REG_163;Puttûgh Valley;;;;;;;;;;;;;x
REG_164;Tùhmeth;;;;;;;;;;;;;x
REG_165;Sihnthuhd;;;;;;;;;;;;;x
REG_166;Pohme;;;;;;;;;;;;;x
REG_167;Udet;;;;;;;;;;;;;x
REG_168;Pithùt;;;;;;;;;;;;;x
REG_169;Pajau;;;;;;;;;;;;;x
REG_170;Tiezzau;;;;;;;;;;;;;x
REG_171;Yauje Valley;;;;;;;;;;;;;x
REG_172;Zemaukhh;;;;;;;;;;;;;x
REG_173;Moumau;;;;;;;;;;;;;x
REG_174;Auouy;;;;;;;;;;;;;x
REG_175;Pagaundz;;;;;;;;;;;;;x
REG_176;Sauswo;;;;;;;;;;;;;x
REG_177;Bogow;;;;;;;;;;;;;x
REG_178;Ajandz;;;;;;;;;;;;;x
REG_179;Emie;;;;;;;;;;;;;x
REG_180;Yieswamau;;;;;;;;;;;;;x
REG_181;Yamiekhhz;;;;;;;;;;;;;x
REG_182;Youmogie;;;;;;;;;;;;;x
REG_183;Shamniiz;;;;;;;;;;;;;x
REG_184;Kovan Isles;;;;;;;;;;;;;x #Xouvan Isles
REG_185;Biaxu;;;;;;;;;;;;;x
REG_186;Vetar;;;;;;;;;;;;;x
REG_187;Texem;;;;;;;;;;;;;x
REG_188;Tikof;;;;;;;;;;;;;x
REG_189;Uxamiar;;;;;;;;;;;;;x
REG_190;Nexabo;;;;;;;;;;;;;x
REG_191;Bhibaunghir;;;;;;;;;;;;;x
REG_192;Ajirr;;;;;;;;;;;;;x
REG_193;Mhivoundho;;;;;;;;;;;;;x
REG_194;Xaetan;;;;;;;;;;;;;x
REG_195;West Bauxae Desert;;;;;;;;;;;;;x
REG_196;East Bauxae Desert;;;;;;;;;;;;;x
REG_197;Vavun;;;;;;;;;;;;;x
REG_198;Rokem;;;;;;;;;;;;;x
REG_199;Baetava;;;;;;;;;;;;;x
REG_200;Kokef;;;;;;;;;;;;;x
REG_201;Gemodh;;;;;;;;;;;;;x
REG_202;Mutu;;;;;;;;;;;;;x
REG_203;Tenge;;;;;;;;;;;;;x
REG_204;Sonor;;;;;;;;;;;;;x
REG_205;Qume;;;;;;;;;;;;;x
REG_206;Hikweb;;;;;;;;;;;;;x
REG_207;Quruxwow;;;;;;;;;;;;;x
REG_208;Niksi;;;;;;;;;;;;;x
REG_209;Ketungi;;;;;;;;;;;;;x
REG_210;Oju;;;;;;;;;;;;;x
REG_211;Aesi;;;;;;;;;;;;;x
REG_212;Z¾wuzhrou;;;;;;;;;;;;;x
REG_213;Naji;;;;;;;;;;;;;x
REG_214;Kwån;;;;;;;;;;;;;x
REG_215;Nuwyu;;;;;;;;;;;;;x
REG_216;Krouky;;;;;;;;;;;;;x
REG_217;Izhow Islands;;;;;;;;;;;;;x
REG_218;Bhuspaubhan Islands;;;;;;;;;;;;;x
REG_219;Våzhri;;;;;;;;;;;;;x
REG_220;Ifokh;;;;;;;;;;;;;x
REG_221;Foug;;;;;;;;;;;;;x
REG_222;Giny;;;;;;;;;;;;;x
REG_223;Wrikyin;;;;;;;;;;;;;x
REG_224;Wrouk-Yray;;;;;;;;;;;;;x
REG_225;Bimher;;;;;;;;;;;;;x
REG_226;Ragor;;;;;;;;;;;;;x
REG_227;Huivoiug;;;;;;;;;;;;;x
REG_228;Nhenghe;;;;;;;;;;;;;x
REG_229;Choiur;;;;;;;;;;;;;x
REG_230;Ghabho;;;;;;;;;;;;;x
REG_231;Bhuijhekhaug;;;;;;;;;;;;;x
REG_232;Monghe;;;;;;;;;;;;;x
REG_233;Oiubah;;;;;;;;;;;;;x
REG_234;Viowuti;;;;;;;;;;;;;x
REG_235;Roiukhah;;;;;;;;;;;;;x
REG_236;Uikhoiund;;;;;;;;;;;;;x
REG_237;Rhechi;;;;;;;;;;;;;x
REG_238;Mhangheh;;;;;;;;;;;;;x
REG_239;Naujakh;;;;;;;;;;;;;x
REG_240;Troun;;;;;;;;;;;;;x
REG_241;Doursou;;;;;;;;;;;;;x
REG_242;Gussana;;;;;;;;;;;;;x
REG_243;Rafaku;;;;;;;;;;;;;x
REG_244;Poursi;;;;;;;;;;;;;x
REG_245;Piro;;;;;;;;;;;;;x
REG_246;Imog;;;;;;;;;;;;;x
REG_247;Stoso;;;;;;;;;;;;;x
REG_248;Kour;;;;;;;;;;;;;x
REG_249;Geubaqion;;;;;;;;;;;;;x
REG_250;Genbeu;;;;;;;;;;;;;x
REG_251;Ftino;;;;;;;;;;;;;x
REG_252;Tmaif;;;;;;;;;;;;;x
REG_253;Gogion;;;;;;;;;;;;;x
REG_254;Stouga;;;;;;;;;;;;;x
REG_255;Gian;;;;;;;;;;;;;x
REG_256;Gokesa;;;;;;;;;;;;;x
REG_257;Oug-Tiatu;;;;;;;;;;;;;x
REG_258;Toufu;;;;;;;;;;;;;x
REG_259;Thukagaioks;;;;;;;;;;;;;x
REG_260;Aèommuor;;;;;;;;;;;;;x
REG_261;Mofuamd;;;;;;;;;;;;;x
REG_262;Mejum;;;;;;;;;;;;;x
REG_263;Bomhèmb;;;;;;;;;;;;;x
REG_264;Uomd;;;;;;;;;;;;;x
REG_265;Ammua;;;;;;;;;;;;;x
REG_266;Bmubhèbhi;;;;;;;;;;;;;x
REG_267;North Zhibomgid Islands;;;;;;;;;;;;;x
REG_268;Ghubvák;;;;;;;;;;;;;x
REG_269;Gágreh;;;;;;;;;;;;;x
REG_270;Tezpopak;;;;;;;;;;;;;x
REG_271;Szis;;;;;;;;;;;;;x
REG_272;Bábokah;;;;;;;;;;;;;x
REG_273;Geságú;;;;;;;;;;;;;x
REG_274;Túso;;;;;;;;;;;;;x
REG_275;Dnomá;;;;;;;;;;;;;x
REG_276;Biztut;;;;;;;;;;;;;x
REG_277;Dnur;;;;;;;;;;;;;x
REG_278;Ghan;;;;;;;;;;;;;x
REG_279;Pekák;;;;;;;;;;;;;x
REG_280;Bejá;;;;;;;;;;;;;x
REG_281;Jochyskog;;;;;;;;;;;;;x
REG_282;Fujhuk;;;;;;;;;;;;;x
REG_283;Nami;;;;;;;;;;;;;x
REG_284;Ámat;;;;;;;;;;;;;x
REG_285;Bikuzih;;;;;;;;;;;;;x
REG_286;Fonepipo;;;;;;;;;;;;;x
REG_287;Vai Coast;;;;;;;;;;;;;x
REG_288;Szikys;;;;;;;;;;;;;x
REG_289;West Paznapt Islands;;;;;;;;;;;;;x
REG_290;Bhacho;;;;;;;;;;;;;x
REG_291;Theaz;;;;;;;;;;;;;x
REG_292;Wruozh;;;;;;;;;;;;;x
REG_293;Thradz;;;;;;;;;;;;;x
REG_294;Ouseach;;;;;;;;;;;;;x
REG_295;Ruasi;;;;;;;;;;;;;x
REG_296;Thrua;;;;;;;;;;;;;x
REG_297;Vesh;;;;;;;;;;;;;x
REG_298;Frijdou;;;;;;;;;;;;;x
REG_299;Dhoveak;;;;;;;;;;;;;x
REG_300;Miem;;;;;;;;;;;;;x
REG_301;Washech;;;;;;;;;;;;;x
REG_302;Kan;;;;;;;;;;;;;x
REG_303;Touhwa;;;;;;;;;;;;;x
REG_304;Y'dakkij;;;;;;;;;;;;;x
REG_305;Dhuot;;;;;;;;;;;;;x
REG_306;Zhaug;;;;;;;;;;;;;x
REG_307;Frua;;;;;;;;;;;;;x
REG_308;Vouv;;;;;;;;;;;;;x
REG_309;Hgepaenu;;;;;;;;;;;;;x
REG_310;Khrait;;;;;;;;;;;;;x
REG_311;Dou'tai;;;;;;;;;;;;;x
REG_312;K'our;;;;;;;;;;;;;x
REG_313;Yo'nan;;;;;;;;;;;;;x
REG_314;Resk'an;;;;;;;;;;;;;x
REG_315;Maes;;;;;;;;;;;;;x
REG_316;Nigedh;;;;;;;;;;;;;x
REG_317;Ugae;;;;;;;;;;;;;x
REG_318;Timmiha;;;;;;;;;;;;;x
REG_319;Ienob;;;;;;;;;;;;;x
REG_320;Anu;;;;;;;;;;;;;x
REG_321;Boboe;;;;;;;;;;;;;x
REG_322;Api;;;;;;;;;;;;;x
REG_323;Mnözö;;;;;;;;;;;;;x
REG_324;K'aisz;;;;;;;;;;;;;x
REG_325;Bozzonazh;;;;;;;;;;;;;x
REG_326;Uazh;;;;;;;;;;;;;x
REG_327;Cheazhuok;;;;;;;;;;;;;x
REG_328;Bunn;;;;;;;;;;;;;x
REG_329;Kouneg;;;;;;;;;;;;;x
REG_330;Nasha;;;;;;;;;;;;;x
REG_331;Vyunt;;;;;;;;;;;;;x
REG_332;D'oj'uss;;;;;;;;;;;;;x
REG_333;Koss;;;;;;;;;;;;;x
REG_334;Seki;;;;;;;;;;;;;x
REG_335;Enont;;;;;;;;;;;;;x
REG_336;Nggen;;;;;;;;;;;;;x
REG_337;Keze;;;;;;;;;;;;;x
REG_338;B'eka;;;;;;;;;;;;;x
REG_339;Chent;;;;;;;;;;;;;x
REG_340;Mzishu;;;;;;;;;;;;;x
REG_341;Prirdhor;;;;;;;;;;;;;x
REG_342;Njasy;;;;;;;;;;;;;x
REG_343;Wethiw;;;;;;;;;;;;;x
REG_344;Rurch;;;;;;;;;;;;;x
REG_345;J'urhunt;;;;;;;;;;;;;x
REG_346;Wonu;;;;;;;;;;;;;x
REG_347;Quad'em;;;;;;;;;;;;;x
REG_348;Nikwiss;;;;;;;;;;;;;x
REG_349;B'wutty;;;;;;;;;;;;;x
REG_350;J'embar;;;;;;;;;;;;;x
REG_351;Kwun;;;;;;;;;;;;;x
REG_352;Thofsan;;;;;;;;;;;;;x
REG_353;Wute;;;;;;;;;;;;;x
REG_354;Doghi;;;;;;;;;;;;;x
REG_355;Righi;;;;;;;;;;;;;x
REG_356;D'jouht;;;;;;;;;;;;;x
REG_357;Doun;;;;;;;;;;;;;x
REG_358;M'hof;;;;;;;;;;;;;x
REG_359;M'houifoui;;;;;;;;;;;;;x
REG_360;Chodzib;;;;;;;;;;;;;x
REG_361;Nudzö;;;;;;;;;;;;;x
REG_362;Eëmi;;;;;;;;;;;;;x
REG_363;Qödb;;;;;;;;;;;;;x
REG_364;Shoaro;;;;;;;;;;;;;x
REG_365;Ubhreshb;;;;;;;;;;;;;x
REG_366;Rorzoöd;;;;;;;;;;;;;x
REG_367;Ramin;;;;;;;;;;;;;x
REG_368;Touigo;;;;;;;;;;;;;x
REG_369;T'hundou'ou;;;;;;;;;;;;;x
REG_370;Kushdâg;;;;;;;;;;;;;x
REG_371;Nopau;;;;;;;;;;;;;x
REG_372;Moht;;;;;;;;;;;;;x
REG_373;M'heht;;;;;;;;;;;;;x
REG_374;Kaatyakhu;;;;;;;;;;;;;x
REG_375;Gyatya;;;;;;;;;;;;;x
REG_376;Gyavrsie;;;;;;;;;;;;;x
REG_377;Gyriva;;;;;;;;;;;;;x
REG_378;Ryiesie;;;;;;;;;;;;;x
REG_379;Rugg;;;;;;;;;;;;;x
REG_380;Kyrurk;;;;;;;;;;;;;x
REG_381;Hyrakyie;;;;;;;;;;;;;x
REG_382;Mnöb;;;;;;;;;;;;;x
REG_383;Noödz;;;;;;;;;;;;;x
REG_384;Zhirshei;;;;;;;;;;;;;x
REG_385;Zönëz;;;;;;;;;;;;;x
REG_386;Ashdzo;;;;;;;;;;;;;x
REG_387;Pum;;;;;;;;;;;;;x
REG_388;Pözojë;;;;;;;;;;;;;x
REG_389;Möra;;;;;;;;;;;;;x
REG_390;Pöb;;;;;;;;;;;;;x
REG_391;Rarq;;;;;;;;;;;;;x
REG_392;Tsåtae;;;;;;;;;;;;;x
REG_393;Gobör;;;;;;;;;;;;;x
REG_394;Tnaeng;;;;;;;;;;;;;x
REG_395;Reusu;;;;;;;;;;;;;x
REG_396;Kåkhad;;;;;;;;;;;;;x
REG_397;Tavaf;;;;;;;;;;;;;x
REG_398;Dakhste;;;;;;;;;;;;;x
REG_399;Hafad;;;;;;;;;;;;;x
REG_400;Tnets;;;;;;;;;;;;;x
REG_401;Azid;;;;;;;;;;;;;x
REG_402;Dzeënpaz;;;;;;;;;;;;;x
REG_403;Favufe;;;;;;;;;;;;;x
REG_404;Haet;;;;;;;;;;;;;x
REG_405;Gies;;;;;;;;;;;;;x
REG_406;Dzub;;;;;;;;;;;;;x
REG_407;Muna;;;;;;;;;;;;;x
REG_408;Boshbish;;;;;;;;;;;;;x
REG_409;Rumnidb;;;;;;;;;;;;;x
REG_410;Zushörm;;;;;;;;;;;;;x
REG_411;Mër;;;;;;;;;;;;;x
REG_412;Dzëshorm;;;;;;;;;;;;;x
REG_413;Domnup;;;;;;;;;;;;;x
REG_414;Uenoe;;;;;;;;;;;;;x
REG_415;Nise;;;;;;;;;;;;;x
REG_416;Hgoefa;;;;;;;;;;;;;x
REG_417;Bini;;;;;;;;;;;;;x
REG_418;Egot;;;;;;;;;;;;;x
REG_419;Hudh;;;;;;;;;;;;;x
REG_420;Vivkied;;;;;;;;;;;;;x
REG_421;Mhm'ags'amm'a;;;;;;;;;;;;;x
REG_422;Ptj'ath'afchf'a;;;;;;;;;;;;;x
REG_423;Tt'aggch'afchf'a;;;;;;;;;;;;;x
REG_424;Dfj'aggch'appht;;;;;;;;;;;;;x
REG_425;Jaj'asks'anm;;;;;;;;;;;;;x
REG_426;Tr'aggch'arz;;;;;;;;;;;;;x
REG_427;J'abb'abb;;;;;;;;;;;;;x
REG_428;Wh'atpj'apj'a;;;;;;;;;;;;;x
REG_429;Mfj'aggch'az;;;;;;;;;;;;;x
REG_430;Th'asks'atg;;;;;;;;;;;;;x
REG_431;Uujji;;;;;;;;;;;;;x
REG_432;Qaisaq;;;;;;;;;;;;;x
REG_433;Patakqi;;;;;;;;;;;;;x
REG_434;Qiktas;;;;;;;;;;;;;x
REG_435;Kuraav;;;;;;;;;;;;;x
REG_436;Giin;;;;;;;;;;;;;x
REG_437;Vudu;;;;;;;;;;;;;x
REG_438;Mirpaa;;;;;;;;;;;;;x
REG_439;Maag;;;;;;;;;;;;;x
REG_440;Qussiv;;;;;;;;;;;;;x
REG_441;Fres;;;;;;;;;;;;;x
REG_442;Zaguyt;;;;;;;;;;;;;x
REG_443;Chet Island;;;;;;;;;;;;;x
REG_444;Wh'a'apj'a;;;;;;;;;;;;;x
REG_445;Fid Atoll;;;;;;;;;;;;;x
REG_446;Khosopd;;;;;;;;;;;;;x
REG_447;Shau Zhakd;;;;;;;;;;;;;x
REG_448;Kahem Island;;;;;;;;;;;;;x
