Key;English;French;German;Polish;Spanish;Italian;Swedish;Czech;Hungarian;Dutch;Portuguese;Russian;Finnish;
post_napoleonic_thought;Gozomedic Army Thought;;;;;;;;;;;;;x
post_napoleonic_thought_desc;Gozomedic Army Thought;;;;;;;;;;;;;x
post_napoleonic_army_doctrine;Gozomedic Army Doctrine;;;;;;;;;;;;;x
post_napoleonic_army_doctrine_desc;The dynamic Greatlord of the eastern domains, Gozomedes Midodazh, at the outset of his reign, marshaled massive forces to begin an invasion of the rebellious and fractured imperial provinces. His army laws disrupted the traditional dynamic of noble officers leading the sons of their serfs into battle, and created some of the first true massive armies. The scale of tactics prompted a pivot to wars of dynamic movement, and grand battles, as well as logistical and officerial innovations as the military staff gained increasing flexibility and responsibility. His vastly effective armies, as demonstrated most spectacularly in the battle of Adnozhkt, against the combined forces of the southern alliance, demanded the large adoption of Gozomedic tactics and scales of arms by most of the foremost early states of Ishafazh in the early parts of the fourteenth century.;;;;;;;;;;;;;x
field_fortifications;Field Fortifications;;;;;;;;;;;;;x
field_fortifications_desc;In the years following increasingly dynamic and grand battles, there were redoubled efforts to innovate in the area of fortifications and syngerise them with the dramatic mobile warfare of the early fourteenth century. Innovations accumulated in carefully positioned fortresses as well as trenching, embankments, and sappers embedded in units to provide shelter for mobile artillery positions.;;;;;;;;;;;;;x
railroad_transport_groups;Railroad Transport Corps;;;;;;;;;;;;;x
railroad_transport_groups_desc; The advent of the railroad and especially its proliferation in the fractious territories in the Great N‚g encouraged the increased integration of civilian, military, and private railway organization in pursuit of military aims. Civilian and private entities worked closely with military authorities to ensure enough rolling stock for hasty mobilization, and timetables were communicated with the general staff; train conductors were either part of the soldiery or trained for mobilization patterns; and finally special transport corps were organized for embarking and disembarking on and from trains.;;;;;;;;;;;;;x
tank_experiments;Two-Legger Experiments;;;;;;;;;;;;;x
tank_experiments_desc;The "Two Legger"ù was a late fourteenth century landship pioneered in the substantial war between the Great N‚g and Poumnia. Consisting functionally of an combustion engine axel system that turns two massive front metal wheels supported by smaller auxiliary wheels at the back and a sheet metal skeleton, it features a back engine brig, a front gunnery hold to preserve a mounted artillery piece or machine gun, and a tall front cabin tower with a barred window for shooting and steering. The first and earliest two leggers saw service trundling across the shelled-out landscape of the frontlines in Dhukn‚g. Its narrow tall structure with massive wheels made it easy to steer, and less liable to get stuck in muddy terrain, and even ford through small swamps, but it was liable to tip if hit directly by shells.;;;;;;;;;;;;;x
tank_exploits;Two Legger Doctrines;;;;;;;;;;;;;x
tank_exploits_desc;The early two legger deployments were usually clumsy or ill conceived. Two Leggers were hit by shells and toppled, their drivers were shot dead by daring soldiers who ran right up to them, or they simply stalled out from engine failure, rough terrain, or another mechanical issue. However, in the Nozo-Piikland battle of 1383, a trio of two leggers made a decisive difference in the fighting. Supported by infantry crews, a two legger charge with substantial firepower unleashed shattered Poumnian lines and drove the Poumnian position into a rout, eventually allowing the Jiishan‚gi forces to push the Poumnians back to the Piik river. From this point on, a number of doctrinal observances became associated with two legger combat: infantry support, and charge/ram maneuvers, primarily as a means for breaking tough positions. They began to feature spiked ramming pieces or grates towards the front of their chassis for annihilating those in their way. The two legger also became a curious tool for the gendarmeries, its fearsome image and armored shell protected the officers and soldiers from restive citizenry, and it was used as a mobile base of operations for regional occupation.;;;;;;;;;;;;;x
tankette;Tracked Legs;;;;;;;;;;;;;x
tankette_desc;The earlier two leggers featured primarily large, broad, metal wheels, which made for great agility in flat spaces, and long term reliability, requiring less maintenance, but also limited the size of the landship by weight, forcing engineers to install smaller artillery pieces and machine guns. However, the use of tracking for specialized mobile heavy artillery installations made for the possibility of designing two leggers with far greater firepower and armor. Treading also made them more resilient to irregular terrain in mountains and hilly settings. The first combat ready tracked Two Legger, "Baztakoi"ù, Namanak Dodazh's "mobile fortress"ù, was deployed late in the N‚gi-Poumnian war in 1386, and saw combat as a fortress buster in the scree ridden muddy hills of Pouromum.;;;;;;;;;;;;;x
light_tank;Heavy Leggers;;;;;;;;;;;;;x
light_tank_desc; The substantial increase in tonnage allowed by tracks allowed for not only a substantial increase in size and firepower in the design of traditional two leggers, but allowed for a substantial revision in design. The traditional steering cabin tower was moved to the center, but the engine brig was also expanded to include a crew quarters for carrying infantry, and the frontal artillery installations were expanded and improved. The "mobile fortress"ù of the later N‚gi-Poumian war was a fearsome installation on a strategic position in a battlefield, which came to be a central fixture of late fourteenth century and early fifteenth century warfare.;;;;;;;;;;;;;x
armored_cars;Two Legger Support Crews;;;;;;;;;;;;;x
armored_cars_desc;With the invention of larger and treaded two leggers, the heavy wear and tear on the treads, and more intensive engine usage made them less reliable, and oftentimes they would be towed by tractor to battle sites, rather than consistently driven across long distances, and supported by active infantry crews trained to fight alongside two leggers. The presence of regular support crews for larger two leggers led to their gradual adoption by the smaller two legger crews as well, in a limited way. Integration within infantry units trained to right two leggers helped deal with stability, and a ledge for sappers to rest on at the back of the two legger allowed for quick mobilization of duckboards and digging of gullies to traverse vastly irregular terrain in non-combat settings.;;;;;;;;;;;;;x
late_enlightenment_philosophy;Practical Realism and Subjectivism;;;;;;;;;;;;;x
late_enlightenment_philosophy_desc;Practical Realism and Subjectivism;;;;;;;;;;;;;x
idealism;Functionalism;;;;;;;;;;;;;x
idealism_desc;Functionalism;;;;;;;;;;;;;x
neokantian_idealism;Ashkazhine Functionalism;;;;;;;;;;;;;x
neokantian_idealism_desc;It is undoubtedly clear, declared Opau Ashkazh, in The Functional Account of Being (1302), a foundational text of the mechanist Ashkazhine epistemology and ontology, is that things exist because they do things, and what they do is the totality of their being. They are mere "machines"ù working on other machines. One cannot conceive of even the impression of an object save for the capacity of the object to act upon the mind. In such a way, the mind, the body, and all "things"ù, the "thing"ù label now extended also to processes, words, and ideas, for these similarly have affective capacity, are merely acting and receiving machines, both affective and pathetic. This broadly synthetic and systematizing work would be followed by substantial revisions and elaborations by Ashkazh's students and Ashkazh himself, and would dominate the intellectual climate of Ishahfazh in the first half of the fourteenth century.;;;;;;;;;;;;;x
hegelian_idealism;Pragmatics and Linguistics;;;;;;;;;;;;;x
hegelian_idealism_desc;The posit of words as processes by which a subject acts, not as signifiers, gradually revolutionized the study of language. Drawing on the work of Ashkazhine functionalism and the parts of it devoted to philosophical and linguistic discourse, Ishagiza Bohdma in The Empirical Study of Word Usage and Translation (1320), gives a broad theoretical and ontological account of the functions of words and their systematic orderings as functional modes of speech, incorporating older notions of the grammarians such as the indicative and the imperative.;;;;;;;;;;;;;x
proto_existentialism;Ultranominalism;;;;;;;;;;;;;x
proto_existentialism_desc; The advent of a linguistic paradigm that fully excluded any commitments to suppository or significatory features came to resurrect an old debate in metaphysics. Practically, argues, Rukroum Betz-Ohrun, in The Wallaby's* Tail (1315), an asemantic language fails to commit us to, not just categories or universals, but even particulars. A divergence from Ashkazhine functionalism, who believes we can talk of the machines that work, Betz-Ohrun and his school, drawing on a already restrictive epistemological system, came to believe that while words can be used to cause other to believe in entities, they do not actually speak of classes or entities or indicate classes or entities. *Meaning a large rodential creature found in Pruuntia.;;;;;;;;;;;;;x
malthusian_thought;Pazzak's Quanta;;;;;;;;;;;;;x
malthusian_thought_desc;Pazzak's Quanta;;;;;;;;;;;;;x
positivism;Mnemosynianism;;;;;;;;;;;;;x
positivism_desc;Mnemosynianism;;;;;;;;;;;;;x
functionalism;Conceptual Analysis;;;;;;;;;;;;;x
functionalism_desc;Conceptual Analysis;;;;;;;;;;;;;x
biologism;Machinism;;;;;;;;;;;;;x
biologism_desc;Machinism;;;;;;;;;;;;;x
enlightenment_thought;Anti-Magisterialism;;;;;;;;;;;;;x
enlightenment_thought_desc;Anti-Magisterialism;;;;;;;;;;;;;x
paternalism;Paternalism;;;;;;;;;;;;;x
paternalism_desc;Paternalistic attitudes have historically been popular in various parts of Ishafazhi society; patronage, lordship, bonds of social clientage, wala, etc. have been prevailing attitudes and implicit structural relationships that have ordered the relations between those considered social betters and social inferiors. Anti-Magisterial and Liberationist speculation broadly reinforced these ideas, either from a perspective of governmental responsibility for guaranteeing liberties, or, in a reactionary context, reaffirming the preferable relationship of lordly patronage as opposed to yeomanry and peasant freedom. ;;;;;;;;;;;;;x
constitutionalism;Rustic Naturalism;;;;;;;;;;;;;x
constitutionalism_desc;The speculation of the anti-magisterial movement led to a broad endorsement of rusticism and naturalism in political economy. Championing peasant agrarianism as "natural state of affairs"ù and particularist rural communitarianism as the perfect form of social organization, liberationist texts such as Dhov (Lord) Bozzamogga Nozkazh's Man and Nature and Madha Bidazh's Programme for the Shapt County Harvest popularized these political ideals. In many parts of the world the proliferation of these texts encouraged peasant militancy and regional organization, such as rural land banks, local assemblies, and a blending of the social and the political community in the countryside.;;;;;;;;;;;;;x
atheism;Congregationalism;;;;;;;;;;;;;x
atheism_desc;Liberationist and anti-magisterial speculation and political agitation broadly endorsed rural congregationalism as an ideal for the relationship between faith and social organization. Dencouning state involvement in ecclesiastical organization, political and religious activists beginning in the Gashdzii realms began to champion religious self-organization. Self-conscious religious organizations broadly had the effect of increasing social solidarity in regional communities, and reinforcing a sense of local and cultural identity.;;;;;;;;;;;;;x
egalitarianism;Fraternity;;;;;;;;;;;;;x
egalitarianism_desc;Early liberationist writing implicitly lauded a certain sort of patriarchal masculine fraternity among the yeomen class, but later liberationist writers, notably Yathoon Ifo in An Enquiry into the Origins of Nations came to construe "fraternity"ù, understood as an exclusive, ostensibly ultimately racial and brotherly, covenant of male yeomen who would fight, farm, and pray, autonomously but voluntarily together, as constituting the only legitimate foundation of nationhood. Extended so into the political sphere, "national fraternity"ù came to dominate the political discourse, especially in the revolutionary and free-yoker political contexts. ;;;;;;;;;;;;;x
rationalism;The Sovereign Will;;;;;;;;;;;;;x
rationalism_desc;"The Sovereign Will"ù as an idealization of a resolved social covenant between voluntarily free citizens pooling their natural sovereignty endowed to them by nature, land-ownership, and strength ultimately became the rational basis for Liberationist governance. A tension in liberationist philosophy between the professed sovereignty of the individual, his (for ultimately the only political subject for the liberationist was a male) implicit relationship with the community, and the paradoxical need to construct a government to demarcate the limits of government always plagued liberationist speculation. These contradictions were ultimately resolved by Sevu Orooth in his influential synthesis Three forms of Mortal Governance, where, in the third part, he describes "the perfect [or divine - Sithevan makes no distinction] community"ù (Bo Yethu Anitoro), government by the sovereign will that preserves both communal liberty and individual liberty, both of which ultimately are free to then constitute a harmonized will by a self-conscious identification with its preserving faculties, the "benign circle' that is "the hand that holds itself"ù, in Orooth's words.;;;;;;;;;;;;;x
ideological_thought;Political Dogma;;;;;;;;;;;;;x
ideological_thought_desc;Political Dogma;;;;;;;;;;;;;x
authoritarianism_desc;The liberationist outburst stimulated the vigorous and self-conscious reformation and clarification of epistemological and practical principles by conservative and reactionary thinkers. Rallying behind the capacity for violence and naked force of reactionary armies, the clerical and municipal police, and the hangman's gallows, many defenders of the old order have come to champion the state's power to control as the foundation of its right to existence and right to command the lives of subjects. In the Modhag Police Commissioners Handbook of 1311, Arch Constable (Jakozzak) Vazzamak Nazakh lays out a plethora of methods for control of the populace, including closed juries, secret informants, penal labour colonies, mock-executions, and spectacular public violence, as well as provides short and practical justifications for the "maintenance of order and the foundations of the laws"ù.;;;;;;;;;;;;;x
hierarchical_order;Romantic Servitude and Social Corporatism;;;;;;;;;;;;;x
hierarchical_order_desc;The context into which industrial society sprung was not an early modern context with a feeble public sphere, but a basically premodern cognitive context. The reactionary psychology was deeply rooted in ideas of personal servitude to a local master, whether the district governor of a Poumnian Inu (Imperial Province), the local Dhov (Lord) in the feudatories of Gashdiik, or the rootsman of the northern Tehurites. In a context of increasing literacy and political debate, in the 1310s and onward one sees a proliferation of public and private texts glorifying the romantic nation of service to another or the (exclusive) community; the bond between lord and master, comradeship in armies, and thrilling sublimity of adapting one's being entirely to the faithful service of a greater power. The gubernatorial oath of the Gozonazhk polity composed in about 1313 is a prime example of the adaption of romantic service to new context. Pledging strict loyalty, body and soul, the candidate is expected to prosecute his duties as governor of cities and provinces, "were he but a limb of the powers that be, the crown, estates, and parliament"ù.;;;;;;;;;;;;;x
traditionalism;Parochialism;;;;;;;;;;;;;x
traditionalism_desc;Self conscious and dogmatized parochialism gained currency as a political ideal in the early fourteenth century. Amenable to both the needs of Liberationists and Conservatives, ideological parochialism champions the immediate and the local, the family, the village, the court, the manor, as the natural organization of society. All political life is seen as the outgrowth of family life, and this is seen best kept as a small and local affair. Drawing on a vast collection of clerical and monarchical propaganda texts throughout history, the acme of this political development came with Dosh Modo of the Guzzadt Chruch in Gaub's The Care of Souls (1315), a synthetic work on the ways to goodness and salvation, which incorporates vast amounts of discourse on the role of the state, family, community, and the prince as the "little father"ù, proxy of the mother Guzzadt, in a reality rife with religious order and significance.;;;;;;;;;;;;;x
political_religion;The Divine Community;;;;;;;;;;;;;x
political_religion_desc;The success of the Liberationist experiment in Sublime Veyethu after the revolution of 1297 planted a particular Vugiorian brand on Liberationist and Free Yoker discourse. Originally, of course, the Liberationist thought was an outgrowth of social-magisterialism, and the emphasis on freedom of congregational organization remained a cornerstone of Liberationist philosophy, but the Veyethian state took the extreme position of covering much of its political decisions with appeals to "natural theology"ù, "the numinal will"ù, and "the sacrosanct order"ù. Even in non-vewugist contexts, Liberationist demands became intimately involved in, and made with appeal to, religious discourse and concepts.;;;;;;;;;;;;;x
individualism;Antietiologism;;;;;;;;;;;;;x
individualism_desc;A strange and short-lived doctrinal flourishing the Vokonazhi domains, Antietiologism was a fascination of the reclusive and esoteric literary intelligentsia. It emphasizes not the free will of all individuals, but specifically champions the senselessness of notions of cause, motion, behavior, and suggests that all action is both uncaused, and unwilled. Demanding a shift to the "psychology of the steppe"ù, this being a period of fascination with the Hyundaatv of northern Bafozh, it attacks both the liberationist movement and conservatism positing an absence of meaning to both of their structures. Practically, it would encourage greater political disobedience and unorthodox thought in the academy. Its foundational text was Ishahmedes Doshkazhk's Will, Anti-Will, and Unwill (1322), a concise discourse on the concept of willing, and its ramifications in ethics, politics, and aesthetics. The reverberations of Antietiologism would be subtle but persistent, narrowly affecting political discourse, but spawning a degree of aesthetic and literary responses.;;;;;;;;;;;;;x
secularization;Secularization;;;;;;;;;;;;;x
secularization_desc;The advent of modern economic structures, increasing literacy, and the unorthodox liberationist employment of religious discourse encouraged a conceptual distinction between the city of god and the city of man. Once embedded in a common social habitus in most parts of the world, a key feature of the modern mind was this conceptual distinction and the possibility of the construction of secular subjecthood. Drawing on the work of various heterodox historical commentators on the matter, social thinkers and political dogmatists, such as Shomoho Mudt and Drid Tzau-Hydom began to advocate for a secular ideal. The secular impulse would undergird the demands for Statism and the formation of the Statist ideology.;;;;;;;;;;;;;x
determinism;Political Functionalism;;;;;;;;;;;;;x
determinism_desc;Functionalist philosophy eventually found its way to the field of social and political speculation. In Shomoho Mudt's Social and Political Being (1319), Mudt declares there is nothing "given"ù about the state or the community save for that one of its functions is typically to perpetuate its own existence - a new, better state may be made by systems working within it, and the test of the state is merely its ability to "operate"ù. Mudt's work would be foundational in the clarification of Statist political organization, as well as their revolutionary dogma.;;;;;;;;;;;;;x
post_nelsonian_thought;Early Modern Naval Tactics;;;;;;;;;;;;;x
post_nelsonian_thought_desc;Early Modern Naval Tactics;;;;;;;;;;;;;x
classicism_n_early_romanticism;Style Athisoisique;;;;;;;;;;;;;x
classicism_n_early_romanticism_desc;Style Athisoisique;;;;;;;;;;;;;x
bureaucracy_vs._nepotism;Plebeian Behavioral Quantimetrics;;;;;;;;;;;;;x
bureaucracy_vs._nepotism_desc;The management of large populations always presents a challenge. ìHow to manage something as changeable and fickle as the crowd?î, asked Pazzak the Younger, in ìCriminal Behavior in Grain Dole Recipientsî (1325). Employing methods from the quantified social sciences, an emerging field of behavioral response study developed largely commissioned by civil servants and those with interests in public order. Eschewing psychological explanations as ìimpenetrableî or ìunknowableî or ìmetaphysically unrealî (the functionalists), the Quantimetricians of the governments of Ishahfazh pioneered a number of incentive and disciplinary methodological guidebooks to both manage, guide, or gradually deconstruct social behaviors based on empirical outcomes.;;;;;;;;;;;;;x
meritocracy_vs._aristocracy;Bureaucratic Accountability Theory;;;;;;;;;;;;;x
meritocracy_vs._aristocracy_desc;Beyond the naked capacity for force, the so-called ëcivil elementsí are a near essential feature of those social organizations called states - a parasitic growth on tributary structures that has come to be a despotic and controlling organ. The rationalization and the improvement of the methodology and structure of the civilian bureaucracy can vastly increase the efficiency and strength of the fiscal-military institution that is the state. In the mid-fourteenth century, the synchronous expansion of the civil bureaucracy and the emergence of statist-functionalist philosophy stimulated a plethora of opinions on the improvement of the civil bureaucracy. Foremost among them was Goun Sha-Gosod Sha-Manís ìTreatise on Servilityî (1326), which, while, cast in the strange context of the Poumnian divine cult, and the extension of divinity through service, clearly indicates a broad awareness of the importance of the development of a civilian ethos, a pride in employment, an identification with the state, and audit structures to ensure tireless labor in the service of the state. Particularly, Sha-Gosod Sha-Manís emphasis on record keeping accountability and bypass appeals processes speaks to emerging notions of flexible bureaucracies that can purge their own calcified sinews.;;;;;;;;;;;;;x
mission_to_civilize;Frontier Management Theory;;;;;;;;;;;;;x
mission_to_civilize_desc;The quick increase in direct administration of overseas possessions called for the development of techniques for managing foreign populations as well as flexible frontiers. Trial and error led to a gradual rationalization and formalization of methods, recorded and to be read by neophyte colonial functionaries, administrations, and officers. Summary executions, popular appeasements, maintaining segregated lands, granting of temple rights, integration with local elites, incentives to settle tribesmen, etc, all became systemic employments of the colonial governor.;;;;;;;;;;;;;x
biased_multiculturalism;Imperial Cleruchies;;;;;;;;;;;;;x
biased_multiculturalism_desc;The settlement of veterans of the imperial and metropolitan armies on the land of defeated peoples and states has always been a common practice of empires. In the imperial and colonial boom of the mid-fourteenth century, there was no exception. Veterans of all sorts, even sepoys from foreign continents, and indeed in some more populist governments, the poor and the wretched of the metropole, were often given ìlotsî of land, appropriated from the pre-colonial elites. Millions of hectares of land were used by these powerful landowners, who often employed local labour to build a new life in the colonies.;;;;;;;;;;;;;x
national_fraternity;Metropolitan Privilege;;;;;;;;;;;;;x
national_fraternity_desc;To belong to the imperial citizenship, especially in the colonies, is and was an object of cultural prestige, a certain status which is felt in all walks of life, positively, in the sense of opportunity, and negatively, in the sense of suffering avoided. Jobs, legal privileges, social privileges, and, for those more wretched, at least some sense of prestige and esteem. The social representation of belonging to the ruling cultural class of an empire often served to create a sense of social cohesion and encourage political pacificity, making the populace more tolerant of the actual burdens of empire, but in some degree expecting a return from it.;;;;;;;;;;;;;x
nationalism_n_imperialism;Imperialism and Particularism;;;;;;;;;;;;;x
nationalism_n_imperialism_desc;Imperialism and Particularism;;;;;;;;;;;;;x
manifest_destiny;Civilisational Quanta;;;;;;;;;;;;;x
manifest_destiny_desc;The encounter with underdeveloped and non-industrial peoples on a large scale, disseminated through the popular consciousness by increasing literacy and connectivity, helped drive a newfound awareness of civilisational differences, and sometimes, extreme cultural chauvinism. In ìReport on three Urns from the Ouhrond, or, the Antiquities of Kovazhî (1338), the antiquarian and historian Ishamenes Moai classes the Auchobharr of the great Ourhond as a secondary-degree civilisation, in his developmental scheme, which he describes as ìstultified and passiveî. A sense of pervasive bigotry slowly emerged as a sense of superiority emerged in Ishahfazh, encouraging positive self-representations and loyalty to the metropolitan states claiming to represent a powerful, developed, imperial civilisation.;;;;;;;;;;;;;x
expansionism;Expansionism;;;;;;;;;;;;;x
expansionism_desc;The process of expansionism and the commitment to it politically came by many reasons and with many justifications. Whether justified by the natural, quasi-functional expansion of organizational consuming systems, the higher civilisational quality of the imperial civilisation, or the casual appeal to force and might, in any case many people of Ishahfazh came to believe that military and territorial expansion was a natural and justified, legitimate process of states. The expansionist tendency, the promise of new land and new opportunities, served to often divert thoughts of social and political concern in the metropole.;;;;;;;;;;;;;x
separatism;Particularism;;;;;;;;;;;;;x
separatism_desc;The engagement with imperial thinking and imperial justifications prompted the periphery and the downtrodden, as well as the advantageous regionalist, to formulate an intellectual programme of active particularism. Resisting all forms of metropolitan domination, even in historically cosmopolitan imperial states, self-conscious particularism became a force to be reckoned with in the later half of the fourteenth century. The much glorified Dehuogi Haijduks, the bandit heroes half in the service of most noble house Budobaman, or the ferocious anti-imperialism of the Wushauw of the southern forests serve as prime examples of the will to resist centralisation and imperialism.;;;;;;;;;;;;;x
prophylaxis_against_malaria;Prophylaxis Against Boreal Flux;;;;;;;;;;;;;x
prophylaxis_against_malaria_desc;Boreal Flux, the strange illness that afflicts the northern realms, has long been a scourge to those unfamiliar with it. Spewing ghastly amounts of blood, causing hair loss, the body inflamed in rash and caked with necrotic skin, patients usually die a quick death. The discovery of the extremophile bacteria that cause this illness in the glacial streams of the northern lands in 1314 by Professor Huttag GÙh‚gannud and his plan of inoculation for the Rannutan settlers in Paukzhodo allowed for the far safer settlement of these regions, as well as made military action in these regions easier.;;;;;;;;;;;;;x 
anti__rationalism;Neo-Shamushic Kabbala;;;;;;;;;;;;;x
anti__rationalism_desc;Neo-Shamushic Kabbala;;;;;;;;;;;;;x
existentialism;The Last Secret;;;;;;;;;;;;;x
existentialism_desc;I once was in Aekyum, yes. That was in the old days, the sleepy days, before the annexations. Weíd come by ship, an old military packet, now in the hands of a captain who knew how to get past the lazy soldiers without needing to present papers. The sun was setting over the sea, and bathed the square, wooden spiked, sandstone tower of the teacher in a warm golden light. The fronds of the great trees swayed in the ocean breeze. We were on the edge of the old town. They said he kept an old midrash up there, and refused to see anyone, but now he was dying. I was his heir - distantly. Three flimsy old fools, wearing the flowing robes of the Shamushic cognoscenti, hissed instructions at me and shuffled me into the musty old fortress. There he lay, the windows boarded up, in stifling heat and stale air, the filthy room lit by a solitary candle. The old men left. He beckoned me to come towards the bed, weakly, but with a brittle insistence. There he discoursed on all matters of land and sea: he spoke of the Tuum-aeyl of old, he spoke of the world to come and the world gone by, he told of the teachings of Rod in his tower, the truth of extensions and passions, the mystery of the open mouth, the reason the serpent has no legs, and then he imparted to me the final secret, the last and only truth, the life work of the great mystic diviner Oton Betz-Oromon. I cannot tell you, but I will show youÖ;;;;;;;;;;;;;x
empiricism;Naturalism;;;;;;;;;;;;;x
empiricism_desc;Naturalism;;;;;;;;;;;;;x
i_empiricism;Naturalism;;;;;;;;;;;;;x
i_empiricism_desc;The functionalist impulse was vociferously responded to by the Naturalist school. Championing above all a posteriori reasoning, coherentist epistemology, and linguistic analysis ëfrom the givení, it accepts both the semantic and pragmatic elements of language. It rejects the modus metaphysicis of the functionalists, suggesting that the functional analysis was ungrounded. In the ìThe Three Errors of the Sage of Gashdzounî (1345) by Mruub Sha-Shum, the remarkable, sly and joyous ìlittle thinkerî of Prousorum, provides an elegant refutation of Azhkazine functionalism, and expounds, wittily, his system of Naturalist thought. Naturalism, while it enjoyed a brief intellectual vogue in the circles of Nozho and Pashdzii, was never embraced by its homeland of Poumnia, whoís religious traditionalism it was decidedly out of step with.;;;;;;;;;;;;;x
pragmatism;Naturalist Philosophy of Language;;;;;;;;;;;;;x
pragmatism_desc;The clarification, and indeed sanction of, semantic theories in the naturalist system, paved the way for a system of semantic thought. Naturalist semantics took meanings as a given, and strove to clarify the relation between them and words. The most successful naturalist philosophy of language came from the enigmatic Ungoun Zaum-Morot of the Towuzhians. In The Unspoken Word, in particularly dense language and technical vocabulary, Zaum-Morot describes the immanent nature of meanings, and the subsistence of meaningfulness, particularly meaningful entities, as a consequence of the apparentness of communication. Zaum-Morot finds the ëmeaningí token as a nexus of instantiation in the minds of the individuals speaking, and meanings to be the essential universals of presentation and information.;;;;;;;;;;;;;x
nihilism_and_the_will;Temporal Kyklocracy;;;;;;;;;;;;;x
nihilism_and_the_will_desc;How does the world change? It doesnít, said Uni Taujat, of the holy order of fighting monks in Unia: for it is ruled by Circles. For at least a millennium, the Monks of Unia have been driven mad by circles, though theyíd tell you theyíve known the truth about circles since time began, which, according to them is never, so, they tell you, theyíve always known the secret of circles, because clearly they do now. Such mystic discourses were popularised in the publicist and anthropologist Izamobba Zevvobaís The Shocking Testimonies of the Monks of Uni (1378), of which the primarily theme is the rules of Circles upon fate, upon time, and upon the lives of all. The vogue of pinning political developments and personal strife down to ëtemporal kyklocracyí, the rule of 'circles in time', became quite popular in southern Ishahfazh in the final quarter of the 14th century, a sort of reflex of the philosophical hack or the artistic dilettante.;;;;;;;;;;;;;x
futurism;Teleology of Ways;;;;;;;;;;;;;x
futurism_desc;The Functionalists of old found being in action and doing, the curricular determining of the machine. In Forward to thyself! (1373) JÍjor Yoguth‚hu, the bastard son of a governor of colonial Paukzhodo, who inherited a large estate in the Rannutan heartland, declares the priority of essence to action and discourses upon through the modern miracles of the steam turbine and the machine gun. Somewhere in the tradition of Functionalism, he revives the language of Machines, but declares that the a-priori ëreason of beingí is not defined as action is undergone, but the means of action are only defined by the vitalistic heart of a being. For Yoguth‚hu, bafflingly, the essential steam turbine willed itself into existence, as that was one of the only ways it could find itself to exist. Similarly, the subject wills itself into being from pure essence, finding its ways of being fatalistically determined by its essential character.;;;;;;;;;;;;;x
quantum_theory;Aporetic Pragmatics;;;;;;;;;;;;;x
quantum_theory_desc;What is the unintelligible utterance? Where is the unwritable proposition? Where is the private language? How does one speak of what is beyond language? Attacking all the sacred dogmas of Methodism, Vuiya bui'Tikamsho, the remarkable Bogoran exile in Pashdzii developed what he describes as aporetic pragmatics, what he declared to be, ëthe only way to rid ourselves of the trickery and snares of languageí. Language, he acknowledges, as both a pragmatic and a semantic element, but this serves only to bewitch the senses. Only through acting upon the other through the conscious disentangling of the assumptions of language can we escape the tyranny of linguistic forms and communicate truth. The unutterable truths become a communicable paradigm through a broad collection of sincerely uttered falsehoods, contractions, and paradoxes. bui'Tikamsho never wrote a single book, but gave several discourses in Pashdzii to private audiences, and was briefly taken on as a lecturer in both Pashdzii and the Nozho, where his students took copious notes, during his floruit of 1381-1417. ;;;;;;;;;;;;;x
analytic_philosophy;Methodism;;;;;;;;;;;;;x
analytic_philosophy_desc;Methodism;;;;;;;;;;;;;x
i_analytic_philosophy;Methodological Circularity;;;;;;;;;;;;;x
i_analytic_philosophy_desc;The remarkable work of Taptnid Sha-Mang, the Poumnian Logician, Mathematician, and Linguist revolutionized language, mathematics, and logic by his ëThe Methodí (Gongum - 1345)  and ëthe Sign Systemí (Tor Dromon - 1344). His extensive work in creating what he believed to be a self-consistent logical language that could speak of itself, and justify, itself paved the way for a rapid expansion of conceptual logics, linguistics and semiotics as a science, and even the aporetic metaphysics of Vuiya bui'Tikamsho in the end of the century. ;;;;;;;;;;;;;x
modern_logics;Modern Logics;x
modern_logics_desc;Taptnid Sha-Mangís ëGongumí, or the conceptual notation, would become the foundations of mathematical logic and seminotic notation for many years to come, artfully synthesizing early notions of quantified logic and propositional logic. It would later be criticized for its failure to treat identity as primitive, as well as its tolerance of universal statements with existential import.;x
logical_positivism;Metaphysical Absolutism;;;;;;;;;;;;;x
logical_positivism_desc;Taptnid Sha-Mangís works claimed to range over reality as a whole, and speak of everything, absolutely, transcending both functionalist nominalism and the ënaiveí and borderline solipsistic views of the naturalists. Such a view influenced a certain grandiosity and authoritarian conservatism in thinkers immersed in Sha-Mangís work.;;;;;;;;;;;;;x
philosophy_of_language;Philosophy of Mathematics;;;;;;;;;;;;;x
philosophy_of_language_desc;The Methodist foundations ushered in a great blooming in Mathematical Philosophy, and the first coherent investigations into problems of the mathematical infinite, the reality of mathematical entities, and issues such as the interaction problem. The ëProusorum Circleí under Sha-Mangís successors and followers established an orthodoxy grounded in a broadly logicist scheme. ;;;;;;;;;;;;;x
phenomenology_n_hermeneutic;Semiotics and Suppositorics;;;;;;;;;;;;;x
phenomenology_n_hermeneutic_desc;Semiotics and Suppositorics;;;;;;;;;;;;;x
cuirassier_activation;Swinery Raiders;;;;;;;;;;;;;x
cuirassier_activation_desc;Swinery Raiders have for centuries been a fixture of warfare in Ishahfazh. The vast plains of Gashdziik in the west and the Sithevan lands of the east encourage robust swinery as essential to warfare. The ëraiderí unit became a recognizable soldier in the early 9th century, an armoured swinery soldier, trained in hand to hand combat, as well as shooting with light arquebus. A descendant of the aristocratic swinery of old, this unit carriest to some extent the greatest prestige, even though the actual usefulness of mounted and armed swordsmen has declined.;;;;;;;;;;;;;x
dragoon_activation;Swinery Lancers;;;;;;;;;;;;;x
dragoon_activation_desc;Swinery Lancers are the lightest and most flexible of the three ëmoderní swinery units. Emerging as a typical unit somewhere in the 10th century, it is believed in the uplands of Vafaut after the style of the local mounted warriors who used pistols and billhooks to defend and raid, the ëlancerí is equipped with a long lance and light pistol-style firearms. They typically are employed to engage in close-quarters melees, and have small ëuplandí bred Vafauti hogs as their mounts.;;;;;;;;;;;;;x
hussar_activation;Swinery Gunners;;;;;;;;;;;;;x
hussar_activation_desc;Swinery Gunners are the most flexible and standard of the ëbig threeí of the modern swinery unit. This is broadly a catch-all term for mounted soldiers armed with sabers and light carbines used in skirmishing, scouting, civilian management, and open battle. Usually mounted on East Vokonazhi chargers, their mounts tend to be fast but unwieldy and ferocious. ;;;;;;;;;;;;;x
darwinism;Biomachinics;;;;;;;;;;;;;x
darwinism_desc;The extension of the Functionalist principle to the realm of bodies and the body social spawned ostensibly one of the most profound results of the 14th century, that of the Biomachinal analysis of species. The fundamental insight is that reproduction is a functional value of successful machines, and that more successful machines reproduce more, that this becomes a new domain for competition, and thus changes accrue. The biological machine is just this; a self-replicating machine that resists disintegration. The insights of AdunnÙ VÙhannud, the Rannutan aristocrat and natural scientist, led him to publish the world renowned Machinic Success and The Principle of Differentiation (1343) essentially summed up the principle, where he declares ëI must conclude that those creatures which contained those most suitable features are those ones that are passed on, and so in fact gradually speciate and define the biomachine.í.;;;;;;;;;;;;;x
mass_politics;Social Absolutism;;;;;;;;;;;;;x
mass_politics_desc;Social Absolutism;;;;;;;;;;;;;x
the_doctrine_of_fascism;Absolutist Political Theory;;;;;;;;;;;;;;x
the_doctrine_of_fascism_desc;The absolutist impulse is a radical reformulation and indeed clarification of the purpose and even very being of the state; the state should be seen as an enterprise that succeeds or fails in the preservation and expansion of its own power, capacity, and efficiency, and nothing else - as an entity that lives, breathes, and grows for its own sake. The individual must be absolutely subordinated to the functions of the state, to ultimately become little but an appendage of the state. The N‚gi theorist Pazzak Moggadazh III, writing in 1367 in ëSociety and the Stateí suggests that ultimately ësocietyí is an outgrowth of the state. Only the state has the regulating principles to even give order to such a thing as a society, and even primitive tribes exist socially in virtue of their political existence. Fusing Biomachinic elements with an extreme form of Statism, the more popular ëAbsolutist Manifestoí or ëNotes of The Monsoon Speech to the Delegates of the 23rd N‚gi Statist Party Congressí of 1369, Moggadazh called for the state, famously, to take ëabsolute precedenceí and for the state to prosecute its struggle against the combined forces of the northern alliance and the Poumnians to an absolute degree. This would lead ultimately to a split between the statists and the so-called-absolutists, and the foundation of the first Absolutist party in the great N‚g. ;;;;;;;;;;;;x
paramilitary_groups;Democratic Centralism;;;;;;;;;;;;;x
paramilitary_groups_desc;Absolutist Party organisation typically proceeds by binding democratic centralist principles. The party line must be kept absolutely once a resolution is agreed upon. In the notes from the 4th Pan-N‚gine Absolutist Party Congress of 1383, one finds as an example delegate Bida Gamat denounced fellow party member Modanak Vazzunak for ëdefeatismí, ëconspiracyí, and for leading a Poumnian sponsored terrorist cell of ëdisgraced Gazzapt-Kozzite autonomistsí, and Vazzunak was duly expelled for his non-party thought. The charges of defeatism and conspiracy were later proven false, but his membership of the party remained revoked due to his repeated autonomist advocacy.;;;;;;;;;;;;x
the_police_state;The FNB;;;;;;;;;;;;;x
the_police_state_desc;The formation and governmental power of a number of absolutist parties, especially in the Great N‚g territories in the late fourteenth century allowed for an absolutist political culture to flourish and develop a number of further principled elaborations of their theory and practice. Orthodox Absolutism follows the teachings of Pazzak III and his disciple Bida Gamat. The ëFoftaptan N‚g Bazdí, or the ëInvestigative Concerns Boardí of the N‚gine state carried wide discretionary powers of arbitrary detainment, torture and execution, as well as encouraged a culture of peer-denunication and informancy. The notorious FNB became a model for the intelligence, secret police, and plainclothes gendarmes of many absolutist states.;;;;;;;;;;;;;x
dogma_of_mass_action;Theocratist Paramilitaries;;;;;;;;;;;;;;x
dogma_of_mass_action_desc;The first Theocratist paramilitary group was that of Deacon Mogga, the totalitarian preacher of the settler communities of the Gozonazh peninsula. Forming an alliance with great castellans on the frontier in the late 1330s, the theocratists bands became a terrorizing force, massacring recalcitrant workers and peasants, committing wanton acts of violence against the Vuyti ethnic minority, and exercising influence over local organs of the state. The Theocratist paramilitary group became the paradigmatic way in which theocratists came to power, an alliance of dissident clerics, the disaffected soldiery, and wealthy conservative extremists. ;;;;;;;;;;;;;x
revolution_n_counterrevolution;Modern Reaction;;;;;;;;;;;;;x
revolution_n_counterrevolution_desc;Modern Reaction;;;;;;;;;;;;;x
vangaurd_party;The Theocratist Party;;;;;;;;;;;;;x
vangaurd_party_desc;The movement by Theocratists such as Deacon Mogga to found an ostensibly political engaged party to engage in regular politics alongside their violent paramilitary groups paved the way for their engagement with the political masses both through terror and through rhetorical demagoguery. The paradigmatic theocratist party aims to seize power by legitimate or illegitimate means and then transform the state into a theocratist dictatorship.;;;;;;;;;;;;;x
commerce_raiders;Brigands;;;;;;;;;;;;;x
commerce_raiders_desc;A ëbrigandí was a colloquial name for any packet ship or commercial vessel that was retrofitted with plating and higher-caliber cannons. They rely on their light speed to harass enemy transports and shipping. Maritime Brigandage saw much action in the Jiishan‚gi-Poumnian war of 1324-8.;;;;;;;;;;;;;x
ironclads;Pitpots;;;;;;;;;;;;;;x
ironclads_desc;A ëpitpotí is a general term for any sea-going vessel that is built entirely of steel and without any timber. Their sturdy hulls help them avoid dangerous artillery from other ships. The first pitpot was the Pride of Nozho, constructed by Jiishan‚gi engineers in 1309. It was sunk in 1325 in a war with the Poumnians.;;;;;;;;;;;;;x
monitors;Bibblers;;;;;;;;;;;;;;x
monitors_desc;A ëBibblerí is a general term for covered-deck steel built seagoing vessels that reached a certain tonnage and maximum speed. Deck-coverings allowed for better armouring, the ability to brave more stormy waters, and general resistance. Sitting lower in the water than Pitpots or Crackwhips, they are said to ëbibbleí as the hum of the engine stirs the surrounding waters. ;;;;;;;;;;;;;x
protected_cruisers;Crackwhips;;;;;;;;;;;;;x
protected_cruisers_desc;Crackwhips were large, fast steel-plated ships with large cannons. Advances in engine technology allowed for substantially increased gun-sizes and vessel speeds on deck-ships. The first Crackwhip-class (really, Shroukshou-class) ship was the ëFWV Shroukshouí built by the Sha-Gosod Works in Kuuwumn. This formidable ship has one of the most legendary records in naval history, engaged in multiple hundreds of naval combats and said to have sank over 70+ proper enemy vessels.;;;;;;;;;;;;;x
pre_dreadnought;Sea-Forts;;;;;;;;;;;;;;x
pre_dreadnought_desc;Substantial increase in engine power around this time also allowed for the construction of massive vessels, commonly called ësea-forts', equipped with high caliber guns, and designed to slowly cruise around, patrolling waters and projecting power. With over 10,000 tons of displacement, the ìOknaptî of the N‚gine forces, commissioned in 1355 was at its time the largest ship sailing, and described as an ëunsinkable Sea-Fortí.;;;;;;;;;;;;x
dreadnoughts;Pudwou-Class Vessels;;;;;;;;;;;;;x
dreadnoughts_desc;The ëFWV Pudwouí, the pride of the Poumnian navy, became synonmous with a class of super large battleship reaching displacements of over 20,000 tons and with certain gun-configurations. Larger and more resilient than the already superlative laden sea-forts, The Pudwou launched an era of naval panic. ;;;;;;;;;;;;;x
torpedo_boats_desc;Torpedo Boats are cheap and numerous. They are equipped with Torpedoes to attack bigger ships like Crackwhips and Sea-Forts.;x
advanced_cruisers;Specialised Crackwhips;;;;;;;;;;;;;x
advanced_cruisers_desc;By the mid 1390s, cruisers had specialised into a role of long-distance stalking, and hunting smaller ships. Covered Crackwhip models allowed for combat in the stormy far seas, and long-distance maneuverability.;;;;;;;;;;;;;x
modern_cruisers;Modern Crackwhip Hulls;;;;;;;;;;;;;x
modern_cruisers_desc;Advances in hydranautic design in the 1390s and onward made for some of the most streamlined hulls yet. Firms like the Sha-Gosod works and their engineers designed crackwhips that could cut through stormy and choppy waters with record speeds. ;;;;;;;;;;;;;x
advanced_battleships;Modern Capital Hulls;;;;;;;;;;;;;;x
advanced_battleships_desc;The 1390s and the 1400s also featured innovations in large ships and capital ships. New hulls and defensive techniques, such as better plating below the waterline, undersea beta-boats for torpedo defense, and aircraft defenses made modern capital ships more formidable than ever.;;;;;;;;;;;;;x
modern_battleships;Oil Engines;;;;;;;;;;;;;x
modern_battleships_desc;The transition to oil-based ships drastically improved efficiency, and allowed for less needless ballast on the ship.;;;;;;;;;;;;;x
early_classical_theory_and_critique;Second Wave Speculation;;;;;;;;;;;;;;x
early_classical_theory_and_critique_desc;Second Wave Speculation;;;;;;;;;;;;;;x
john_ramsay_mcculloch;Dozmenes Miibziva;;;;;;;;;;;;;x
john_ramsay_mcculloch_desc;One of the greatest of the second wave of economic speculation, Dozmenes Miibziva of Nozho in Jiishan‚g was the first to suggest that Jiishan‚gís economic preeminence was due to its role as the congress point of world markets. In ëThick and Thin Marketsí (1304), Miibziva suggested that for many centuries economic development languished because of technological and political limitations to markets. He suggested that large empires like Kiidnazh facilitated a great degree of economic development, and preserved technological knowledge, but it wasnít until world spanning trade networks projected by the Jiishan‚gi and Poumnian states concentrated markets that it became incentivized for artisans and engineers to explore industrialising.;;;;;;;;;;;;;x
nassau_william_sr;Voun Sha-Pomid;;;;;;;;;;;;;x
nassau_william_sr_desc;Voun Sha-Pomid, of the little known Pomid family, distinguished himself by his ëstateí based criticism of early economic orthodoxy established in the late 1200s by the ëclassicalí Gashdzii economists. Rather than a reified ëeconomyí that stands somehow aloof from the state (or even ësocietyí), presaging the statists, Sha-Pomid suggested the economy exists in virtue of, and is driven by, ultimately, the organisation of the state, and only the expansion of states and their services serves to grow industry.;;;;;;;;;;;;;x
james_mill;Gizshaug P‚shodazhi;;;;;;;;;;;;;x
james_mill_desc;Gizshaug P‚shodazhi is most famous for defending the orthodox ëconsumptioní theory of economic growth in the ëdemandí pamphlet wars of the early fourteenth century. He suggested that growth was largely driven by demand, particularly luxury demand, and advocated principally for the lowering of taxes on the rich.;;;;;;;;;;;;;x
daimlers_automobile;Gizhaug's Motor-Car;;;;;;;;;;;;;;x
daimlers_automobile_desc;The invention of the first motor car by Mifazh Padud in Bagh, 1357 was a cause of mild interest for the rural rich, at the time, and took very many years before it entered pratical service.;;;;;;;;;;;;;;x
wright_n_langleys_aeroplanes;The Padud Aeroplane;;;;;;;;;;;;;;x
wright_n_langleys_aeroplanes_desc;The engineers of the Padud firm redoubled their prestige by being the first to invent the first airgoing vessel in 1375. Its maiden voyage crash near the old 'holy mountain in the Paguyti lands.;;;;;;;;;;;;;;x
direct_current_desc;The first common way to transmit electricity was direct current or DC, where the electrons flow in only one direction. Batteries produce direct current and it is commonly used in applications requiring low voltages. High voltage direct current is used to transmit power to long distances, especially when using underwater cables and to run trains.;;;;;;;;;;;;;;x
alternating_current_desc;In alternating current or AC systems electrons flow in both directions in wave patterns. Those in the Great N‚g were some of the first to pioneer the use of alternating current, which quickly became standard for large industrial or military projects.;;;;;;;;;;;;;x
polyphase_system_desc;The polyphase system is a way to help transmit alternating current efficiently. In it two or more phases travel simultaneously. In industrial applications three waves is the standards, although at first two phases were used.;;;;;;;;;;;;;;x
jacquard_power_loom;Mohdh‚gazh Paup's Power Loom;;;;;;;;;;;;;;x
jacquard_power_loom;Mohdh‚gazh Paup, the 'Baron of the Cloth', sponsored the developement and factory organisation of his in-house power loom, which revolutionised production of cloth.;;;;;;;;;;;;;;x
sharp_n_roberts_power_loom;Guzzamak's Mule;;;;;;;;;;;;;;x
sharp_n_roberts_power_loom;The Guzzamak Mule was the most popular spinning mule in the late thirteenth and early fourteenth centuries.;;;;;;;;;;;;;;x
northrop_power_loom;Vazumedes' Needles;;;;;;;;;;;;;;x
northrop_power_loom;Vazumedan needles allowed for most mules and spinning machines to handle more fine cloth, a large improvement on the earlier Mule;;;;;;;;;;;;;;x
hussey_n_mccormicks_reaping_machine;Gozomak's Reaper;;;;;;;;;;;;;;x
hussey_n_mccormicks_reaping_machine_desc;Ashnuz Gozomak's wheel powered motor-reaper vastly increased agriculutral yeilds.;;;;;;;;;;;;;;x
pitts_threshing_machine;Nuzhamedes' Pounder;;;;;;;;;;;;;;;x
pitts_threshing_machine;Nuzhamedes of Oazud, by an ingenious system of grinding pegs, invented a machine for fast and efficient threshing.;;;;;;;;;;;;;x
whitney_n_colts_standardized_small_arms;Sha-Ashouw Gauges;;;;;;;;;;;;;;x
whitney_n_colts_standardized_small_arms_desc;The Nascent Sha-Ashouw firm pioneered standard gauges of small weaponry due to their contracts with the Poumnian government. The machines for producing these parts were widely copied.;;;;;;;;;;;;;x
fordism;Line-Work;;;;;;;;;;;;;;x
fordism_desc;Research into industrial efficient by the economists of the Great N‚g's absolutist secrateriate produced a remarkable ammount of innovations, most notably line-work style organisation.;;;;;;;;;;;;;x
bessemer_steel;Lung Steel;;;;;;;;;;;;;;x
bessemer_steel_desc;Dhuch‚ Kazh was the first to invent his 'steel lungs' for bubbling oxygen through molten iron to process it into steel and funneling out slag.;;;;;;;;;;;;;x
martin_steel;Great Oven Steel;;;;;;;;;;;;;x
martin_steel_desc;Lung style steel was limited to steel with much too much phosphorous. The 'Great Oven Style', pioneered by the engineers of the state-backed Sha-Ashouw firm, pioneered the Great-Oven style superheat iron and create steel.;;x;;;;;;;;;;;;;x
thomas_steel;Basic Lung Steel;;;;;;;;;;;;;;x
thomas_steel_desc;The invention of coatings to protect against reactions with Phosophous were pioneered in the mid 1320s and allowed for those dependent on Kazh or Lung steel to catch up with those casting Great-Oven style steel.;;;;;;;;;;;;;x
vaccination_desc;The first vaccination was pioneered by Shumid Sha-Munpt, the Poumnian commander of Mra-Ouswun. Observing Qooxibi habits in exposing their children to the flies at night, he realised that moderate illnesses could be prevented by stimulating the immune system. In 1298 he suggested using Swine-Flu, a relative of the ghastly nocceus torpicus bacterium that devestated populations, in safe innoculations. This method meant that one could immunize animals and hominids from illnesses that flourished. This made life easier for man, cattle and thrall tending more profitable.;;;;;;;;;;;;;;x
genetics:_heredity;Heritability;;;;;;;;;;;;;x
genetics:_heredity_desc;AdunnÙ VÙhannud, the great bioneer of the Biomachinal thesis, also innaugerated the study of heritible traits in his pioneering research on the populations of fat, large flying insects that produced a common tasty egg, which he bred on his great estate. These principles allowed for the greatly increased succesful breeding of livestock animals.;;;;;;;;;;;;;x
catalytic_fermentative_process_desc;This marked the beginning of a new field of science and technology  - biotechnology. Research sponsored by the Vokonozhi thick-swine cartels combined fermentative processes (enzymatic hydrolization) with a thermodynamic process (catalytic hydrogenation). One result of this combination was margarine, which greatly improved the supply of the population with essential unsaturated fatty acids.;;;;;;;;;;;;;;x
edison_light_bulb;Filament Bulb;;;;;;;;;;;;;;x
edison_light_bulb_desc;The classic filament bulb of the 1360s became a cheap and convient way of lighting the world, allowing work and leasiure to go on for longer, and at a lower cost than the gas lamps of earlier times.;;;;;;;;;;;;;x
gaslights;Gaslights;;;;;;;;;;;;;;x
gaslights_desc;The discovery and design of beautiful, soft gas lighting freed the hominid from the tyrany of day and night and illuminated the cities and estates of the civilised world. Softly glowing laterns now line boulevards, wealthy houseowners light their fine living rooms, scholars pour over texts late into the night, and the factory is now lit late with soft glowing lights.;;;;;;;;;;;;;;x
bell_n_greys_telephones;Pojar and Sons' Electrophonics;;;;;;;;;;;;;;x
bell_n_greys_telephones_desc;Yaksau Pojar Sem Moswie, the Takemogine inventor, was the first to invent a device for transmitting sound across distances through electricity, by pioneering the correct manner of producing current between two diaphrams. He and his sons became quite wealthy through their business.;;;;;;;;;;;;;;x
tractors_desc;When motor-cars had started to gain popularity on the roads, it did not take long for more innovative engineers to find a way to begin replacing swine in the fields. Early experiments with steam-powered farm machinery had failed, but lighter combustion engines revolutionised farm work.;;;;;;;;;;;;;x
rayon;Synthetic Spindles;;;;;;;;;;;;;;x
rayon_desc;From pulpin woods, a a form of synthetic spindleweed was developed in the late 1390s. This was a widely popular consumer product.;;;;;;;;;;;;;;x
bakelite;Early Plastics;;;;;;;;;;;;;;x
bakelite_desc;Plastics expiriments in the 1390s yeilded some of the first consumer and industrial plastics, driving both industry and plantation in Bafozh.;;;;;;;;;;;;;x
vacuum_tube_desc;The vacuum tube (also known as the thermionic valve) is a device that utilizes the flow of current through a vacuum. In a vacuum tube electrons travel via thermionic emission from a hot filament (negative cathode) through the vacuum to a positive electrode (the anode). Additional electrodes were later interposed between the anode and cathode, enabling amplification and switching of signals.;;;;;;;;;;;;;x
tulls_seed_drill;The Public-Good Seed Drill;;;;;;;;;;;;;x
tulls_seed_drill_desc;Masogu Hahab-So, a civic minded citizen of the Veyethun regime, in the 1304 invented a useful form of seed drill, which he billed as invented specifically for public usage and for the agrarian good. Pulled by Swine-Mule, the Veyethun revolutionary government actually established a number of workshops for the production of these tools and distrubted them to local villages.;;;;;;;;;;;;;x
rotherham_plough;Iron Farming Equipment;;;;;;;;;;;;;;x
rotherham_plough_desc;The gradual transition to iron-based farming equipment by advances in metallurgy encouraged clever designs and made plowing fields far easier.;;;;;;;;;;;;;;x
telephone_switchboard;Telephone Switchboard;;;;;;;;;;;;;;x
telephone_switchboard_desc;The telephone switchboard is a system of electrical components used to connect telephone calls. In Poumnia, these were often worked by slaves in sweltering conditions, and in the Great N‚g, by detainees of the absolutist regime.;;;;;;;;;;;;;x
elastic_defense_system_desc;At this points the trenches grew to formidable systems of trenches with two or even three lines of defenses bolstered by concrete fortifications and machine gun positions. The protracted wars between the Great N‚g and the Poumnian regime made the lands of Dhukn‚g into a veritable labyrinth of trenches.;;;;;;;;;;;;;x
stormtrooper_training;Fox-trooper Training;;;;;;;;;;;;;;x
firepower_vs_mobility_desc;After the end of the grinding Poumnian-N‚gine conflict and its attendant regional conflicts, the major powers had to re-evaluate their military strategies in light of the brutal lessons learned during the years of inconclusive trench warfare. One major school of thought that emerged focused on the importance of using massed firepower, principally in the form of artillery, to overwhelm the enemy and literally blast a hole in their lines to facilitate an advance, while another school of thought suggested that the key to victory on the modern battlefield was mobility, so that friendly forces could maneuver around enemy strongpoints to pursue the attack on more advantageous terms.;;;;;;;;;;;;;;x
human_wave_vs_spearhead;Wave vs Spearhead;;;;;;;;;;;;;;x
interwar_infantry;Modern Infantry;;;;;;;;;;;;;;x
interwar_infantry_desc;After the Poumnian-N‚gine war, many nations' armies kept evolving in nature and focus. A greater degree of motorisation, with mass availability of cars and trucks, added to the ever-changing nature of land units across the globe.;;;;;;;;;;;;;;x
interwar_swinery;Modern Swinery;;;;;;;;;;;;;;x
interwar_cavalry_desc;With the mass casulaties suffered in the Poumnian-N‚gine war, and the dawning of the motorised age, traditional swinery was on its way out. The new focus on motorisation changed the way swinery was to be used, and its role on the battlefield. No longer swine-mounted, soldiers would be mounted instead on motorised vehicles. Motorisation would also allow for more fire power from heavier guns, and speed up deployment times.;;;;;;;;;;;;;;x
light_artillery_desc;As experience from the Poumnian-N‚gine demonstrated, infantry units, especially those operating in rough terrain, needed a viable option for increased fire power. Traditional guns were too heavy, and too bulky to be used effectively or moved rapidly in adverse conditions. Shorter range guns of smaller calibers, which were easily moved by horse, vehicle, or manpower, were developed to fill this need. ;;;;;;;;;;;;;x
medium_artillery_desc;Coming out of the mold of traditional artillery, combined with the experiences of the Poumnian-N‚gine War and the rapid increase in motorisation, the medium artillery gun was developed. Of modest calibers, these guns were the standard for regular infantry units, providing them with a greater fire power capability and mobility that they had previously lacked.;;;;;;;;;;;;;;x
early_interwar_bombers;Modern Bombers;;;;;;;;;;;;;;x
late_interwar_bombers;Advanced Bombers;;;;;;;;;;;;;;x
early_interwar_fighters;Modern Fighters;;;;;;;;;;;;;;x
late_interwar_fighters;Advanced Fighters;;;;;;;;;;;;;;x
great_war_experience;Poumnian-N‚gine War Experience;;;;;;;;;;;;;;x
great_war_experience_desc;Poumnian-N‚gine War Experience;;;;;;;;;;;;;;x
flintlock_rifle_armament_desc;Introduced at the beginning of the 11th century, the flintlock rapidly replaced earlier firearm-ignition technologies, such as the doglock, matchlock, and wheellock mechanisms. It continued to be in common use for over two centuries, replaced by percussion cap and, later, cartridge-based systems in the late thirteenth and early foruteenth century. Although long superseded by modern firearms, flintlock weapons enjoy continuing popularity with black-powder shooting enthusiasts.;;;;;;;;;;;;;;x
muzzle_loaded_rifle_armament_desc;A muzzle-loading rifle is a gun in which the projectile and propelling charge is loaded through the front-end of the gun, in contrast to a breech loading rifle.;;;;;;;;;;;;;x
breech_loaded_rifle_armament_desc;A breech-loading weapon is a firearm in which the cartridge or shell is inserted or loaded into a chamber integral to the rear portion of a barrel. Although breech-loading weapons were developed as far back as the late 9th century, breech-loading became more successful with improvements in precision engineering and machining in the fourteenth century.;;;;;;;;;;;;;;x
bolt_action_rifle_armament_desc;Bolt action is a type of firearm action in which the weapon's bolt is operated manually by the opening and closing of the breech (barrel) with a small handle. The first bolt-action rifle was produced in 1295 by Chyoosh Gooth-so, brother of the famous Veyethun revolutionary, following work on breechloading rifles. Ishahfazhi armies continued to develop bolt-action rifles through the latter half of the fourteenth century, and the Poumnian-N‚gine War marked the height of the bolt-action rifle's use, with all of the nations in that war fielding troops armed with various bolt-action designs.;;;;;;;;;;;;;;x
machine_gun_armament_desc;The first machine gun was pioneered by Vodid Protum, a 'monk' in the Poumnian imperial clergy and civil service. Trained as an engineer by the Sha-Shoummid firm, he later became a minor apendage to a colonial military garrison to interface between the local community and the military fortress, where he enjoyed much leasiure to tinker. In 1337 he returned to the Shoummid plants and later came to design a 'spinning', rapid fire gun. The Sha-Shoumid firm later became premier manufacturer of self-turning machine guns, invaluable to Poumnian colonial interests.;;;;;;;;;;;;;x
romanticism;Pastoralism;;;;;;;;;;;;;x
romanticism_desc;Pastoralism;;;;;;;;;;;;;x
introspectionism;Automatonism;;;;;;;;;;;;;;x
introspectionism_desc;Automatonism;;;;;;;;;;;;;;x
associationism;Logicism;;;;;;;;;;;;;;x
associationism_desc;Logicism;;;;;;;;;;;;;;x
phenomenalism;Conditionalism;;;;;;;;;;;;;;x
phenomenalism_desc;Conditionalism;;;;;;;;;;;;;;x
experimental_psychology;Absolute Psychology;;;;;;;;;;;;;;x
experimental_psychology_desc;Absolute Psychology;;;;;;;;;;;;;;x
psychoanalysis;Mirror-Theory;;;;;;;;;;;;;x
psychoanalysis_desc;Mirror-Theory;;;;;;;;;;;;;x
behaviorism;Intuitionism;;;;;;;;;;;;;;x
behaviorism_desc;Intuitionism;;;;;;;;;;;;;;x
mass_advertising;Pulp Literature;;;;;;;;;;;;;;x
mass_advertising_desc;The advent of mass literature changed the relationship between texts and culture greatly. No longer the preserve of the elite, anyone from the working man on the streets and even the colonial exile was able to, and indeed wanted to, read and learn. A great amount of the new reading material was so-called ëpulpí, made from cheap wood-pulp or recycled papers, and usually printed bawdy tales, seditious material, revolutionary speculation, daily almanacs, horoscopes, etc.;;;;;;;;;;;;;;x
national_radio_networks;National Radio Networks;;;;;;;;;;;;x
national_radio_networks_desc;The discovery of electromagnetic radiation and its possible use for transmitting voices was largely employed first by the state to disseminate propaganda, but soon become also an outlet for popular dissatisfaction.;;;;;;;;;;;;;;x
the_talkies;Audiocinematics;;;;;;;;;;;;;x
the_talkies_desc;Audiocinematric techniques were immediately identified as hazardous by most regimes, from the N‚gine Secretariate to the Poumnian autocracy. It was primarily first employed for the purposes of patriotic education for the masses, but to some extent as well served to democratise culture.;;;;;;;;;;;;;x
realism;Symbolism;;;;;;;;;;;;;x
realism_desc;Symbolism;;;;;;;;;;;;;x
impressionism;Praxiaticism;;;;;;;;;;;;;x
impressionism_desc;Praxiaticism;;;;;;;;;;;;;x
sociology;Sociometrics;;;;;;;;;;;;;x
social_darwinism_desc;The development of the Biomachinical principle was extended to the world of societies and ëracesí quite easily. Competition became the order of the day, and the weak at home and abroad were expected to die by the wayside, pruned from the family of the living by natureís prudential machinic order. Bodmha Damaz, the North Gashdzii agitator, shortly after having read the works of AdunnÙ VÙhannud, in 1347  proclaimed a need for ëunending warí against the foreigner, to temper the steel of the Gashdzii race, and suggested that should the Gashdzii in fact cease their imperial aims, the configuration of their own society will become progressively weaker. A craze for eugenic societies, eugenic laws and war followed.;;;;;;;;;;;;;x
social_darwinism;Sociomachinics;;;;;;;;;;;;;x
wireless_desc;An important development in naval warfare in the early-15th century was the wireless, or radio communications. This allowed naval headquarters to communicate with fleets at sea in order to give updated orders, and also allowed admirals to communicate much more effectively with individual warships in their fleets, in comparison with older methods such as signal flags. However, one drawback of wireless was that it was also possible for the enemy to listen in on wireless communications, and soon the major navies would establish organizations to glean valuable intelligence from enemy communications.;;;;;;;;;;;;;;x
war_gamming_desc;The use of war games to plan and prepare for war is as old as warfare itself: the ancient Poumnian game of Prak is a testimony to this. However, serious analytical naval war gaming emerged in the late 14th and early 15th centuries. Major naval powers would use detailed gaming systems that took account of such variables as a ship's armour, speed, and the number and caliber of guns in order to determine battle damage and the ultimate victor. These naval war games were used to test strategic plans, and different means of countering potential enemy strategies and warships.;;;;;;;;;;;;;;x
combined_arms_planning_desc;In the aftermath of the Poumnian-N‚gine war, the major powers put an increasing emphasis on what came to be known as combined operations. This represented the utilization of land, sea, and air forces together to achieve a single strategic objective. Often revolving around amphibious operations, combined operations often fit within larger naval strategic objectives, including the destruction of enemy naval assets and the securing of sealanes. No longer could navies operate in isolation from the other branches of the military, and the development of new tactics was required to integrate naval warfare into the larger strategic perspective.;;;;;;;;;;;;;;x
amphibious_warfare_training;Modern Naval Codes;;;;;;;;;;;;;;x
amphibious_warfare_training_desc;The old naval codes of the past were brutal, and harsh, and gave naval life its fearsome name. Modern naval codes are not much different, especially in the Miiv's more authoritarian states, but more optimised to incentivise obedient behaviour from seamen.;;;;;;;;;;;;;;x
blue_and_brown_water_schools;Northern and Southern Schools;;;;;;;;;;;;;;x
blue_and_brown_water_schools_desc;Northern and Southern School;;;;;;;;;;;;;;x
blue_water_school_desc;In the North of Ishahfazh, the water is wide, and especially states like the Takomogine Monarchy developed a need to project influence into distant waters. This meant building navies with resilient hulls and long-distant capability.;;;;;;;;;;;;;;x
blue_water_school;Northern School;;;;;;;;;;;;;x
brown_water_school;Southern School;;;;;;;;;;;;;;x
brown_water_school_desc;In the south of Ishahfazh, on the Zhibomgid sea, there was a constant need to project influence and control these highly contested waters. This meant that size and firepower was prized above all, at the cost of reliability, given that ships could quickly repair at major dockyards or shelter in colonial harbours.;;;;;;;;;;;;;x
buying_on_margin;Buying on Margin;;;;;;;;;;;;;;x
buying_on_margin_desc;As more individuals became involved in investing in securities markets in the early fifteenth century, the practice of buying on margin developed to increase the amount of shares that could be bought with minimal initial overhead. The principal of buying on margin is that if the investment makes a profit, the profit would cover the cost of the commission charged for allowing the purchase of large amounts of securities with only a minimal initial investment. The risk involved in this type of investment is that if the investment shows a loss, the difference between the initial investment and the commission charged for the purchase must be made up by the investor. How low an initial margin was prudent for the securities industry to accept would be the subject of intense debate, as lower margins both allowed investors with limited capital to invest in markets, but raised the risk of default by these limited-capital investors should the investments fail to produce profits;x
colonial_negotiations_desc;The advent of the machine gun made colonial ënegotiationsí and the control of native populations far easier. Armed with vastly superior technology of Sha-Asahouw Automatic Rotary Guns, at a number of key battles in the colonial scramble for Bafozh, Ishahfazhi soldiers made swift work of large groups of natives, whether armed or civilian.;x
secret_police;Neo-Cameralism;x
secret_police_desc;By an effort to elevate by means of science and reason the state to the authoritarian steward, and manager, of all things, both man and nature, all in the service of the archepiscops of prince, the modern reactionary state became exceedingly efficient in managing society. A proliferation of directives issued by governing authorities and regional governments in Vokonazh at this time are an excellent testimony to this. The segregation of dining areas for state serfs and slaves, the proliferation of secret policing, regularised methods of informing, the quantification of man, nature, industrial and agricultural yields have all left a proliferation of bureaucratic records.;x
womens_suffrage_movement;Wartime CorveÈ;x
womens_suffrage_movement_desc;Around this time, states increasingly began normalising and reducing the impact of the process of mass-mobilisation with the expectation of forced labour on behalf of citizens. War offices and district military authorities were issued with the right to force citizens to work off-hours in state munitions plants, compelling aristocrats to share serfs or slaves with the state. Even states reputed as more ëgentleí began to endorse this practice. In a particularly stark example, the Gaubjan courts ruled in 1344 that those who were not drafted or serving were in fact criminally liable if they failed to answer to the ëlabour draftí at the munitions plant.;x
rhetoric_of_hate;Speciated Exclusion Laws;x
rhetoric_of_hate_desc;It has long been a truth that certain species seem more suitable for certain roles - the quick witted Sapinoids have always excelled as artisans, and the giant Occidental Gigantoids, or the Byotrin, have made fearsome warriors. Around this time, the practice of institutionalizing speciated differences in both occupational employment and military service served to further stratify society, and breed enmity between states of different species. An excellent example of this is a Vafauti directive from 1343, directing the organisation of a battalion of Shagmodt ëwar-slavesí from Qir, to be employed against the Shuknazhi, in hopes that the mountain giants would terrify them.;x
nostalgic_romanticism_desc;The wave of Theocratist speculation also stimulated pure reactionary nostalgia. Rather than challenging the rise of the state with a modernised reactionary, nostalgic romanticism called openly for a barbarous return to the age of the squires, lords, and primitive violence. Gibbalobba, that Dhamapahan adventurer, most famous for his great raid on mount Femooru in the Guth-Gabob, in his later years became a famous writer on these matters, producing a great many quasi-metaphysical tracts on the ësoul of the nationí, as well as dubious histories of the ancient Gashdzii, their emperors, princes, and generals. 
anti_egalitarianism;Meritocratic Elitism;x
anti_egalitarianism_desc;The institutionalism of meritocratic elitism, where the army, church, academy, and conservative circles formed a closed unit wherein a promising youth, with conservative principles could earn a secure role in the bureaucracy or army, served to ossify the structures of the state into a monolithic and secure organ of reaction. In the Vokonazh of the 1350s-70s, the ëconstabularyí, as the forces of reaction had always been known, increasingly came to recruit and induct rural youths of talent, strengthening its capacities and quelling any possibilities of resentment by integrating them into the institutional structure. One such example is Kazzamenes Padud, from rural Pava province, one of the first chiefs of police in Modhag (from 1357) without an aristocratic background. He was of course ennobled, later.;x
phenomenology;Semiotics;x
phenomenology_desc;A true science of significance did not arrive until the 1350s. Mruub Sha-Ibu (not the general, but a relative of a minor line of house Ibu) was the first to formulate a unified doctrine of signs, both natural and unnatural, and an account of the interrelation between the mind and the grasping of the meaning of smoke, a character, and an utterance. His multivolume work ëA systematic investigation into the character of informative processesí (1358) long became the established reference for the concerns of semiotics and significance.;x
hermeneutics;Suppositorics;x
hermeneutics_desc;The flourishing of logical systems in the methodist paradigm eventually bloomed into the metaphysical investigation of reference, and referential utterances. The so-called ëGreen Schoolí, in the Guzzadt Seminary in Gaub developed a remarkable repertoire of forms of reference, and speculative metaphysical consequences.;x
chemical_wood_pulp_process_desc;Wood is composed of cellulose fibres that are cemented together with a substance called lignin. To transform wood into pulp, the fibres must be separated, either by a mechanical or chemical process. This technology helped to saturate the ever growing hunger for paper of the 14th century printing industry.;
social_psychology;Social Repertoires;x
political_science;Action Quantimetrics;x
social_anthropology;Anthropology;x
social_alienation;Gestalt Systems;x
the_revolt_of_the_masses;State-Sympathetic Lifeworlds;x
the_decline_of_the_west_and_the_lost_generation;Proactive Non-Compliance;x
sociology_desc;A concentrated impulse to an autonomous social sciences finally emerged in the mid 1340s, distinct from academic psychology and from social management by the state. Institutions came to define departments, methodologies, and orthodoxies, largely drawing on the Methodist and Naturalist philosophies, opposed to the metaphysical functionalism of the Pazzak circle and his followers.;x
social_psychology_desc;A comprehensive study of folk and social repertoires of behaviour was a key ambition of certain circles of the sociometric milieu. Mozzak Midadazhís famous ëAcculturation and Social Signsí (1347) paved the way for the semioticians, the mirror-theorists, and the later gestalt theory. In the book, he describes his theories of a formation of an inner world through the other, and the proliferation of social rituals in the construction of the actual reality of the individual.;x
political_science_desc;The growth of the social sciences as an autonomous academic institution, rather than a mere tool of social control, ushered in a proliferation of social speculation about choice and crowd behaviour. Drawing on the schools and writings of the behaviour Quantimetricians, the Action Quantimetricians attempted to systemise a total account of behaviour and the motivational systems involved.;x
social_anthropology_desc;The 1340s witnessed, as well as a proliferation of the social sciences, a great enthusiasm for anthropological collection and classification. Melding with notions of civilisational quanta, the famous ëanthropological exhibitionsí of captured bafinoids, azuroids, and giganoids were exhibited to a fascinated Ishahfazhi public, who read as well the proliferation of studies of cranial structures, social and fertility rituals between cultures and peoples, and a general fanatical need to classify, collect, order, and rank the species and cultures of the world.;x
the_revolt_of_the_masses_desc;The proliferation of social-psychological thought in the late 14th century drove a fanatical interest by the state not just to control and manipulate social behaviour, but acculturate subjects into a manner of being that was entirely sympathetic to the state. Midadazhís theories of acculturation were extended by Urunt Betz-Thon, the pioneer of the Gestalt theory, into a belief that patterns of being or subjectivity could be established comprising largely divorced concerns, and that disparate needs and feelings could be synthesized, by clever presentation and acculturation, into a desired experience. The FNB of the N‚gine absolutist state eagerly attempted to mould its soldiers into undesiring killing machines by progressive deprivation of attachment to family supplemented by persistent subliminal exposures to messaging that stated their needs were being acknowledged.;x 
the_decline_of_the_west_and_the_lost_generation_desc;Increased state interest in control of the subjective experience of the subject, and explicit and acknowledged bids to cultivate this drove, as to be expected, a school of cognitive resistance inspired by the antietiologists of Vokonazh in the first quarter of the century. Exhorting the subject to develop ëparallel social networksí and to engage in meaningless acts of destruction, insubordination, and terror, the ënew antietiologistí movement existed as a radical and underground fringe of the N‚gine intelligentsia. Distributed in underground meetings in filthy tenements, or in abandoned soldiers' dugouts, hod-podge, bricolage texts, reprinted in inconsistent and apocryphal collections such as ëthe red and white bookí, and ëthree cheers for my lovely aunt!í became the essential substance matter of the movement;x
decimal_monetary_system_desc;By abolishing non-standardized and strange divisions of the currency like mohaks and thrall-coins, and only having a decimal system such as the one in the Veyethun State (1 Veyethun Tho = 100 v'ath), the everyday usage of money was simplified.;x
hyperinflation_desc;The dramatic pressures of governing a late fourteenth century state often drove desperate politicians to take their countries off the gold standard and issue copious amounts of bills to fund debt, the army, and social services.;x
freedom_of_trade;Market Aggregation;
freedom_of_trade_desc;Market Aggregation;
polypoly_structure;Social-Mercantilist Certifications;x
polypoly_structure_desc;At this point combinations of producers and consumers, in conjunction with the customs offices of the state, developed for efficient means by they could certify legitimate goods at customs and in factory/mercantile inspections, guaranteeing higher quality inputs for producers;x
human_resource_development;Purpose-Bred Workers;;;;;;;;;;;;;x
human_resource_development_desc;The eugenics craze stimulated by the sociomachinic princple encouraged certain states, those who still tollerated anthropic chattel, to allow the purposeful breeding of workers, by selecting certain species, and traits, and raising the offspring entirely with a mind that they would work in a firm, firms managed to equip themselves with anthropic property with a high capital value. In more progressive states, the concern still found a home in biological aptitude testing and species oriented hiring pratices.;;;;;;;;;;;;;x
i_scientific_management_desc;At this point, a coherent science of management emerged. Drawing togther their various antecedents of beatings, bonus-incentives, work-specialisation principles, a management culture developed that involved the scientific study of productivity, motivation, and task-completion quality.;x
oligopoly_structure;By-Product Markets;x
oligopoly_structure_desc;Industrial growth created a demand for nearly every sort of product, including by-products. Coking, for examples, produced tar and ammonia, which were highly prized by the chemicals industry. A consciousness of a by-product market produced additional profits for the plant and stimulated production.;x
monopoly_structure;Thickened Markets;x
monopoly_structure_desc;Industrial growth, improved medicine, and urbanisation stimulated the growth of large, concentrated consumer and producer networks. An avaliability of both inputs and markets encourged continous production, increasing throughput and specialisation.;x
market_structure;Market Structure;;;;;;;;;;;;;x
market_structure_desc;Market Structure;;;;;;;;;;;;;x
government_interventionism;Modern Fiscal Constitution;x
government_interventionism_desc;Modern Fiscal Constitution;x
economic_responsibility;State-Driven Markets;x
economic_responsibility_desc;State-Driven Markets;x
germ_theory;Germ Theory and Experimental Pathology;;;;;;;;;;;;;
germ_theory_desc;The germ theory of disease states that some diseases are caused by microorganisms. These small organisms, too small to see without magnification, invade humans, animals, and other living hosts. Their growth and reproduction within their hosts can cause a disease. The germ theory was proposed in the mid-6th century and gained widespread credence when substantiated by scientific discoveries of the 12th through the late 14th century. It supplanted earlier explanations for disease, such as the Bog-Miasma theory of the Poumnians, who happened to be misguided by the patches of toxic gaseous spore buildup that occured in their fungalised swamplands.;;;;;;;;;;;;;
guild_based_production;Early Factory System;;;;;;;;;;;;;;x
guild_based_production_desc;Early Factory System;;;;;;;;;;;;;;x
working_board_of_directors;Military-Industrial Production Targets;;;;;;;;;;;;;;x
working_board_of_directors_desc;By providing quotas of expected military consumption well in advance of military expansion and indeed usage of materiel during war to large industrial firms, the state aided producers by producing market security and driving secure investments.;;;;;;;;;;;;;;x
bankruptcy_proceedings;Proactive Cartelisation;;;;;;;;;;;;;x
bankruptcy_proceedings_desc;By means of an 'open door' between industry and the political and financial sectors, producers were able to secure favourable laws, and the government was able to secure to stimulation of what were deemed essential industries. By not just granting cartelisation permissions, but proactively mandating them, the government could ensure growth in critical sectors with the consent of the economic elite.;;;;;;;;;;;;;x
anti_trust_laws;Anti-Cartel Laws;;;;;;;;;;;;;x
financial_regulations;Cartelisation Mandates;;;;;;;;;;;;;x
financial_regulations_desc;By granting certain firms permission to organise into market-controlling cartelised groups, industries could be saved from depression and failure.;;;;;;;;;;;;;x
annual_report_proceedings;Imperial Tariff Systems;;;;;;;;;;;;;x
annual_report_proceedings_desc;Efforts by statesmen at this time were oriented around securing markets for excess capital investment, as well as markets for industrial goods and those for raw resources, and organising them into a self-perserving organic system by means of protective tariffs on goods from beyond the imperial system. Empire and Tariff went happily together, subdiving the world into a collection of increasingly autonomous imperial systems.;;;;;;;;;;;;;x
autarky;Ersatz Goods;;;;;;;;;;;;;x
autarky_desc;A mark of a self-sufficient and robust state-economy-complex was the ability to survive market disruptions, blockades, and emargos, especially with regards to military goods. Synthetic oil refineries, driven by economic necessity, were key to this.;;;;;;;;;;;;;x
priming_the_pump_;Demotic War Bonds;;;;;;;;;;;;;x
priming_the_pump__desc;A major hallmark of the modern fiscal state in the 14th century was its ability to raise massive amounts of cash for the purposes of waging unending war. Continous issuing of long-term government bonds to large sections of a marketised public, and the large scale embrace of purchasing these mechanisms by the public, allowed states to raise ever larger sums.;;;;;;;;;;;;;x
mixed_economy;Publicised Sinking Funds;;;;;;;;;;;;;;x
mixed_economy_desc;A major way in which the 14th century state built trust in the financial system was a well-publised sinking fund for debt. This created trust in the government's ability to pay off accumulated debts.;;;;;;;;;;;;;x
centralized_economic_planning;At-Source Tax Collection;;;;;;;;;;;;;x
centralized_economic_planning_desc;Traditional Methods of tax collection: inquisitorial methods and the reliance on trust and lay commisioners slowly gave way in the 14th century, facilitated by the gradual melding of state and industry into a military-industrial complex, into large scale investigation of private incomes at source through the cooperation of industrial firms. This enabled the government to raise even larger revenues and float even larger bonds.;;;;;;;;;;;;;x
import_substitution_industrialization;Economically Informed War-Aims;;;;;;;;;;;;;x
import_substitution_industrialization_desc;In the late 14th century, close collaboration between cartels, the financial sector, and the military officialdom facilitated broad trust by industrial and financial elites in subscribing to and supporting government military intiatives and spending. Especially, the Sha-Shoummid firm was closely involved in Imperial Memoranda on the post-war settlement of the Poumnian N‚gine war, advocating for the total conversion of the peripheral Gashdzii states of Vafaut and Dhamapaha, which were aligned with the N‚g, into a Poumnian friendly 'coal field', and to deprive the N‚gine firms of their access to friendly and nearby coal and iron reserves.;;;;;;;;;;;;;x
expressionism;Modernism;;;;;;;;;;;;;x
expressionism_desc;Modernism;;;;;;;;;;;;;x
mass_culture_n_the_avant_garde;The Imperial Style;;;;;;;;;;;;;x
mass_culture_n_the_avant_garde_desc;The Imperial Style;;;;;;;;;;;;;x
romanticist_literature;Pastoral Odes;;;;;;;;;;;;;x
romanticist_literature_desc;Pastoralism was basically an aesthetical reflection of the liberationist movement, lauding the virtues of the argicultural, free, male community. Pastoralist Literature typically took the form of odes and peans to country life. Particularly notable pastoralist poets were Chyush Goosh-so, Vazzunak Buzfa, and Qip Quam Ghech.;;;;;;;;;;;;;x
romanticist_music;Pastoral Ballads;;;;;;;;;;;;;x
romanticist_music_desc;Pastoralism was basically an aesthetical reflection of the liberationist movement, lauding the virtues of the argicultural, free, male community. High pastoralist music was largely an adapation of folk melodies, set to grand chambers, and performed usually in the Veyethun chamber of deputies. Notable composers were Vyit Gat-so and Mozza Chaptazh.;;;;;;;;;;;;;x
romanticist_art;Pastoralist Art;;;;;;;;;;;;;x
romanticist_desc;Pastoralism was basically an aesthetical reflection of the liberationist movement, lauding the virtues of the argicultural, free, male community. Pastoralist art took the form of typically bucolic scenes, as well as folk-inspired sculpture. Notable figures were Yith Chum-so and Mazzak Padudazh;;;;;;;;;;;;;x
realist_literature;Symbolist Texts;;;;;;;;;;;;;x
realist_literature_desc;Symbolist was a popular art movement in the early part of the 14th century. Connected vaguely to the reactionary movement at the time, it was steeped in mannered echos of tradition, religious imagery, and ancient cultural symbols. Symbolist literature typically took the form of allegorical fables rooted in the mythic past, or long, complex novels echoing annalistic systles, reminsicent of cosmic drama. Notable authors include Wudwou Sha-Mosod, Vyith Gum-so, and Yaukz ApOswieg.;;;;;;;;;;;;;x
realist_art;Symbolist Art;;;;;;;;;;;;;x
realist_art_desc;Symbolist was a popular art movement in the early part of the 14th century. Connected vaguely to the reactionary movement at the time, it was steeped in mannered echos of tradition, religious imagery, and ancient cultural symbols. Symbolist art largely took the form of heroic paintings, depictions of religious visitations, and indefinitely featured figures looming in bewildering landscapes. Notable artists were Owun Sha-Tangpt, Vakt Aptazh, and Gozolobba Ninkazh.;;;;;;;;;;;;;x
realist_music;Symbolist Music;;;;;;;;;;;;;x
realist_music_desc;Symbolist was a popular art movement in the early part of the 14th century. Connected vaguely to the reactionary movement at the time, it was steeped in mannered echos of tradition, religious imagery, and ancient cultural symbols. Symbolist music typically featured cryptic weedling melodies, and achaic revivals of bygone music. Important composers included Shan Sha-Shab, and Gazzamak Mazfag.;;;;;;;;;;;;;x
impressionist_music;Praxiatical Music;;;;;;;;;;;;;x
impressionist_art;Praxiatical Art;;;;;;;;;;;;;x
impressionist_literature;Praxiatical Literature;;;;;;;;;;;;;x
impressionist_literature_desc;The praxiatical movement was largely inspired by functionalist pragmatics and antietiological notions of acausal phenomena. Determined to create unrepresentational and/or meaningless art, the praxiatical movement was, for some years, the enfant terrible of Ishahfazhi art circles. Praxiatical literature attempted to distill an pragmatic essence in literature, and often consisted of alltogether strange texts: unreadable screeds of sounds, oblique and paradoxical, recursive discourses, and tedious, mindless, repetitive novels. Important authors included Shanprak Sha-Gorod, Rau Ben-Tzymon, and Hrid Tzau-Aeum.;;;;;;;;;;;;;x
impressionist_art_desc;The praxiatical movement was largely inspired by functionalist pragmatics and antietiological notions of acausal phenomena. Determined to create unrepresentational and/or meaningless art, the praxiatical movement was, for some years, the enfant terrible of Ishahfazhi art circles. Praxiatical art attempted to distill a sense of colour-as-colour, texture-as-texture, and material-as-object, to disabuse the view of all possible representation notions. This involved both producting highly abstract shapes, as well the typically 'representative' works recontextualised by subtle differences in textures and perspectives. Important artists were Mrid Sha-Vaun, Gomalobba Kafazh, and Guth Kyush-so.;;;;;;;;;;;;;x
impressionist_music_desc;The praxiatical movement was largely inspired by functionalist pragmatics and antietiological notions of acausal phenomena. Determined to create unrepresentational and/or meaningless art, the praxiatical movement was, for some years, the enfant terrible of Ishahfazhi art circles. Praxiatical music attempted to distill an essence of pure, affective sound to overwhelm and reach immediately the passive listener. It consisted mostly of cacaphonics, as well as concordant discordance, and early forays into a-tonal music. Important composers included the great 'de-tuner' Oswid Sha-Mak.;;;;;;;;;;;;;x
expressionist_art;Modernist Art;;;;;;;;;;;;;x
expressionist_art_desc;The Modernist movement was chacterised by commitments to forms guided by use and function, absolutist political attitudes, and a clarification of the principles of praxiaticism. Rather than wanton indulgence in the shocking, the purely pragmatic or praxiatic, the modernist movement attempt to employ functionalist thinking to clarify tradional structures or depiction, representation, and living, leading to an emphasis on purity and abstraction, not a clumsy attempt toward the abstract itself. Modernist art featured thus non-natural colours, aperspectival presentations, and emphasis on shapes and orientations. Notable artists were Kungwu Sha-Tont, Gozbaja Bazzamak, and Thrakunt Betz-On.;;;;;;;;;;;;;x
expressionist_music;Modernist Music;;;;;;;;;;;;;x
expressionist_music_desc;The Modernist movement was chacterised by commitments to forms guided by use and function, absolutist political attitudes, and a clarification of the principles of praxiaticism. Rather than wanton indulgence in the shocking, the purely pragmatic or praxiatic, the modernist movement attempt to employ functionalist thinking to clarify tradional structures or depiction, representation, and living, leading to an emphasis on purity and abstraction, not a clumsy attempt toward the abstract itself. Modernist music featured a dramatic synthesis of traditional tunings, re-tunings, tonal music and atonal music. Important composers included Gyuthu Gog-so, Vophton Ghunngvheb, and Mungt Sha-Man.;;;;;;;;;;;;;x
expressionist_literature;Modernist Literature;;;;;;;;;;;;;x
avantgarde_art;Imperial Style Art;;;;;;;;;;;;;x
avantgarde_art_desc;The rise of a popular imperial culture dramatically changed the consumption and production of art. A broadly literate public, with wealth to read, consume, and be entertained, as well as fiercly patriotic and defensive of imperial wealth, contributed to the formation of what became known as the 'imperial style'. Pleasing, patriotic, sentimental, the cloying 'academic' style of painting and sculpture featured accessible representations of national triumphs, simplified ancient history, and military heroism, which was deeply loved by the wealthy and middle class of empire.;;;;;;;;;;;;;x
avantgarde_music;Imperial Style Music;;;;;;;;;;;;;x
avantgarde_music_desc;The rise of a popular imperial culture dramatically changed the consumption and production of art. A broadly literate public, with wealth to read, consume, and be entertained, as well as fiercly patriotic and defensive of imperial wealth, contributed to the formation of what became known as the 'imperial style'. Imperial style music often took the form of a jolly synthesis of military marches, and the folk music of the imperial periphary, and was typically played in taverns, plebian amphitheaters, racecources, and other areas of excitable recreation.;;;;;;;;;;;;;x
avantgarde_literature;Imperial Style Literature;;;;;;;;;;;;;x
avantgarde_literature_desc;The rise of a popular imperial culture dramatically changed the consumption and production of art. A broadly literate public, with wealth to read, consume, and be entertained, as well as fiercly patriotic and defensive of imperial wealth, contributed to the formation of what became known as the 'imperial style'. A pulp literature of imperial triumps, colonial adventure stories, and lurid tales about the barbarous enemies of the state became popular among the middle classes especially.;;;;;;;;;;;;;x
surrealism;Asietic Art;;;;;;;;;;;;;x
surrealism_desc;The essentialist notion of asietic willing of being, described by JÍjor Yoguth‚hu, birthed a curious art movement at the hight of the imperial epoch. Concluding that works of art, like all things, must will themselves into existence, groups of artists organised themselves around attempting to faciliate 'art creating itself' which involved several systems designed to allow art to create itself, by placing canvases in public places, developing complex systems of wind chimes, etc.;;;;;;;;;;;;;x
modern_design;The Monumental Style;;;;;;;;;;;;;x
modern_design_desc;The wealth of the world, plundered from Kovazh, Bafozh, and the smaller continents faciliated truly a grand and quixotic wave of monument building in the late 14th century. The colossal spherical mausoleum for the desceased Vopudwou Praakungwu IX (r. 1353-1382) and the New Imperial Palace in Vokonazh are typical examples of this - towering above the surrounding countryside, requiring hundreds of thousands of tons of steel and concrete, these archiectural marvels are testament to the power and wealth that belonged to great imperial regimes of this time.;;;;;;;;;;;;;x
jazz;Colonial Art;;;;;;;;;;;;;x
jazz_desc;The large scale settlement of Ishahfazhis in parts of both Bafozh and Kovazh led to a fascination with 'colonial' and 'native' forms of art, both in 'popular' and 'high' cultures. Primitivim in art was well regarded by a certain sort of anthropologically minded elite in the metropole, as well as became the kitchsy trappings of colonial settlements.;;;;;;;;;;;;;x
socialist_realism;Brutalism;;;;;;;;;;;;;x
socialist_realism_desc;Trancending the 'high modernist' style of earlier absolutist architecture, later absolutist styles fused imperial grandure with the form-functionalism of the earlier modernist movement, leading to an impressively grand brutalist synthesis. Particularly excellent examples of this sort of style are the Pan-N‚gine Congress Hall, and the Nozho Civil Directorate Building.;;;;;;;;;;;;;x
expressionist_literature_desc;The Modernist movement was chacterised by commitments to forms guided by use and function, absolutist political attitudes, and a clarification of the principles of praxiaticism. Rather than wanton indulgence in the shocking, the purely pragmatic or praxiatic, the modernist movement attempt to employ functionalist thinking to clarify tradional structures or depiction, representation, and living, leading to an emphasis on purity and abstraction, not a clumsy attempt toward the abstract itself. Modernist literature was decidedly stilted and formal, a sort of academic style veiled in notions of revealing pragmatic expressions in tradional forms. Deeply mannered, it was typically the purview of statist bureaucrats and the Poumnian elite, who maintained their unique ability to maintain a 'high' culture in an increasingly demotic age.;;;;;;;;;;;;;x
late_classical_theory;Third Wave Speculation;x
late_classical_theory_desc;Third Wave Speculation;x
john_elliot_cairnes;Shov Sha-Rushman;x
john_elliot_cairnes_desc;Shov Sha-Rushman was the first one to effectively mathematise economic speculation, developing a number of proposed relationships between variables. As a leading figure in the 'third wave' of economic speculation, he would be a key figure in economic orthodoxy.;x
robert_torrens;Dhofmazhi Zhakd;x
robert_torrens_desc;Dhofmazhi Zhakd was a major correspondent with Shov Sha-Rushman, and a major newspaper man in Gaubja. He was a major populariser of Rushmanian economic thought, as well as a member of the Gaubjan economic reform league.;x
john_stuart_mill;Hwamp Puur;
john_stuart_mill_desc;Hwamp Puur was a major critic of the quickly established orthodoxy of Sha-Rushman's thought. He challenged the notion that economics was representable by a priori methods such as mathematics, and commited himself to a descriptivist and empiricist account of economics.;
collectivist_theory;Operational Theory;x
collectivist_theory_desc;Operational Theory;x
pierre_joseph_proudhon;Dhomak M‚zfa;x
pierre_joseph_proudhon_desc;Dhomak M‚zfa was the first thinker to seriously apply the functionalist philosophy to economic thought, which gave birth to the 'operationist' school of economics. Trade, to some extent, as it did very little beyond move things around, became nearly immaterial to what consisted of 'the economy'. M‚zhfa priortised studying factors of production.;x
karl_marx;Mobauk Mizava;x
karl_marx_desc;Mobauk Mizava was a desciple of Dhomak M‚zfa. He extended M‚zfa's analysis of 'pure growth' to a larger 'thermodynamic' energic system, where he declared the only fit subject of economics was the study of the sun, solar energy, and other heaveny things which appear to produce their own energy.;x
friedrich_engels;B‚zajopt Kushtk;x
friedrich_engels_desc;B‚zajopt Kushkt was the first statist theorist of economics. He suggest that the state take control of all factors of production to ensure proper management, and reduce 'unreal' phenomena like trade distorition created by speculators and retailers.;x
eduard_bernstein;Dimash Kushkt;x
eduard_bernstein_desc;Dimash Kushkt was the brother of the more famous B‚zajopt Kushkt, and a close desciple of his. He studied living conditions in industrial slums in Bagh, and provided his brother with the data that he would use to argue that state control of factors of production would reduce both the suffering of the common man and increase efficiency.;x
sidney_webb;Bida Fovkazh;
sidney_webb_desc;Bida Fovkazh was a factory manager in Jiishan‚g who quickly adopted functionalist-statist principles in his operation. By refusing to sell a large number of his goods and rendering them directly to his workers, and attempting to set up an autarkic system, he was a pioneer of the statist cartel firms that would so trouble governments in the early 14th century.;x
karl_kautsky;Yomeg Og Yezoz;x
karl_kautsky_desc;Yomeg Og Yezoz was a Takemogine longshoreman who worked in the dockywards in Seikaukz. Exposed to functionalist and statist critiques, he attempted to agitate both the government and his employers to do more for the working industrial classes. He would later join the parliament as the first electee of the Takemogi statist party.;x
friedrich_list;Makoun Sha-Gosod Sha-Man;x
friedrich_list-desc;Makoun Sha-Gosod Sha-Man, a scion of the illustrious Poumnian aristocratic house of Sha-Gosod Sha-Man, which would also produce the later, better known Vufo Sha-Gosod Sha-Man, agitated by what he described as 'demotic' and 'sickeningly plebian gashdzoun thinking' economic thought, especially statism, described an economic system where he believed that there were naturally aristocratic classes in every society and economic, and natural slave peoples, and there was no point in reforming the economy.;x
wilhelm_roscher;Droum Sha-Mushim;x
wilhelm_roscher_desc;Droum Sha-Mushim was an economist of the school of what would come to be called the 'organical school'. The organical school emphasised the historical and cultural development of economic systems, drawing on the work of Hwamp Puur.;
bruno_hildebrand;JÍbun Yannagath;x
bruno_hildebrand_desc;JÍbun Yannagath was an organicist economist from the Rannu Empire. He criticised the industrial developement in society and was a major interpreter of Tehuhrite law in context of modern economic developments.;x
karl_knies;Foda Nagjoni;x
karl_knies_desc;Foda Nagjoni was a numismatician, who complied a large catalogue of the history of coinage in Ishahfazh. His work incidentally contained a number of monetary theories, grounded in organicist thinking.;
gustav_von_schmoller;Shrumu Mruuwun;x
gustav_von_schmoller_desc;Shrumu Mruuwun was another major member of the organistic school. Long a professor in the Studium of Prousorum, his works on value largely gradually descended into apologetics for the Poumnian regime.;x
adolph_wagner;Druut Sha-Mang;
adolph_wagner_desc;Druut Sha-Mang was a major theorist of war economy, and public financing. He studied historical methods of loan raising by governments, and became an early theoretician of trust.;
william_cunningham;Nokodopau Vokuma;x
william_cunningham_desc;Nokodopau Vokuma was a Vokonazhi aristocrat and planter, who became an early agronomist, as well as a reactionary advocate, describing a paternalistic and pastoralist 'folk economy'.;x
the_historical_theory;The Organical Critique;x
the_historical_theory_desc;The Organical Critique;x
neoclassical_theory;Institutional Economics;
neoclassical_theory_desc;Institutional Economics;
keynesian_economics;Gosodian Economics;
keynesian_economics_desc;Gosodian Economics;
john_maynard_keynes;Vufo Sha-Gosod Sha-Man;x
john_maynard_keynes_desc;Vufo Sha-Gosod Sha-Man was a highly influential economist, who may be said to be the 'economist of empire'. Suggesting that large, self suficient economic blogs can run up colossal debts to finance imperial wars, he justified the arms race of the late 14th century by appeal to high government debt spending as a drive of demand and economic growth.;x
richard_kahn;Guabjim Fauzhkt;x
richard_kahn_desc;Guabjim Fauzhkt was the first finance minister of the N‚gine absolutist government. He advocated for large scale printing of money to finance the various nagine war efforts.;x
ludwig_von_mises;Buro Tugot-So;x
ludwig_von_mises_desc;Buro Tugot-So was a major member of the Athisoroon parliament's 'tarrif party'. He advocated repeatedly raising tarrifs, and borrowing and spending extensively, in accordance with the Gosodian school.;x
friedrich_hayek;Masogu Foma-So;
friedrich_hayek_desc;Masogu Foma-So was one of the few dissenting voices in the heydey of Godosian economics. By clining to a liberationist economy, grounded in organically acting small producers, and echewing debt, he was a relict of the organicist school.;
jean_jaures;Fimpo Sha-Pomp;;;;;;;;;;;;;x
jean_jaures_desc;Fimpo Sha-Pomp was one of the few poumnian adopters of operationalism. He was a major student of production efficency and economy of scale.;;;;;;;;;;;;;x
johann_heinrich_von_thunen;Dhom‚mak Maptazh;;;;;;;;;;;;;x
johann_heinrich_von_thunen_desc;The instituional school was one of the most developed economic schools of the 14th century. It was centered around the person and work of Dhom‚mak Maptazh, who argued that instituions, customs, and states shape markets, as well as market behaviour. His rationalistic method allowed for a great degree of study of many topics within an institutionalist paradigm.;;;;;;;;;;;;;x
leon_walras;Mazupt Pazhkash;;;;;;;;;;;;;x
leon_walras_desc;Mazupt Pazhkash was a major student of marginality. He came to this in fact in terms of studying 'losses' incurred in taxation, by the tax payer, in his studies of the effects of taxation on market behaviour.;;;;;;;;;;;;;x
eugen_von_bohm_bawerk;Boddamag Gidazh;;;;;;;;;;;;;x
eugen_von_bohm_bawerk_desc;Boddamag Gidazh was an important student of social behaviour and consumption. His studies bled into sociology. He was a professor at the studium of Nozho.;;;;;;;;;;;;;x
stanley_jevons;Wroushou Tzamutzi;;;;;;;;;;;;;x
stanley_jevons_desc;Wroushou Tzamutzi was one of the first complete student of markets: how they come into being, the different sorts of markets (e.g. thin vs thick) and how markets take on definite characters related to trust and regulation.;;;;;;;;;;;;;x
carl_menger;Kib Mroud;;;;;;;;;;;;;x
carl_menger_desc;Kib Mroud was a Poumnian exponent of the instituional school. He drew on the work of the precursors of the instituional school, especially his countryman Voun Sha-Pomid.;;;;;;;;;;;;;x
thorstein_veblen;Zadak Optazh;;;;;;;;;;;;;x
thorstein_veblen_desc;Zadak Optazh was an instituionalist student of household economics. He studied the reasons everyday persons make economic choices.;;;;;;;;;;;;;x
alfred_marshall;Mahdmaut Maktazh;;;;;;;;;;;;;x
alfred_marshall_desc;Mahdmaut Maktazh was an instituionalist student of the role of technological development in economic growth: the role of research in accounting for gaps in traditional economic theory's explanation of the astounding growth that came with industrialisation.;;;;;;;;;;;;;x
augustin_cournot;Pruudum Sha-Trunguntwu;;;;;;;;;;;;;x
augustin_cournot_desc;Pruudum Sha-Trunguntwu was a theorist of economic epistemology: how the economic of information effects economic choices and behaviour.;;;;;;;;;;;;;x
jules_dupuit;Orumuu Vorid;;;;;;;;;;;;;x
jules_dupuit_desc;Orumuu Vorid was a theorist of land usage. Particularly, he connected theories of marginality to land usage, and suggested reasons for colonial expansions were a consequence of increasingly poor returns on occupying new land in a given land market.;;;;;;;;;;;;;x
knut_wicksell;Middanak Doshkva;;;;;;;;;;;;;x
knut_wicksell_desc;Middanak Doshkva was a theorist of the sociology of business enterprises and their role in shaping consumption patterns. He studied avaliability and substituion.;;;;;;;;;;;;;x
vilfredo_pareto;P‚azahpt Dazhpt;;;;;;;;;;;;;x
vilfredo_pareto_desc;P‚azahpt Dazhpt was a theorist of market cycles. He attempted to understand why crashes happened, and came to the conclusion that they were driven by excessive production.;;;;;;;;;;;;;x
irving_fischer;Nobamedes Zhakdi;;;;;;;;;;;;;x
irving_fischer_desc;Nobamedes Zhakdi was a theorist of market cycles. He attempted to understand why crashes happened, and came to the conclusion that they were driven by limits to the money supply.;;;;;;;;;;;;;x
joseph_schumpeter;Mraakunt Sha-Mong;;;;;;;;;;;;;x
joseph_schumpeter_desc;Mraakunt Sha-Mong was a theorist of historical technological growth. He suggested that thin markets were vulnerable to knowledge loss.;;;;;;;;;;;;;x
explosives_production_desc;The fourteenth century witnessed tremendous advances in the capacity for explosive distruction. An era that had started with little more advanced than simple black powder would, at the end of it, have seen the advent of both plastic explosives and nitroglycerin.;
ammunition_production_desc;The design and production of basic munitions saw much improvement over the course of the fourteenth century. Advances in weapons design -- from muzzle to breech loads to semi-automatics and machine guns -- naturally meant that the design and production of ammunition also had to follow suit.;
artillery_production_desc;The industrial revolution of the fourteenth century affected practically all areas of hominid endeavour, and the production of artillery was no exception. What had previously been a lengthy process of cast molding bronze cannons would -- in the hands of luminaries of the industry, such as the technicians of the Sha-Shoumid firm -- become an industrialized and exact sience.;
small_arms_production_desc;With the inventions of breech loaded rifles, mechanized rifle drilling, semi-automatics, and other technical improvements in weapons design, the industrial output of small arms was vastly increased during the fourteenth century.;
